file_path,dataset_source,modality,label,label_int,split,format
C:\Users\paruc\Downloads\archive (1)\LA\LA\ASVspoof2019_LA_dev\flac\LA_D_2773764.flac,archive_(1)_ASVspoof2019_LA,audio,bonafide,0,train,.flac
C:\Users\paruc\Downloads\archive (1)\LA\LA\ASVspoof2019_LA_dev\flac\LA_D_5790567.flac,archive_(1)_ASVspoof2019_LA,audio,bonafide,0,train,.flac
C:\Users\paruc\Downloads\archive (1)\LA\LA\ASVspoof2019_LA_dev\flac\LA_D_4174420.flac,archive_(1)_ASVspoof2019_LA,audio,bonafide,0,train,.flac
C:\Users\paruc\Downloads\archive (1)\LA\LA\ASVspoof2019_LA_dev\flac\LA_D_6873647.flac,archive_(1)_ASVspoof2019_LA,audio,spoof,1,train,.flac
C:\Users\paruc\Downloads\archive (1)\LA\LA\ASVspoof2019_LA_dev\flac\LA_D_3487934.flac,archive_(1)_ASVspoof2019_LA,audio,spoof,1,train,.flac
C:\Users\paruc\Downloads\archive (1)\LA\LA\ASVspoof2019_LA_dev\flac\LA_D_1964638.flac,archive_(1)_ASVspoof2019_LA,audio,bonafide,0,train,.flac
C:\Users\paruc\Downloads\archive (1)\LA\LA\ASVspoof2019_LA_dev\flac\LA_D_6630316.flac,archive_(1)_ASVspoof2019_LA,audio,bonafide,0,train,.flac
C:\Users\paruc\Downloads\archive (1)\LA\LA\ASVspoof2019_LA_dev\flac\LA_D_4813834.flac,archive_(1)_ASVspoof2019_LA,audio,spoof,1,train,.flac
C:\Users\paruc\Downloads\archive (1)\LA\LA\ASVspoof2019_LA_dev\flac\LA_D_6280709.flac,archive_(1)_ASVspoof2019_LA,audio,bonafide,0,train,.flac
C:\Users\paruc\Downloads\archive (1)\LA\LA\ASVspoof2019_LA_dev\flac\LA_D_9240035.flac,archive_(1)_ASVspoof2019_LA,audio,bonafide,0,train,.flac
C:\Users\paruc\Downloads\archive (1)\LA\LA\ASVspoof2019_LA_dev\flac\LA_D_6262648.flac,archive_(1)_ASVspoof2019_LA,audio,spoof,1,train,.flac
C:\Users\paruc\Downloads\archive (1)\LA\LA\ASVspoof2019_LA_dev\flac\LA_D_3245414.flac,archive_(1)_ASVspoof2019_LA,audio,bonafide,0,train,.flac
C:\Users\paruc\Downloads\archive (1)\LA\LA\ASVspoof2019_LA_dev\flac\LA_D_6973797.flac,archive_(1)_ASVspoof2019_LA,audio,spoof,1,train,.flac
C:\Users\paruc\Downloads\archive (1)\LA\LA\ASVspoof2019_LA_dev\flac\LA_D_3354668.flac,archive_(1)_ASVspoof2019_LA,audio,bonafide,0,train,.flac
C:\Users\paruc\Downloads\archive (1)\LA\LA\ASVspoof2019_LA_dev\flac\LA_D_3513335.flac,archive_(1)_ASVspoof2019_LA,audio,bonafide,0,train,.flac
C:\Users\paruc\Downloads\archive (1)\LA\LA\ASVspoof2019_LA_dev\flac\LA_D_5748042.flac,archive_(1)_ASVspoof2019_LA,audio,spoof,1,train,.flac
C:\Users\paruc\Downloads\archive (1)\LA\LA\ASVspoof2019_LA_dev\flac\LA_D_6938612.flac,archive_(1)_ASVspoof2019_LA,audio,spoof,1,train,.flac
C:\Users\paruc\Downloads\archive (1)\LA\LA\ASVspoof2019_LA_dev\flac\LA_D_8796692.flac,archive_(1)_ASVspoof2019_LA,audio,spoof,1,train,.flac
C:\Users\paruc\Downloads\archive (1)\LA\LA\ASVspoof2019_LA_dev\flac\LA_D_8854421.flac,archive_(1)_ASVspoof2019_LA,audio,spoof,1,train,.flac
C:\Users\paruc\Downloads\archive (1)\LA\LA\ASVspoof2019_LA_dev\flac\LA_D_6610055.flac,archive_(1)_ASVspoof2019_LA,audio,bonafide,0,train,.flac
C:\Users\paruc\Downloads\archive (1)\LA\LA\ASVspoof2019_LA_dev\flac\LA_D_8156106.flac,archive_(1)_ASVspoof2019_LA,audio,spoof,1,train,.flac
C:\Users\paruc\Downloads\archive (1)\LA\LA\ASVspoof2019_LA_dev\flac\LA_D_8018998.flac,archive_(1)_ASVspoof2019_LA,audio,spoof,1,train,.flac
C:\Users\paruc\Downloads\archive (1)\LA\LA\ASVspoof2019_LA_dev\flac\LA_D_8059879.flac,archive_(1)_ASVspoof2019_LA,audio,bonafide,0,train,.flac
C:\Users\paruc\Downloads\archive (1)\LA\LA\ASVspoof2019_LA_dev\flac\LA_D_8836257.flac,archive_(1)_ASVspoof2019_LA,audio,bonafide,0,train,.flac
C:\Users\paruc\Downloads\archive (1)\LA\LA\ASVspoof2019_LA_dev\flac\LA_D_4320036.flac,archive_(1)_ASVspoof2019_LA,audio,bonafide,0,train,.flac
C:\Users\paruc\Downloads\archive (1)\LA\LA\ASVspoof2019_LA_dev\flac\LA_D_4766369.flac,archive_(1)_ASVspoof2019_LA,audio,spoof,1,train,.flac
C:\Users\paruc\Downloads\archive (1)\LA\LA\ASVspoof2019_LA_dev\flac\LA_D_5763453.flac,archive_(1)_ASVspoof2019_LA,audio,bonafide,0,train,.flac
C:\Users\paruc\Downloads\archive (1)\LA\LA\ASVspoof2019_LA_dev\flac\LA_D_8745130.flac,archive_(1)_ASVspoof2019_LA,audio,bonafide,0,train,.flac
C:\Users\paruc\Downloads\archive (1)\LA\LA\ASVspoof2019_LA_dev\flac\LA_D_2237304.flac,archive_(1)_ASVspoof2019_LA,audio,bonafide,0,train,.flac
C:\Users\paruc\Downloads\archive (1)\LA\LA\ASVspoof2019_LA_dev\flac\LA_D_2418862.flac,archive_(1)_ASVspoof2019_LA,audio,spoof,1,train,.flac
C:\Users\paruc\Downloads\archive (1)\LA\LA\ASVspoof2019_LA_dev\flac\LA_D_7164376.flac,archive_(1)_ASVspoof2019_LA,audio,bonafide,0,train,.flac
C:\Users\paruc\Downloads\archive (1)\LA\LA\ASVspoof2019_LA_dev\flac\LA_D_6205147.flac,archive_(1)_ASVspoof2019_LA,audio,spoof,1,train,.flac
C:\Users\paruc\Downloads\archive (1)\LA\LA\ASVspoof2019_LA_dev\flac\LA_D_7091196.flac,archive_(1)_ASVspoof2019_LA,audio,spoof,1,train,.flac
C:\Users\paruc\Downloads\archive (1)\LA\LA\ASVspoof2019_LA_dev\flac\LA_D_2032800.flac,archive_(1)_ASVspoof2019_LA,audio,spoof,1,train,.flac
C:\Users\paruc\Downloads\archive (1)\LA\LA\ASVspoof2019_LA_dev\flac\LA_D_8329201.flac,archive_(1)_ASVspoof2019_LA,audio,bonafide,0,train,.flac
C:\Users\paruc\Downloads\archive (1)\LA\LA\ASVspoof2019_LA_dev\flac\LA_D_4356541.flac,archive_(1)_ASVspoof2019_LA,audio,bonafide,0,train,.flac
C:\Users\paruc\Downloads\archive (1)\LA\LA\ASVspoof2019_LA_dev\flac\LA_D_2855417.flac,archive_(1)_ASVspoof2019_LA,audio,bonafide,0,train,.flac
C:\Users\paruc\Downloads\archive (1)\LA\LA\ASVspoof2019_LA_dev\flac\LA_D_8754795.flac,archive_(1)_ASVspoof2019_LA,audio,spoof,1,train,.flac
C:\Users\paruc\Downloads\archive (1)\LA\LA\ASVspoof2019_LA_dev\flac\LA_D_9099044.flac,archive_(1)_ASVspoof2019_LA,audio,spoof,1,train,.flac
C:\Users\paruc\Downloads\archive (1)\LA\LA\ASVspoof2019_LA_dev\flac\LA_D_2227760.flac,archive_(1)_ASVspoof2019_LA,audio,bonafide,0,train,.flac
C:\Users\paruc\Downloads\archive (1)\LA\LA\ASVspoof2019_LA_dev\flac\LA_D_8163259.flac,archive_(1)_ASVspoof2019_LA,audio,bonafide,0,train,.flac
C:\Users\paruc\Downloads\archive (1)\LA\LA\ASVspoof2019_LA_dev\flac\LA_D_9184655.flac,archive_(1)_ASVspoof2019_LA,audio,bonafide,0,train,.flac
C:\Users\paruc\Downloads\archive (1)\LA\LA\ASVspoof2019_LA_dev\flac\LA_D_8348470.flac,archive_(1)_ASVspoof2019_LA,audio,spoof,1,train,.flac
C:\Users\paruc\Downloads\archive (1)\LA\LA\ASVspoof2019_LA_dev\flac\LA_D_7011716.flac,archive_(1)_ASVspoof2019_LA,audio,spoof,1,train,.flac
C:\Users\paruc\Downloads\archive (1)\LA\LA\ASVspoof2019_LA_dev\flac\LA_D_1789452.flac,archive_(1)_ASVspoof2019_LA,audio,bonafide,0,train,.flac
C:\Users\paruc\Downloads\archive (1)\LA\LA\ASVspoof2019_LA_dev\flac\LA_D_8982290.flac,archive_(1)_ASVspoof2019_LA,audio,bonafide,0,train,.flac
C:\Users\paruc\Downloads\archive (1)\LA\LA\ASVspoof2019_LA_dev\flac\LA_D_6672477.flac,archive_(1)_ASVspoof2019_LA,audio,bonafide,0,train,.flac
C:\Users\paruc\Downloads\archive (1)\LA\LA\ASVspoof2019_LA_dev\flac\LA_D_2288205.flac,archive_(1)_ASVspoof2019_LA,audio,spoof,1,train,.flac
C:\Users\paruc\Downloads\archive (1)\LA\LA\ASVspoof2019_LA_dev\flac\LA_D_4554231.flac,archive_(1)_ASVspoof2019_LA,audio,spoof,1,train,.flac
C:\Users\paruc\Downloads\archive (1)\LA\LA\ASVspoof2019_LA_dev\flac\LA_D_6206483.flac,archive_(1)_ASVspoof2019_LA,audio,spoof,1,train,.flac
C:\Users\paruc\Downloads\archive (1)\LA\LA\ASVspoof2019_LA_dev\flac\LA_D_6617994.flac,archive_(1)_ASVspoof2019_LA,audio,bonafide,0,train,.flac
C:\Users\paruc\Downloads\archive (1)\LA\LA\ASVspoof2019_LA_dev\flac\LA_D_6691656.flac,archive_(1)_ASVspoof2019_LA,audio,spoof,1,train,.flac
C:\Users\paruc\Downloads\archive (1)\LA\LA\ASVspoof2019_LA_dev\flac\LA_D_4719420.flac,archive_(1)_ASVspoof2019_LA,audio,spoof,1,train,.flac
C:\Users\paruc\Downloads\archive (1)\LA\LA\ASVspoof2019_LA_dev\flac\LA_D_7819097.flac,archive_(1)_ASVspoof2019_LA,audio,spoof,1,train,.flac
C:\Users\paruc\Downloads\archive (1)\LA\LA\ASVspoof2019_LA_dev\flac\LA_D_4021951.flac,archive_(1)_ASVspoof2019_LA,audio,spoof,1,train,.flac
C:\Users\paruc\Downloads\archive (1)\LA\LA\ASVspoof2019_LA_dev\flac\LA_D_9654133.flac,archive_(1)_ASVspoof2019_LA,audio,spoof,1,train,.flac
C:\Users\paruc\Downloads\archive (1)\LA\LA\ASVspoof2019_LA_dev\flac\LA_D_3401409.flac,archive_(1)_ASVspoof2019_LA,audio,bonafide,0,train,.flac
C:\Users\paruc\Downloads\archive (1)\LA\LA\ASVspoof2019_LA_dev\flac\LA_D_3887452.flac,archive_(1)_ASVspoof2019_LA,audio,bonafide,0,train,.flac
C:\Users\paruc\Downloads\archive (1)\LA\LA\ASVspoof2019_LA_dev\flac\LA_D_3562432.flac,archive_(1)_ASVspoof2019_LA,audio,bonafide,0,train,.flac
C:\Users\paruc\Downloads\archive (1)\LA\LA\ASVspoof2019_LA_dev\flac\LA_D_8174725.flac,archive_(1)_ASVspoof2019_LA,audio,bonafide,0,train,.flac
C:\Users\paruc\Downloads\archive (1)\LA\LA\ASVspoof2019_LA_dev\flac\LA_D_9924906.flac,archive_(1)_ASVspoof2019_LA,audio,bonafide,0,train,.flac
C:\Users\paruc\Downloads\archive (1)\LA\LA\ASVspoof2019_LA_dev\flac\LA_D_7281896.flac,archive_(1)_ASVspoof2019_LA,audio,spoof,1,train,.flac
C:\Users\paruc\Downloads\archive (1)\LA\LA\ASVspoof2019_LA_dev\flac\LA_D_1212385.flac,archive_(1)_ASVspoof2019_LA,audio,spoof,1,train,.flac
C:\Users\paruc\Downloads\archive (1)\LA\LA\ASVspoof2019_LA_dev\flac\LA_D_5641697.flac,archive_(1)_ASVspoof2019_LA,audio,spoof,1,train,.flac
C:\Users\paruc\Downloads\archive (1)\LA\LA\ASVspoof2019_LA_dev\flac\LA_D_1490681.flac,archive_(1)_ASVspoof2019_LA,audio,bonafide,0,train,.flac
C:\Users\paruc\Downloads\archive (1)\LA\LA\ASVspoof2019_LA_dev\flac\LA_D_3013009.flac,archive_(1)_ASVspoof2019_LA,audio,spoof,1,train,.flac
C:\Users\paruc\Downloads\archive (1)\LA\LA\ASVspoof2019_LA_dev\flac\LA_D_2559493.flac,archive_(1)_ASVspoof2019_LA,audio,spoof,1,train,.flac
C:\Users\paruc\Downloads\archive (1)\LA\LA\ASVspoof2019_LA_dev\flac\LA_D_8580443.flac,archive_(1)_ASVspoof2019_LA,audio,spoof,1,train,.flac
C:\Users\paruc\Downloads\archive (1)\LA\LA\ASVspoof2019_LA_dev\flac\LA_D_4421919.flac,archive_(1)_ASVspoof2019_LA,audio,spoof,1,train,.flac
C:\Users\paruc\Downloads\archive (1)\LA\LA\ASVspoof2019_LA_dev\flac\LA_D_2287585.flac,archive_(1)_ASVspoof2019_LA,audio,bonafide,0,train,.flac
C:\Users\paruc\Downloads\archive (1)\LA\LA\ASVspoof2019_LA_dev\flac\LA_D_6059653.flac,archive_(1)_ASVspoof2019_LA,audio,bonafide,0,train,.flac
C:\Users\paruc\Downloads\archive (1)\LA\LA\ASVspoof2019_LA_dev\flac\LA_D_2556697.flac,archive_(1)_ASVspoof2019_LA,audio,bonafide,0,train,.flac
C:\Users\paruc\Downloads\archive (1)\LA\LA\ASVspoof2019_LA_dev\flac\LA_D_4637943.flac,archive_(1)_ASVspoof2019_LA,audio,spoof,1,train,.flac
C:\Users\paruc\Downloads\archive (1)\LA\LA\ASVspoof2019_LA_dev\flac\LA_D_5804847.flac,archive_(1)_ASVspoof2019_LA,audio,spoof,1,train,.flac
C:\Users\paruc\Downloads\archive (1)\LA\LA\ASVspoof2019_LA_dev\flac\LA_D_2519862.flac,archive_(1)_ASVspoof2019_LA,audio,bonafide,0,train,.flac
C:\Users\paruc\Downloads\archive (1)\LA\LA\ASVspoof2019_LA_dev\flac\LA_D_5995130.flac,archive_(1)_ASVspoof2019_LA,audio,spoof,1,train,.flac
C:\Users\paruc\Downloads\archive (1)\LA\LA\ASVspoof2019_LA_dev\flac\LA_D_5414610.flac,archive_(1)_ASVspoof2019_LA,audio,spoof,1,train,.flac
C:\Users\paruc\Downloads\archive (1)\LA\LA\ASVspoof2019_LA_dev\flac\LA_D_9874897.flac,archive_(1)_ASVspoof2019_LA,audio,bonafide,0,train,.flac
C:\Users\paruc\Downloads\archive (1)\LA\LA\ASVspoof2019_LA_dev\flac\LA_D_3504200.flac,archive_(1)_ASVspoof2019_LA,audio,spoof,1,train,.flac
C:\Users\paruc\Downloads\archive (1)\LA\LA\ASVspoof2019_LA_dev\flac\LA_D_7426346.flac,archive_(1)_ASVspoof2019_LA,audio,bonafide,0,train,.flac
C:\Users\paruc\Downloads\archive (1)\LA\LA\ASVspoof2019_LA_dev\flac\LA_D_7561369.flac,archive_(1)_ASVspoof2019_LA,audio,bonafide,0,train,.flac
C:\Users\paruc\Downloads\archive (1)\LA\LA\ASVspoof2019_LA_dev\flac\LA_D_6932984.flac,archive_(1)_ASVspoof2019_LA,audio,spoof,1,train,.flac
C:\Users\paruc\Downloads\archive (1)\LA\LA\ASVspoof2019_LA_dev\flac\LA_D_3149828.flac,archive_(1)_ASVspoof2019_LA,audio,bonafide,0,train,.flac
C:\Users\paruc\Downloads\archive (1)\LA\LA\ASVspoof2019_LA_dev\flac\LA_D_9240146.flac,archive_(1)_ASVspoof2019_LA,audio,spoof,1,train,.flac
C:\Users\paruc\Downloads\archive (1)\LA\LA\ASVspoof2019_LA_dev\flac\LA_D_9549616.flac,archive_(1)_ASVspoof2019_LA,audio,spoof,1,train,.flac
C:\Users\paruc\Downloads\archive (1)\LA\LA\ASVspoof2019_LA_dev\flac\LA_D_8715858.flac,archive_(1)_ASVspoof2019_LA,audio,bonafide,0,train,.flac
C:\Users\paruc\Downloads\archive (1)\LA\LA\ASVspoof2019_LA_dev\flac\LA_D_2944634.flac,archive_(1)_ASVspoof2019_LA,audio,bonafide,0,train,.flac
C:\Users\paruc\Downloads\archive (1)\LA\LA\ASVspoof2019_LA_dev\flac\LA_D_4665366.flac,archive_(1)_ASVspoof2019_LA,audio,spoof,1,train,.flac
C:\Users\paruc\Downloads\archive (1)\LA\LA\ASVspoof2019_LA_dev\flac\LA_D_6963411.flac,archive_(1)_ASVspoof2019_LA,audio,bonafide,0,train,.flac
C:\Users\paruc\Downloads\archive (1)\LA\LA\ASVspoof2019_LA_dev\flac\LA_D_8753814.flac,archive_(1)_ASVspoof2019_LA,audio,spoof,1,train,.flac
C:\Users\paruc\Downloads\archive (1)\LA\LA\ASVspoof2019_LA_dev\flac\LA_D_4582979.flac,archive_(1)_ASVspoof2019_LA,audio,spoof,1,train,.flac
C:\Users\paruc\Downloads\archive (1)\LA\LA\ASVspoof2019_LA_dev\flac\LA_D_6735956.flac,archive_(1)_ASVspoof2019_LA,audio,spoof,1,train,.flac
C:\Users\paruc\Downloads\archive (1)\LA\LA\ASVspoof2019_LA_dev\flac\LA_D_2839913.flac,archive_(1)_ASVspoof2019_LA,audio,bonafide,0,train,.flac
C:\Users\paruc\Downloads\archive (1)\LA\LA\ASVspoof2019_LA_dev\flac\LA_D_3211435.flac,archive_(1)_ASVspoof2019_LA,audio,bonafide,0,train,.flac
C:\Users\paruc\Downloads\archive (1)\LA\LA\ASVspoof2019_LA_dev\flac\LA_D_1585777.flac,archive_(1)_ASVspoof2019_LA,audio,spoof,1,train,.flac
C:\Users\paruc\Downloads\archive (1)\LA\LA\ASVspoof2019_LA_dev\flac\LA_D_9663298.flac,archive_(1)_ASVspoof2019_LA,audio,spoof,1,train,.flac
C:\Users\paruc\Downloads\archive (1)\LA\LA\ASVspoof2019_LA_dev\flac\LA_D_9722118.flac,archive_(1)_ASVspoof2019_LA,audio,spoof,1,train,.flac
C:\Users\paruc\Downloads\archive (1)\LA\LA\ASVspoof2019_LA_dev\flac\LA_D_9589951.flac,archive_(1)_ASVspoof2019_LA,audio,spoof,1,train,.flac
C:\Users\paruc\Downloads\archive (1)\LA\LA\ASVspoof2019_LA_dev\flac\LA_D_8516589.flac,archive_(1)_ASVspoof2019_LA,audio,bonafide,0,train,.flac
C:\Users\paruc\Downloads\archive (1)\LA\LA\ASVspoof2019_LA_dev\flac\LA_D_8187236.flac,archive_(1)_ASVspoof2019_LA,audio,spoof,1,train,.flac
C:\Users\paruc\Downloads\archive (1)\LA\LA\ASVspoof2019_LA_dev\flac\LA_D_1107267.flac,archive_(1)_ASVspoof2019_LA,audio,bonafide,0,train,.flac
C:\Users\paruc\Downloads\archive (1)\LA\LA\ASVspoof2019_LA_dev\flac\LA_D_1932089.flac,archive_(1)_ASVspoof2019_LA,audio,spoof,1,train,.flac
C:\Users\paruc\Downloads\archive (1)\LA\LA\ASVspoof2019_LA_dev\flac\LA_D_3835319.flac,archive_(1)_ASVspoof2019_LA,audio,spoof,1,train,.flac
C:\Users\paruc\Downloads\archive (1)\LA\LA\ASVspoof2019_LA_dev\flac\LA_D_3706159.flac,archive_(1)_ASVspoof2019_LA,audio,spoof,1,train,.flac
C:\Users\paruc\Downloads\archive (1)\LA\LA\ASVspoof2019_LA_dev\flac\LA_D_9979957.flac,archive_(1)_ASVspoof2019_LA,audio,bonafide,0,train,.flac
C:\Users\paruc\Downloads\archive (1)\LA\LA\ASVspoof2019_LA_dev\flac\LA_D_8760685.flac,archive_(1)_ASVspoof2019_LA,audio,bonafide,0,train,.flac
C:\Users\paruc\Downloads\archive (1)\LA\LA\ASVspoof2019_LA_dev\flac\LA_D_2582795.flac,archive_(1)_ASVspoof2019_LA,audio,spoof,1,train,.flac
C:\Users\paruc\Downloads\archive (1)\LA\LA\ASVspoof2019_LA_dev\flac\LA_D_3306187.flac,archive_(1)_ASVspoof2019_LA,audio,bonafide,0,train,.flac
C:\Users\paruc\Downloads\archive (1)\LA\LA\ASVspoof2019_LA_dev\flac\LA_D_6549159.flac,archive_(1)_ASVspoof2019_LA,audio,bonafide,0,train,.flac
C:\Users\paruc\Downloads\archive (1)\LA\LA\ASVspoof2019_LA_dev\flac\LA_D_7031168.flac,archive_(1)_ASVspoof2019_LA,audio,spoof,1,train,.flac
C:\Users\paruc\Downloads\archive (1)\LA\LA\ASVspoof2019_LA_dev\flac\LA_D_3131236.flac,archive_(1)_ASVspoof2019_LA,audio,bonafide,0,train,.flac
C:\Users\paruc\Downloads\archive (1)\LA\LA\ASVspoof2019_LA_dev\flac\LA_D_4895511.flac,archive_(1)_ASVspoof2019_LA,audio,spoof,1,train,.flac
C:\Users\paruc\Downloads\archive (1)\LA\LA\ASVspoof2019_LA_dev\flac\LA_D_7612335.flac,archive_(1)_ASVspoof2019_LA,audio,spoof,1,train,.flac
C:\Users\paruc\Downloads\archive (1)\LA\LA\ASVspoof2019_LA_dev\flac\LA_D_8151925.flac,archive_(1)_ASVspoof2019_LA,audio,spoof,1,train,.flac
C:\Users\paruc\Downloads\archive (1)\LA\LA\ASVspoof2019_LA_dev\flac\LA_D_6967013.flac,archive_(1)_ASVspoof2019_LA,audio,spoof,1,train,.flac
C:\Users\paruc\Downloads\archive (1)\LA\LA\ASVspoof2019_LA_dev\flac\LA_D_6433438.flac,archive_(1)_ASVspoof2019_LA,audio,bonafide,0,train,.flac
C:\Users\paruc\Downloads\archive (1)\LA\LA\ASVspoof2019_LA_dev\flac\LA_D_1773726.flac,archive_(1)_ASVspoof2019_LA,audio,bonafide,0,train,.flac
C:\Users\paruc\Downloads\archive (1)\LA\LA\ASVspoof2019_LA_dev\flac\LA_D_3668484.flac,archive_(1)_ASVspoof2019_LA,audio,bonafide,0,train,.flac
C:\Users\paruc\Downloads\archive (1)\LA\LA\ASVspoof2019_LA_dev\flac\LA_D_8978448.flac,archive_(1)_ASVspoof2019_LA,audio,bonafide,0,train,.flac
C:\Users\paruc\Downloads\archive (1)\LA\LA\ASVspoof2019_LA_dev\flac\LA_D_6446182.flac,archive_(1)_ASVspoof2019_LA,audio,bonafide,0,train,.flac
C:\Users\paruc\Downloads\archive (1)\LA\LA\ASVspoof2019_LA_dev\flac\LA_D_3253942.flac,archive_(1)_ASVspoof2019_LA,audio,bonafide,0,train,.flac
C:\Users\paruc\Downloads\archive (1)\LA\LA\ASVspoof2019_LA_dev\flac\LA_D_4016544.flac,archive_(1)_ASVspoof2019_LA,audio,spoof,1,train,.flac
C:\Users\paruc\Downloads\archive (1)\LA\LA\ASVspoof2019_LA_dev\flac\LA_D_1281285.flac,archive_(1)_ASVspoof2019_LA,audio,spoof,1,train,.flac
C:\Users\paruc\Downloads\archive (1)\LA\LA\ASVspoof2019_LA_dev\flac\LA_D_7153183.flac,archive_(1)_ASVspoof2019_LA,audio,bonafide,0,train,.flac
C:\Users\paruc\Downloads\archive (1)\LA\LA\ASVspoof2019_LA_dev\flac\LA_D_6446759.flac,archive_(1)_ASVspoof2019_LA,audio,bonafide,0,train,.flac
C:\Users\paruc\Downloads\archive (1)\LA\LA\ASVspoof2019_LA_dev\flac\LA_D_9331428.flac,archive_(1)_ASVspoof2019_LA,audio,spoof,1,train,.flac
C:\Users\paruc\Downloads\archive (1)\LA\LA\ASVspoof2019_LA_dev\flac\LA_D_8671896.flac,archive_(1)_ASVspoof2019_LA,audio,bonafide,0,train,.flac
C:\Users\paruc\Downloads\archive (1)\LA\LA\ASVspoof2019_LA_dev\flac\LA_D_8261899.flac,archive_(1)_ASVspoof2019_LA,audio,spoof,1,train,.flac
C:\Users\paruc\Downloads\archive (1)\LA\LA\ASVspoof2019_LA_dev\flac\LA_D_7702759.flac,archive_(1)_ASVspoof2019_LA,audio,spoof,1,train,.flac
C:\Users\paruc\Downloads\archive (1)\LA\LA\ASVspoof2019_LA_dev\flac\LA_D_9457819.flac,archive_(1)_ASVspoof2019_LA,audio,spoof,1,train,.flac
C:\Users\paruc\Downloads\archive (1)\LA\LA\ASVspoof2019_LA_dev\flac\LA_D_2252345.flac,archive_(1)_ASVspoof2019_LA,audio,spoof,1,train,.flac
C:\Users\paruc\Downloads\archive (1)\LA\LA\ASVspoof2019_LA_dev\flac\LA_D_2844735.flac,archive_(1)_ASVspoof2019_LA,audio,bonafide,0,train,.flac
C:\Users\paruc\Downloads\archive (1)\LA\LA\ASVspoof2019_LA_dev\flac\LA_D_5833858.flac,archive_(1)_ASVspoof2019_LA,audio,bonafide,0,train,.flac
C:\Users\paruc\Downloads\archive (1)\LA\LA\ASVspoof2019_LA_dev\flac\LA_D_7130987.flac,archive_(1)_ASVspoof2019_LA,audio,bonafide,0,train,.flac
C:\Users\paruc\Downloads\archive (1)\LA\LA\ASVspoof2019_LA_dev\flac\LA_D_3790692.flac,archive_(1)_ASVspoof2019_LA,audio,bonafide,0,train,.flac
C:\Users\paruc\Downloads\archive (1)\LA\LA\ASVspoof2019_LA_dev\flac\LA_D_3334894.flac,archive_(1)_ASVspoof2019_LA,audio,spoof,1,train,.flac
C:\Users\paruc\Downloads\archive (1)\LA\LA\ASVspoof2019_LA_dev\flac\LA_D_5584946.flac,archive_(1)_ASVspoof2019_LA,audio,spoof,1,train,.flac
C:\Users\paruc\Downloads\archive (1)\LA\LA\ASVspoof2019_LA_dev\flac\LA_D_9457668.flac,archive_(1)_ASVspoof2019_LA,audio,spoof,1,train,.flac
C:\Users\paruc\Downloads\archive (1)\LA\LA\ASVspoof2019_LA_dev\flac\LA_D_1008834.flac,archive_(1)_ASVspoof2019_LA,audio,spoof,1,train,.flac
C:\Users\paruc\Downloads\archive (1)\LA\LA\ASVspoof2019_LA_dev\flac\LA_D_4386823.flac,archive_(1)_ASVspoof2019_LA,audio,bonafide,0,train,.flac
C:\Users\paruc\Downloads\archive (1)\LA\LA\ASVspoof2019_LA_dev\flac\LA_D_2494449.flac,archive_(1)_ASVspoof2019_LA,audio,spoof,1,train,.flac
C:\Users\paruc\Downloads\archive (1)\LA\LA\ASVspoof2019_LA_dev\flac\LA_D_1734049.flac,archive_(1)_ASVspoof2019_LA,audio,spoof,1,train,.flac
C:\Users\paruc\Downloads\archive (1)\LA\LA\ASVspoof2019_LA_dev\flac\LA_D_5434948.flac,archive_(1)_ASVspoof2019_LA,audio,spoof,1,train,.flac
C:\Users\paruc\Downloads\archive (1)\LA\LA\ASVspoof2019_LA_dev\flac\LA_D_6458898.flac,archive_(1)_ASVspoof2019_LA,audio,bonafide,0,train,.flac
C:\Users\paruc\Downloads\archive (1)\LA\LA\ASVspoof2019_LA_dev\flac\LA_D_5324608.flac,archive_(1)_ASVspoof2019_LA,audio,bonafide,0,train,.flac
C:\Users\paruc\Downloads\archive (1)\LA\LA\ASVspoof2019_LA_dev\flac\LA_D_3531356.flac,archive_(1)_ASVspoof2019_LA,audio,spoof,1,train,.flac
C:\Users\paruc\Downloads\archive (1)\LA\LA\ASVspoof2019_LA_dev\flac\LA_D_7989694.flac,archive_(1)_ASVspoof2019_LA,audio,bonafide,0,train,.flac
C:\Users\paruc\Downloads\archive (1)\LA\LA\ASVspoof2019_LA_dev\flac\LA_D_2566965.flac,archive_(1)_ASVspoof2019_LA,audio,spoof,1,train,.flac
C:\Users\paruc\Downloads\archive (1)\LA\LA\ASVspoof2019_LA_dev\flac\LA_D_9939904.flac,archive_(1)_ASVspoof2019_LA,audio,spoof,1,train,.flac
C:\Users\paruc\Downloads\archive (1)\LA\LA\ASVspoof2019_LA_dev\flac\LA_D_2874608.flac,archive_(1)_ASVspoof2019_LA,audio,spoof,1,train,.flac
C:\Users\paruc\Downloads\archive (1)\LA\LA\ASVspoof2019_LA_dev\flac\LA_D_6499924.flac,archive_(1)_ASVspoof2019_LA,audio,spoof,1,train,.flac
C:\Users\paruc\Downloads\archive (1)\LA\LA\ASVspoof2019_LA_dev\flac\LA_D_8160527.flac,archive_(1)_ASVspoof2019_LA,audio,spoof,1,train,.flac
C:\Users\paruc\Downloads\archive (1)\LA\LA\ASVspoof2019_LA_dev\flac\LA_D_3268836.flac,archive_(1)_ASVspoof2019_LA,audio,bonafide,0,train,.flac
C:\Users\paruc\Downloads\archive (1)\LA\LA\ASVspoof2019_LA_dev\flac\LA_D_7360454.flac,archive_(1)_ASVspoof2019_LA,audio,bonafide,0,train,.flac
C:\Users\paruc\Downloads\archive (1)\LA\LA\ASVspoof2019_LA_dev\flac\LA_D_8806017.flac,archive_(1)_ASVspoof2019_LA,audio,bonafide,0,train,.flac
C:\Users\paruc\Downloads\archive (1)\LA\LA\ASVspoof2019_LA_dev\flac\LA_D_9146484.flac,archive_(1)_ASVspoof2019_LA,audio,bonafide,0,train,.flac
C:\Users\paruc\Downloads\archive (1)\LA\LA\ASVspoof2019_LA_dev\flac\LA_D_5463411.flac,archive_(1)_ASVspoof2019_LA,audio,bonafide,0,train,.flac
C:\Users\paruc\Downloads\archive (1)\LA\LA\ASVspoof2019_LA_dev\flac\LA_D_4981154.flac,archive_(1)_ASVspoof2019_LA,audio,bonafide,0,train,.flac
C:\Users\paruc\Downloads\archive (1)\LA\LA\ASVspoof2019_LA_dev\flac\LA_D_4080403.flac,archive_(1)_ASVspoof2019_LA,audio,bonafide,0,train,.flac
C:\Users\paruc\Downloads\archive (1)\LA\LA\ASVspoof2019_LA_dev\flac\LA_D_5517898.flac,archive_(1)_ASVspoof2019_LA,audio,spoof,1,train,.flac
C:\Users\paruc\Downloads\archive (1)\LA\LA\ASVspoof2019_LA_dev\flac\LA_D_6648802.flac,archive_(1)_ASVspoof2019_LA,audio,bonafide,0,train,.flac
C:\Users\paruc\Downloads\archive (1)\LA\LA\ASVspoof2019_LA_dev\flac\LA_D_2693786.flac,archive_(1)_ASVspoof2019_LA,audio,spoof,1,train,.flac
C:\Users\paruc\Downloads\archive (1)\LA\LA\ASVspoof2019_LA_dev\flac\LA_D_8213223.flac,archive_(1)_ASVspoof2019_LA,audio,bonafide,0,train,.flac
C:\Users\paruc\Downloads\archive (1)\LA\LA\ASVspoof2019_LA_dev\flac\LA_D_8861489.flac,archive_(1)_ASVspoof2019_LA,audio,bonafide,0,train,.flac
C:\Users\paruc\Downloads\archive (1)\LA\LA\ASVspoof2019_LA_dev\flac\LA_D_2849155.flac,archive_(1)_ASVspoof2019_LA,audio,spoof,1,train,.flac
C:\Users\paruc\Downloads\archive (1)\LA\LA\ASVspoof2019_LA_dev\flac\LA_D_7058100.flac,archive_(1)_ASVspoof2019_LA,audio,bonafide,0,train,.flac
C:\Users\paruc\Downloads\archive (1)\LA\LA\ASVspoof2019_LA_dev\flac\LA_D_9997701.flac,archive_(1)_ASVspoof2019_LA,audio,bonafide,0,train,.flac
C:\Users\paruc\Downloads\archive (1)\LA\LA\ASVspoof2019_LA_dev\flac\LA_D_7792788.flac,archive_(1)_ASVspoof2019_LA,audio,spoof,1,train,.flac
C:\Users\paruc\Downloads\archive (1)\LA\LA\ASVspoof2019_LA_dev\flac\LA_D_4096967.flac,archive_(1)_ASVspoof2019_LA,audio,spoof,1,train,.flac
C:\Users\paruc\Downloads\archive (1)\LA\LA\ASVspoof2019_LA_dev\flac\LA_D_1560273.flac,archive_(1)_ASVspoof2019_LA,audio,bonafide,0,train,.flac
C:\Users\paruc\Downloads\archive (1)\LA\LA\ASVspoof2019_LA_dev\flac\LA_D_3197929.flac,archive_(1)_ASVspoof2019_LA,audio,spoof,1,train,.flac
C:\Users\paruc\Downloads\archive (1)\LA\LA\ASVspoof2019_LA_dev\flac\LA_D_7314322.flac,archive_(1)_ASVspoof2019_LA,audio,bonafide,0,train,.flac
C:\Users\paruc\Downloads\archive (1)\LA\LA\ASVspoof2019_LA_dev\flac\LA_D_5348059.flac,archive_(1)_ASVspoof2019_LA,audio,bonafide,0,train,.flac
C:\Users\paruc\Downloads\archive (1)\LA\LA\ASVspoof2019_LA_dev\flac\LA_D_2401901.flac,archive_(1)_ASVspoof2019_LA,audio,spoof,1,train,.flac
C:\Users\paruc\Downloads\archive (1)\LA\LA\ASVspoof2019_LA_dev\flac\LA_D_3794898.flac,archive_(1)_ASVspoof2019_LA,audio,spoof,1,train,.flac
C:\Users\paruc\Downloads\archive (1)\LA\LA\ASVspoof2019_LA_dev\flac\LA_D_5308008.flac,archive_(1)_ASVspoof2019_LA,audio,spoof,1,train,.flac
C:\Users\paruc\Downloads\archive (1)\LA\LA\ASVspoof2019_LA_dev\flac\LA_D_7433591.flac,archive_(1)_ASVspoof2019_LA,audio,bonafide,0,train,.flac
C:\Users\paruc\Downloads\archive (1)\LA\LA\ASVspoof2019_LA_dev\flac\LA_D_5609703.flac,archive_(1)_ASVspoof2019_LA,audio,spoof,1,train,.flac
C:\Users\paruc\Downloads\archive (1)\LA\LA\ASVspoof2019_LA_dev\flac\LA_D_1056202.flac,archive_(1)_ASVspoof2019_LA,audio,spoof,1,train,.flac
C:\Users\paruc\Downloads\archive (1)\LA\LA\ASVspoof2019_LA_dev\flac\LA_D_6679303.flac,archive_(1)_ASVspoof2019_LA,audio,bonafide,0,train,.flac
C:\Users\paruc\Downloads\archive (1)\LA\LA\ASVspoof2019_LA_dev\flac\LA_D_8894613.flac,archive_(1)_ASVspoof2019_LA,audio,bonafide,0,train,.flac
C:\Users\paruc\Downloads\archive (1)\LA\LA\ASVspoof2019_LA_dev\flac\LA_D_7261537.flac,archive_(1)_ASVspoof2019_LA,audio,spoof,1,train,.flac
C:\Users\paruc\Downloads\archive (1)\LA\LA\ASVspoof2019_LA_dev\flac\LA_D_9822555.flac,archive_(1)_ASVspoof2019_LA,audio,spoof,1,train,.flac
C:\Users\paruc\Downloads\archive (1)\LA\LA\ASVspoof2019_LA_dev\flac\LA_D_6231410.flac,archive_(1)_ASVspoof2019_LA,audio,bonafide,0,train,.flac
C:\Users\paruc\Downloads\archive (1)\LA\LA\ASVspoof2019_LA_dev\flac\LA_D_6262160.flac,archive_(1)_ASVspoof2019_LA,audio,spoof,1,train,.flac
C:\Users\paruc\Downloads\archive (1)\LA\LA\ASVspoof2019_LA_dev\flac\LA_D_7763180.flac,archive_(1)_ASVspoof2019_LA,audio,bonafide,0,train,.flac
C:\Users\paruc\Downloads\archive (1)\LA\LA\ASVspoof2019_LA_dev\flac\LA_D_7421940.flac,archive_(1)_ASVspoof2019_LA,audio,spoof,1,train,.flac
C:\Users\paruc\Downloads\archive (1)\LA\LA\ASVspoof2019_LA_dev\flac\LA_D_6268296.flac,archive_(1)_ASVspoof2019_LA,audio,spoof,1,train,.flac
C:\Users\paruc\Downloads\archive (1)\LA\LA\ASVspoof2019_LA_dev\flac\LA_D_6210440.flac,archive_(1)_ASVspoof2019_LA,audio,spoof,1,train,.flac
C:\Users\paruc\Downloads\archive (1)\LA\LA\ASVspoof2019_LA_dev\flac\LA_D_4021153.flac,archive_(1)_ASVspoof2019_LA,audio,bonafide,0,train,.flac
C:\Users\paruc\Downloads\archive (1)\LA\LA\ASVspoof2019_LA_dev\flac\LA_D_1365236.flac,archive_(1)_ASVspoof2019_LA,audio,bonafide,0,train,.flac
C:\Users\paruc\Downloads\archive (1)\LA\LA\ASVspoof2019_LA_dev\flac\LA_D_4866336.flac,archive_(1)_ASVspoof2019_LA,audio,spoof,1,train,.flac
C:\Users\paruc\Downloads\archive (1)\LA\LA\ASVspoof2019_LA_dev\flac\LA_D_7872579.flac,archive_(1)_ASVspoof2019_LA,audio,spoof,1,train,.flac
C:\Users\paruc\Downloads\archive (1)\LA\LA\ASVspoof2019_LA_dev\flac\LA_D_4992364.flac,archive_(1)_ASVspoof2019_LA,audio,bonafide,0,train,.flac
C:\Users\paruc\Downloads\archive (1)\LA\LA\ASVspoof2019_LA_dev\flac\LA_D_5502506.flac,archive_(1)_ASVspoof2019_LA,audio,bonafide,0,train,.flac
C:\Users\paruc\Downloads\archive (1)\LA\LA\ASVspoof2019_LA_dev\flac\LA_D_8238260.flac,archive_(1)_ASVspoof2019_LA,audio,bonafide,0,train,.flac
C:\Users\paruc\Downloads\archive (1)\LA\LA\ASVspoof2019_LA_dev\flac\LA_D_1251721.flac,archive_(1)_ASVspoof2019_LA,audio,spoof,1,train,.flac
C:\Users\paruc\Downloads\archive (1)\LA\LA\ASVspoof2019_LA_dev\flac\LA_D_3881998.flac,archive_(1)_ASVspoof2019_LA,audio,spoof,1,train,.flac
C:\Users\paruc\Downloads\archive (1)\LA\LA\ASVspoof2019_LA_dev\flac\LA_D_3292380.flac,archive_(1)_ASVspoof2019_LA,audio,spoof,1,train,.flac
C:\Users\paruc\Downloads\archive (1)\LA\LA\ASVspoof2019_LA_dev\flac\LA_D_2140627.flac,archive_(1)_ASVspoof2019_LA,audio,spoof,1,train,.flac
C:\Users\paruc\Downloads\archive (1)\LA\LA\ASVspoof2019_LA_dev\flac\LA_D_2058414.flac,archive_(1)_ASVspoof2019_LA,audio,spoof,1,train,.flac
C:\Users\paruc\Downloads\archive (1)\LA\LA\ASVspoof2019_LA_dev\flac\LA_D_9042253.flac,archive_(1)_ASVspoof2019_LA,audio,bonafide,0,train,.flac
C:\Users\paruc\Downloads\archive (1)\LA\LA\ASVspoof2019_LA_dev\flac\LA_D_2343633.flac,archive_(1)_ASVspoof2019_LA,audio,spoof,1,train,.flac
C:\Users\paruc\Downloads\archive (1)\LA\LA\ASVspoof2019_LA_dev\flac\LA_D_4246774.flac,archive_(1)_ASVspoof2019_LA,audio,spoof,1,train,.flac
C:\Users\paruc\Downloads\archive (1)\LA\LA\ASVspoof2019_LA_dev\flac\LA_D_9307448.flac,archive_(1)_ASVspoof2019_LA,audio,spoof,1,train,.flac
C:\Users\paruc\Downloads\archive (1)\LA\LA\ASVspoof2019_LA_dev\flac\LA_D_8530635.flac,archive_(1)_ASVspoof2019_LA,audio,spoof,1,train,.flac
C:\Users\paruc\Downloads\archive (1)\LA\LA\ASVspoof2019_LA_dev\flac\LA_D_2400343.flac,archive_(1)_ASVspoof2019_LA,audio,spoof,1,train,.flac
C:\Users\paruc\Downloads\archive (1)\LA\LA\ASVspoof2019_LA_dev\flac\LA_D_2932112.flac,archive_(1)_ASVspoof2019_LA,audio,bonafide,0,train,.flac
C:\Users\paruc\Downloads\archive (1)\LA\LA\ASVspoof2019_LA_dev\flac\LA_D_8434051.flac,archive_(1)_ASVspoof2019_LA,audio,spoof,1,train,.flac
C:\Users\paruc\Downloads\archive (1)\LA\LA\ASVspoof2019_LA_dev\flac\LA_D_6052126.flac,archive_(1)_ASVspoof2019_LA,audio,spoof,1,train,.flac
C:\Users\paruc\Downloads\archive (1)\LA\LA\ASVspoof2019_LA_dev\flac\LA_D_6471870.flac,archive_(1)_ASVspoof2019_LA,audio,bonafide,0,train,.flac
C:\Users\paruc\Downloads\archive (1)\LA\LA\ASVspoof2019_LA_dev\flac\LA_D_8425122.flac,archive_(1)_ASVspoof2019_LA,audio,spoof,1,train,.flac
C:\Users\paruc\Downloads\archive (1)\LA\LA\ASVspoof2019_LA_dev\flac\LA_D_1083957.flac,archive_(1)_ASVspoof2019_LA,audio,spoof,1,train,.flac
C:\Users\paruc\Downloads\archive (1)\LA\LA\ASVspoof2019_LA_dev\flac\LA_D_4145630.flac,archive_(1)_ASVspoof2019_LA,audio,bonafide,0,train,.flac
C:\Users\paruc\Downloads\archive (1)\LA\LA\ASVspoof2019_LA_dev\flac\LA_D_1129909.flac,archive_(1)_ASVspoof2019_LA,audio,bonafide,0,train,.flac
C:\Users\paruc\Downloads\archive (1)\LA\LA\ASVspoof2019_LA_dev\flac\LA_D_9397905.flac,archive_(1)_ASVspoof2019_LA,audio,spoof,1,train,.flac
C:\Users\paruc\Downloads\archive (1)\LA\LA\ASVspoof2019_LA_dev\flac\LA_D_9594827.flac,archive_(1)_ASVspoof2019_LA,audio,spoof,1,train,.flac
C:\Users\paruc\Downloads\archive (1)\LA\LA\ASVspoof2019_LA_dev\flac\LA_D_4061652.flac,archive_(1)_ASVspoof2019_LA,audio,spoof,1,train,.flac
C:\Users\paruc\Downloads\archive (1)\LA\LA\ASVspoof2019_LA_dev\flac\LA_D_4929109.flac,archive_(1)_ASVspoof2019_LA,audio,spoof,1,train,.flac
C:\Users\paruc\Downloads\archive (1)\LA\LA\ASVspoof2019_LA_dev\flac\LA_D_3246935.flac,archive_(1)_ASVspoof2019_LA,audio,spoof,1,train,.flac
C:\Users\paruc\Downloads\archive (1)\LA\LA\ASVspoof2019_LA_dev\flac\LA_D_6137322.flac,archive_(1)_ASVspoof2019_LA,audio,spoof,1,train,.flac
C:\Users\paruc\Downloads\archive (1)\LA\LA\ASVspoof2019_LA_dev\flac\LA_D_7591549.flac,archive_(1)_ASVspoof2019_LA,audio,spoof,1,train,.flac
C:\Users\paruc\Downloads\archive (1)\LA\LA\ASVspoof2019_LA_dev\flac\LA_D_5835377.flac,archive_(1)_ASVspoof2019_LA,audio,bonafide,0,train,.flac
C:\Users\paruc\Downloads\archive (1)\LA\LA\ASVspoof2019_LA_dev\flac\LA_D_6033972.flac,archive_(1)_ASVspoof2019_LA,audio,bonafide,0,train,.flac
C:\Users\paruc\Downloads\archive (1)\LA\LA\ASVspoof2019_LA_dev\flac\LA_D_1264788.flac,archive_(1)_ASVspoof2019_LA,audio,bonafide,0,train,.flac
C:\Users\paruc\Downloads\archive (1)\LA\LA\ASVspoof2019_LA_dev\flac\LA_D_3467346.flac,archive_(1)_ASVspoof2019_LA,audio,bonafide,0,train,.flac
C:\Users\paruc\Downloads\archive (1)\LA\LA\ASVspoof2019_LA_dev\flac\LA_D_2319450.flac,archive_(1)_ASVspoof2019_LA,audio,spoof,1,train,.flac
C:\Users\paruc\Downloads\archive (1)\LA\LA\ASVspoof2019_LA_dev\flac\LA_D_4977329.flac,archive_(1)_ASVspoof2019_LA,audio,bonafide,0,train,.flac
C:\Users\paruc\Downloads\archive (1)\LA\LA\ASVspoof2019_LA_dev\flac\LA_D_9592778.flac,archive_(1)_ASVspoof2019_LA,audio,bonafide,0,train,.flac
C:\Users\paruc\Downloads\archive (1)\LA\LA\ASVspoof2019_LA_dev\flac\LA_D_7992518.flac,archive_(1)_ASVspoof2019_LA,audio,spoof,1,train,.flac
C:\Users\paruc\Downloads\archive (1)\LA\LA\ASVspoof2019_LA_dev\flac\LA_D_5852535.flac,archive_(1)_ASVspoof2019_LA,audio,bonafide,0,train,.flac
C:\Users\paruc\Downloads\archive (1)\LA\LA\ASVspoof2019_LA_dev\flac\LA_D_2044219.flac,archive_(1)_ASVspoof2019_LA,audio,spoof,1,train,.flac
C:\Users\paruc\Downloads\archive (1)\LA\LA\ASVspoof2019_LA_dev\flac\LA_D_5841267.flac,archive_(1)_ASVspoof2019_LA,audio,bonafide,0,train,.flac
C:\Users\paruc\Downloads\archive (1)\LA\LA\ASVspoof2019_LA_dev\flac\LA_D_5287781.flac,archive_(1)_ASVspoof2019_LA,audio,spoof,1,train,.flac
C:\Users\paruc\Downloads\archive (1)\LA\LA\ASVspoof2019_LA_dev\flac\LA_D_3971945.flac,archive_(1)_ASVspoof2019_LA,audio,bonafide,0,train,.flac
C:\Users\paruc\Downloads\archive (1)\LA\LA\ASVspoof2019_LA_dev\flac\LA_D_9279366.flac,archive_(1)_ASVspoof2019_LA,audio,spoof,1,train,.flac
C:\Users\paruc\Downloads\archive (1)\LA\LA\ASVspoof2019_LA_dev\flac\LA_D_4677050.flac,archive_(1)_ASVspoof2019_LA,audio,spoof,1,train,.flac
C:\Users\paruc\Downloads\archive (1)\LA\LA\ASVspoof2019_LA_dev\flac\LA_D_5859556.flac,archive_(1)_ASVspoof2019_LA,audio,bonafide,0,train,.flac
C:\Users\paruc\Downloads\archive (1)\LA\LA\ASVspoof2019_LA_dev\flac\LA_D_8861570.flac,archive_(1)_ASVspoof2019_LA,audio,spoof,1,train,.flac
C:\Users\paruc\Downloads\archive (1)\LA\LA\ASVspoof2019_LA_dev\flac\LA_D_1980534.flac,archive_(1)_ASVspoof2019_LA,audio,bonafide,0,train,.flac
C:\Users\paruc\Downloads\archive (1)\LA\LA\ASVspoof2019_LA_dev\flac\LA_D_5425829.flac,archive_(1)_ASVspoof2019_LA,audio,bonafide,0,train,.flac
C:\Users\paruc\Downloads\archive (1)\LA\LA\ASVspoof2019_LA_dev\flac\LA_D_5389440.flac,archive_(1)_ASVspoof2019_LA,audio,bonafide,0,train,.flac
C:\Users\paruc\Downloads\archive (1)\LA\LA\ASVspoof2019_LA_dev\flac\LA_D_9847423.flac,archive_(1)_ASVspoof2019_LA,audio,spoof,1,train,.flac
C:\Users\paruc\Downloads\archive (1)\LA\LA\ASVspoof2019_LA_dev\flac\LA_D_9201924.flac,archive_(1)_ASVspoof2019_LA,audio,spoof,1,train,.flac
C:\Users\paruc\Downloads\archive (1)\LA\LA\ASVspoof2019_LA_dev\flac\LA_D_2302613.flac,archive_(1)_ASVspoof2019_LA,audio,bonafide,0,train,.flac
C:\Users\paruc\Downloads\archive (1)\LA\LA\ASVspoof2019_LA_dev\flac\LA_D_9995677.flac,archive_(1)_ASVspoof2019_LA,audio,spoof,1,train,.flac
C:\Users\paruc\Downloads\archive (1)\LA\LA\ASVspoof2019_LA_dev\flac\LA_D_3337611.flac,archive_(1)_ASVspoof2019_LA,audio,spoof,1,train,.flac
C:\Users\paruc\Downloads\archive (1)\LA\LA\ASVspoof2019_LA_dev\flac\LA_D_8192047.flac,archive_(1)_ASVspoof2019_LA,audio,bonafide,0,train,.flac
C:\Users\paruc\Downloads\archive (1)\LA\LA\ASVspoof2019_LA_dev\flac\LA_D_5188766.flac,archive_(1)_ASVspoof2019_LA,audio,spoof,1,train,.flac
C:\Users\paruc\Downloads\archive (1)\LA\LA\ASVspoof2019_LA_dev\flac\LA_D_7989607.flac,archive_(1)_ASVspoof2019_LA,audio,bonafide,0,train,.flac
C:\Users\paruc\Downloads\archive (1)\LA\LA\ASVspoof2019_LA_dev\flac\LA_D_1643904.flac,archive_(1)_ASVspoof2019_LA,audio,bonafide,0,train,.flac
C:\Users\paruc\Downloads\archive (1)\LA\LA\ASVspoof2019_LA_dev\flac\LA_D_2976553.flac,archive_(1)_ASVspoof2019_LA,audio,bonafide,0,train,.flac
C:\Users\paruc\Downloads\archive (1)\LA\LA\ASVspoof2019_LA_dev\flac\LA_D_7629182.flac,archive_(1)_ASVspoof2019_LA,audio,bonafide,0,train,.flac
C:\Users\paruc\Downloads\archive (1)\LA\LA\ASVspoof2019_LA_dev\flac\LA_D_8773807.flac,archive_(1)_ASVspoof2019_LA,audio,spoof,1,train,.flac
C:\Users\paruc\Downloads\archive (1)\LA\LA\ASVspoof2019_LA_dev\flac\LA_D_7530789.flac,archive_(1)_ASVspoof2019_LA,audio,bonafide,0,train,.flac
C:\Users\paruc\Downloads\archive (1)\LA\LA\ASVspoof2019_LA_dev\flac\LA_D_1427618.flac,archive_(1)_ASVspoof2019_LA,audio,spoof,1,train,.flac
C:\Users\paruc\Downloads\archive (1)\LA\LA\ASVspoof2019_LA_dev\flac\LA_D_8473774.flac,archive_(1)_ASVspoof2019_LA,audio,spoof,1,train,.flac
C:\Users\paruc\Downloads\archive (1)\LA\LA\ASVspoof2019_LA_dev\flac\LA_D_7796753.flac,archive_(1)_ASVspoof2019_LA,audio,bonafide,0,train,.flac
C:\Users\paruc\Downloads\archive (1)\LA\LA\ASVspoof2019_LA_dev\flac\LA_D_8899535.flac,archive_(1)_ASVspoof2019_LA,audio,bonafide,0,train,.flac
C:\Users\paruc\Downloads\archive (1)\LA\LA\ASVspoof2019_LA_dev\flac\LA_D_6772310.flac,archive_(1)_ASVspoof2019_LA,audio,spoof,1,train,.flac
C:\Users\paruc\Downloads\archive (1)\LA\LA\ASVspoof2019_LA_dev\flac\LA_D_6289915.flac,archive_(1)_ASVspoof2019_LA,audio,bonafide,0,train,.flac
C:\Users\paruc\Downloads\archive (1)\LA\LA\ASVspoof2019_LA_dev\flac\LA_D_6843205.flac,archive_(1)_ASVspoof2019_LA,audio,bonafide,0,train,.flac
C:\Users\paruc\Downloads\archive (1)\LA\LA\ASVspoof2019_LA_dev\flac\LA_D_1553644.flac,archive_(1)_ASVspoof2019_LA,audio,bonafide,0,train,.flac
C:\Users\paruc\Downloads\archive (1)\LA\LA\ASVspoof2019_LA_dev\flac\LA_D_7030281.flac,archive_(1)_ASVspoof2019_LA,audio,bonafide,0,train,.flac
C:\Users\paruc\Downloads\archive (1)\LA\LA\ASVspoof2019_LA_dev\flac\LA_D_3170420.flac,archive_(1)_ASVspoof2019_LA,audio,bonafide,0,train,.flac
C:\Users\paruc\Downloads\archive (1)\LA\LA\ASVspoof2019_LA_dev\flac\LA_D_2645568.flac,archive_(1)_ASVspoof2019_LA,audio,spoof,1,train,.flac
C:\Users\paruc\Downloads\archive (1)\LA\LA\ASVspoof2019_LA_dev\flac\LA_D_4151774.flac,archive_(1)_ASVspoof2019_LA,audio,bonafide,0,train,.flac
C:\Users\paruc\Downloads\archive (1)\LA\LA\ASVspoof2019_LA_dev\flac\LA_D_1954410.flac,archive_(1)_ASVspoof2019_LA,audio,bonafide,0,train,.flac
C:\Users\paruc\Downloads\archive (1)\LA\LA\ASVspoof2019_LA_dev\flac\LA_D_7638298.flac,archive_(1)_ASVspoof2019_LA,audio,spoof,1,train,.flac
C:\Users\paruc\Downloads\archive (1)\LA\LA\ASVspoof2019_LA_dev\flac\LA_D_2895942.flac,archive_(1)_ASVspoof2019_LA,audio,spoof,1,train,.flac
C:\Users\paruc\Downloads\archive (1)\LA\LA\ASVspoof2019_LA_dev\flac\LA_D_5309639.flac,archive_(1)_ASVspoof2019_LA,audio,spoof,1,train,.flac
C:\Users\paruc\Downloads\archive (1)\LA\LA\ASVspoof2019_LA_dev\flac\LA_D_1252794.flac,archive_(1)_ASVspoof2019_LA,audio,spoof,1,train,.flac
C:\Users\paruc\Downloads\archive (1)\LA\LA\ASVspoof2019_LA_dev\flac\LA_D_5238266.flac,archive_(1)_ASVspoof2019_LA,audio,spoof,1,train,.flac
C:\Users\paruc\Downloads\archive (1)\LA\LA\ASVspoof2019_LA_dev\flac\LA_D_8915463.flac,archive_(1)_ASVspoof2019_LA,audio,spoof,1,train,.flac
C:\Users\paruc\Downloads\archive (1)\LA\LA\ASVspoof2019_LA_dev\flac\LA_D_3622835.flac,archive_(1)_ASVspoof2019_LA,audio,bonafide,0,train,.flac
C:\Users\paruc\Downloads\archive (1)\LA\LA\ASVspoof2019_LA_dev\flac\LA_D_6038297.flac,archive_(1)_ASVspoof2019_LA,audio,bonafide,0,train,.flac
C:\Users\paruc\Downloads\archive (1)\LA\LA\ASVspoof2019_LA_dev\flac\LA_D_8975234.flac,archive_(1)_ASVspoof2019_LA,audio,spoof,1,train,.flac
C:\Users\paruc\Downloads\archive (1)\LA\LA\ASVspoof2019_LA_dev\flac\LA_D_3495106.flac,archive_(1)_ASVspoof2019_LA,audio,spoof,1,train,.flac
C:\Users\paruc\Downloads\archive (1)\LA\LA\ASVspoof2019_LA_dev\flac\LA_D_1380231.flac,archive_(1)_ASVspoof2019_LA,audio,bonafide,0,train,.flac
C:\Users\paruc\Downloads\archive (1)\LA\LA\ASVspoof2019_LA_dev\flac\LA_D_9597731.flac,archive_(1)_ASVspoof2019_LA,audio,spoof,1,train,.flac
C:\Users\paruc\Downloads\archive (1)\LA\LA\ASVspoof2019_LA_dev\flac\LA_D_2027122.flac,archive_(1)_ASVspoof2019_LA,audio,bonafide,0,train,.flac
C:\Users\paruc\Downloads\archive (1)\LA\LA\ASVspoof2019_LA_dev\flac\LA_D_8304989.flac,archive_(1)_ASVspoof2019_LA,audio,spoof,1,train,.flac
C:\Users\paruc\Downloads\archive (1)\LA\LA\ASVspoof2019_LA_dev\flac\LA_D_7264635.flac,archive_(1)_ASVspoof2019_LA,audio,spoof,1,train,.flac
C:\Users\paruc\Downloads\archive (1)\LA\LA\ASVspoof2019_LA_dev\flac\LA_D_2124468.flac,archive_(1)_ASVspoof2019_LA,audio,spoof,1,train,.flac
C:\Users\paruc\Downloads\archive (1)\LA\LA\ASVspoof2019_LA_dev\flac\LA_D_7207687.flac,archive_(1)_ASVspoof2019_LA,audio,spoof,1,train,.flac
C:\Users\paruc\Downloads\archive (1)\LA\LA\ASVspoof2019_LA_dev\flac\LA_D_9936597.flac,archive_(1)_ASVspoof2019_LA,audio,bonafide,0,train,.flac
C:\Users\paruc\Downloads\archive (1)\LA\LA\ASVspoof2019_LA_dev\flac\LA_D_5004267.flac,archive_(1)_ASVspoof2019_LA,audio,spoof,1,train,.flac
C:\Users\paruc\Downloads\archive (1)\LA\LA\ASVspoof2019_LA_dev\flac\LA_D_2660438.flac,archive_(1)_ASVspoof2019_LA,audio,spoof,1,train,.flac
C:\Users\paruc\Downloads\archive (1)\LA\LA\ASVspoof2019_LA_dev\flac\LA_D_4644831.flac,archive_(1)_ASVspoof2019_LA,audio,bonafide,0,train,.flac
C:\Users\paruc\Downloads\archive (1)\LA\LA\ASVspoof2019_LA_dev\flac\LA_D_2392484.flac,archive_(1)_ASVspoof2019_LA,audio,spoof,1,train,.flac
C:\Users\paruc\Downloads\archive (1)\LA\LA\ASVspoof2019_LA_dev\flac\LA_D_6787225.flac,archive_(1)_ASVspoof2019_LA,audio,bonafide,0,train,.flac
C:\Users\paruc\Downloads\archive (1)\LA\LA\ASVspoof2019_LA_dev\flac\LA_D_8995264.flac,archive_(1)_ASVspoof2019_LA,audio,bonafide,0,train,.flac
C:\Users\paruc\Downloads\archive (1)\LA\LA\ASVspoof2019_LA_dev\flac\LA_D_1212413.flac,archive_(1)_ASVspoof2019_LA,audio,spoof,1,train,.flac
C:\Users\paruc\Downloads\archive (1)\LA\LA\ASVspoof2019_LA_dev\flac\LA_D_3373017.flac,archive_(1)_ASVspoof2019_LA,audio,bonafide,0,train,.flac
C:\Users\paruc\Downloads\archive (1)\LA\LA\ASVspoof2019_LA_dev\flac\LA_D_8187801.flac,archive_(1)_ASVspoof2019_LA,audio,bonafide,0,train,.flac
C:\Users\paruc\Downloads\archive (1)\LA\LA\ASVspoof2019_LA_dev\flac\LA_D_7840753.flac,archive_(1)_ASVspoof2019_LA,audio,spoof,1,train,.flac
C:\Users\paruc\Downloads\archive (1)\LA\LA\ASVspoof2019_LA_dev\flac\LA_D_7167976.flac,archive_(1)_ASVspoof2019_LA,audio,spoof,1,train,.flac
C:\Users\paruc\Downloads\archive (1)\LA\LA\ASVspoof2019_LA_dev\flac\LA_D_5874054.flac,archive_(1)_ASVspoof2019_LA,audio,spoof,1,train,.flac
C:\Users\paruc\Downloads\archive (1)\LA\LA\ASVspoof2019_LA_dev\flac\LA_D_2350043.flac,archive_(1)_ASVspoof2019_LA,audio,spoof,1,train,.flac
C:\Users\paruc\Downloads\archive (1)\LA\LA\ASVspoof2019_LA_dev\flac\LA_D_6243690.flac,archive_(1)_ASVspoof2019_LA,audio,spoof,1,train,.flac
C:\Users\paruc\Downloads\archive (1)\LA\LA\ASVspoof2019_LA_dev\flac\LA_D_4104923.flac,archive_(1)_ASVspoof2019_LA,audio,spoof,1,train,.flac
C:\Users\paruc\Downloads\archive (1)\LA\LA\ASVspoof2019_LA_dev\flac\LA_D_7679130.flac,archive_(1)_ASVspoof2019_LA,audio,bonafide,0,train,.flac
C:\Users\paruc\Downloads\archive (1)\LA\LA\ASVspoof2019_LA_dev\flac\LA_D_9764484.flac,archive_(1)_ASVspoof2019_LA,audio,bonafide,0,train,.flac
C:\Users\paruc\Downloads\archive (1)\LA\LA\ASVspoof2019_LA_dev\flac\LA_D_7560590.flac,archive_(1)_ASVspoof2019_LA,audio,bonafide,0,train,.flac
C:\Users\paruc\Downloads\archive (1)\LA\LA\ASVspoof2019_LA_dev\flac\LA_D_1121126.flac,archive_(1)_ASVspoof2019_LA,audio,spoof,1,train,.flac
C:\Users\paruc\Downloads\archive (1)\LA\LA\ASVspoof2019_LA_dev\flac\LA_D_5786237.flac,archive_(1)_ASVspoof2019_LA,audio,bonafide,0,train,.flac
C:\Users\paruc\Downloads\archive (1)\LA\LA\ASVspoof2019_LA_dev\flac\LA_D_7556575.flac,archive_(1)_ASVspoof2019_LA,audio,spoof,1,train,.flac
C:\Users\paruc\Downloads\archive (1)\LA\LA\ASVspoof2019_LA_dev\flac\LA_D_1851796.flac,archive_(1)_ASVspoof2019_LA,audio,spoof,1,train,.flac
C:\Users\paruc\Downloads\archive (1)\LA\LA\ASVspoof2019_LA_dev\flac\LA_D_8656739.flac,archive_(1)_ASVspoof2019_LA,audio,spoof,1,train,.flac
C:\Users\paruc\Downloads\archive (1)\LA\LA\ASVspoof2019_LA_dev\flac\LA_D_2852000.flac,archive_(1)_ASVspoof2019_LA,audio,bonafide,0,train,.flac
C:\Users\paruc\Downloads\archive (1)\LA\LA\ASVspoof2019_LA_dev\flac\LA_D_8915901.flac,archive_(1)_ASVspoof2019_LA,audio,spoof,1,train,.flac
C:\Users\paruc\Downloads\archive (1)\LA\LA\ASVspoof2019_LA_dev\flac\LA_D_1005471.flac,archive_(1)_ASVspoof2019_LA,audio,spoof,1,train,.flac
C:\Users\paruc\Downloads\archive (1)\LA\LA\ASVspoof2019_LA_dev\flac\LA_D_3770523.flac,archive_(1)_ASVspoof2019_LA,audio,bonafide,0,train,.flac
C:\Users\paruc\Downloads\archive (1)\LA\LA\ASVspoof2019_LA_dev\flac\LA_D_1775211.flac,archive_(1)_ASVspoof2019_LA,audio,bonafide,0,train,.flac
C:\Users\paruc\Downloads\archive (1)\LA\LA\ASVspoof2019_LA_dev\flac\LA_D_5107120.flac,archive_(1)_ASVspoof2019_LA,audio,bonafide,0,train,.flac
C:\Users\paruc\Downloads\archive (1)\LA\LA\ASVspoof2019_LA_dev\flac\LA_D_9737719.flac,archive_(1)_ASVspoof2019_LA,audio,bonafide,0,train,.flac
C:\Users\paruc\Downloads\archive (1)\LA\LA\ASVspoof2019_LA_dev\flac\LA_D_6338202.flac,archive_(1)_ASVspoof2019_LA,audio,spoof,1,train,.flac
C:\Users\paruc\Downloads\archive (1)\LA\LA\ASVspoof2019_LA_dev\flac\LA_D_8413105.flac,archive_(1)_ASVspoof2019_LA,audio,bonafide,0,train,.flac
C:\Users\paruc\Downloads\archive (1)\LA\LA\ASVspoof2019_LA_dev\flac\LA_D_5495040.flac,archive_(1)_ASVspoof2019_LA,audio,bonafide,0,train,.flac
C:\Users\paruc\Downloads\archive (1)\LA\LA\ASVspoof2019_LA_dev\flac\LA_D_6233220.flac,archive_(1)_ASVspoof2019_LA,audio,bonafide,0,train,.flac
C:\Users\paruc\Downloads\archive (1)\LA\LA\ASVspoof2019_LA_dev\flac\LA_D_2766494.flac,archive_(1)_ASVspoof2019_LA,audio,spoof,1,train,.flac
C:\Users\paruc\Downloads\archive (1)\LA\LA\ASVspoof2019_LA_dev\flac\LA_D_9666678.flac,archive_(1)_ASVspoof2019_LA,audio,bonafide,0,train,.flac
C:\Users\paruc\Downloads\archive (1)\LA\LA\ASVspoof2019_LA_dev\flac\LA_D_9301014.flac,archive_(1)_ASVspoof2019_LA,audio,spoof,1,train,.flac
C:\Users\paruc\Downloads\archive (1)\LA\LA\ASVspoof2019_LA_dev\flac\LA_D_4358018.flac,archive_(1)_ASVspoof2019_LA,audio,spoof,1,train,.flac
C:\Users\paruc\Downloads\archive (1)\LA\LA\ASVspoof2019_LA_dev\flac\LA_D_8934774.flac,archive_(1)_ASVspoof2019_LA,audio,spoof,1,train,.flac
C:\Users\paruc\Downloads\archive (1)\LA\LA\ASVspoof2019_LA_dev\flac\LA_D_4455776.flac,archive_(1)_ASVspoof2019_LA,audio,bonafide,0,train,.flac
C:\Users\paruc\Downloads\archive (1)\LA\LA\ASVspoof2019_LA_dev\flac\LA_D_4107345.flac,archive_(1)_ASVspoof2019_LA,audio,bonafide,0,train,.flac
C:\Users\paruc\Downloads\archive (1)\LA\LA\ASVspoof2019_LA_dev\flac\LA_D_2634577.flac,archive_(1)_ASVspoof2019_LA,audio,spoof,1,train,.flac
C:\Users\paruc\Downloads\archive (1)\LA\LA\ASVspoof2019_LA_dev\flac\LA_D_6273909.flac,archive_(1)_ASVspoof2019_LA,audio,spoof,1,train,.flac
C:\Users\paruc\Downloads\archive (1)\LA\LA\ASVspoof2019_LA_dev\flac\LA_D_6724166.flac,archive_(1)_ASVspoof2019_LA,audio,bonafide,0,train,.flac
C:\Users\paruc\Downloads\archive (1)\LA\LA\ASVspoof2019_LA_dev\flac\LA_D_3174693.flac,archive_(1)_ASVspoof2019_LA,audio,spoof,1,train,.flac
C:\Users\paruc\Downloads\archive (1)\LA\LA\ASVspoof2019_LA_dev\flac\LA_D_2275662.flac,archive_(1)_ASVspoof2019_LA,audio,spoof,1,train,.flac
C:\Users\paruc\Downloads\archive (1)\LA\LA\ASVspoof2019_LA_dev\flac\LA_D_4568975.flac,archive_(1)_ASVspoof2019_LA,audio,spoof,1,train,.flac
C:\Users\paruc\Downloads\archive (1)\LA\LA\ASVspoof2019_LA_dev\flac\LA_D_5325697.flac,archive_(1)_ASVspoof2019_LA,audio,spoof,1,train,.flac
C:\Users\paruc\Downloads\archive (1)\LA\LA\ASVspoof2019_LA_dev\flac\LA_D_2872375.flac,archive_(1)_ASVspoof2019_LA,audio,spoof,1,train,.flac
C:\Users\paruc\Downloads\archive (1)\LA\LA\ASVspoof2019_LA_dev\flac\LA_D_7529130.flac,archive_(1)_ASVspoof2019_LA,audio,spoof,1,train,.flac
C:\Users\paruc\Downloads\archive (1)\LA\LA\ASVspoof2019_LA_dev\flac\LA_D_6887011.flac,archive_(1)_ASVspoof2019_LA,audio,spoof,1,train,.flac
C:\Users\paruc\Downloads\archive (1)\LA\LA\ASVspoof2019_LA_dev\flac\LA_D_6730053.flac,archive_(1)_ASVspoof2019_LA,audio,bonafide,0,train,.flac
C:\Users\paruc\Downloads\archive (1)\LA\LA\ASVspoof2019_LA_dev\flac\LA_D_9053831.flac,archive_(1)_ASVspoof2019_LA,audio,bonafide,0,train,.flac
C:\Users\paruc\Downloads\archive (1)\LA\LA\ASVspoof2019_LA_dev\flac\LA_D_1863167.flac,archive_(1)_ASVspoof2019_LA,audio,bonafide,0,train,.flac
C:\Users\paruc\Downloads\archive (1)\LA\LA\ASVspoof2019_LA_dev\flac\LA_D_5334203.flac,archive_(1)_ASVspoof2019_LA,audio,bonafide,0,train,.flac
C:\Users\paruc\Downloads\archive (1)\LA\LA\ASVspoof2019_LA_dev\flac\LA_D_6375447.flac,archive_(1)_ASVspoof2019_LA,audio,bonafide,0,train,.flac
C:\Users\paruc\Downloads\archive (1)\LA\LA\ASVspoof2019_LA_dev\flac\LA_D_8665901.flac,archive_(1)_ASVspoof2019_LA,audio,bonafide,0,train,.flac
C:\Users\paruc\Downloads\archive (1)\LA\LA\ASVspoof2019_LA_dev\flac\LA_D_3776327.flac,archive_(1)_ASVspoof2019_LA,audio,spoof,1,train,.flac
C:\Users\paruc\Downloads\archive (1)\LA\LA\ASVspoof2019_LA_dev\flac\LA_D_6624621.flac,archive_(1)_ASVspoof2019_LA,audio,bonafide,0,train,.flac
C:\Users\paruc\Downloads\archive (1)\LA\LA\ASVspoof2019_LA_dev\flac\LA_D_6453794.flac,archive_(1)_ASVspoof2019_LA,audio,bonafide,0,train,.flac
C:\Users\paruc\Downloads\archive (1)\LA\LA\ASVspoof2019_LA_dev\flac\LA_D_9752146.flac,archive_(1)_ASVspoof2019_LA,audio,bonafide,0,train,.flac
C:\Users\paruc\Downloads\archive (1)\LA\LA\ASVspoof2019_LA_dev\flac\LA_D_7604149.flac,archive_(1)_ASVspoof2019_LA,audio,spoof,1,train,.flac
C:\Users\paruc\Downloads\archive (1)\LA\LA\ASVspoof2019_LA_dev\flac\LA_D_3668954.flac,archive_(1)_ASVspoof2019_LA,audio,spoof,1,train,.flac
C:\Users\paruc\Downloads\archive (1)\LA\LA\ASVspoof2019_LA_dev\flac\LA_D_4894867.flac,archive_(1)_ASVspoof2019_LA,audio,spoof,1,train,.flac
C:\Users\paruc\Downloads\archive (1)\LA\LA\ASVspoof2019_LA_dev\flac\LA_D_6333211.flac,archive_(1)_ASVspoof2019_LA,audio,spoof,1,train,.flac
C:\Users\paruc\Downloads\archive (1)\LA\LA\ASVspoof2019_LA_dev\flac\LA_D_2659066.flac,archive_(1)_ASVspoof2019_LA,audio,bonafide,0,train,.flac
C:\Users\paruc\Downloads\archive (1)\LA\LA\ASVspoof2019_LA_dev\flac\LA_D_9159596.flac,archive_(1)_ASVspoof2019_LA,audio,spoof,1,train,.flac
C:\Users\paruc\Downloads\archive (1)\LA\LA\ASVspoof2019_LA_dev\flac\LA_D_5476584.flac,archive_(1)_ASVspoof2019_LA,audio,spoof,1,train,.flac
C:\Users\paruc\Downloads\archive (1)\LA\LA\ASVspoof2019_LA_dev\flac\LA_D_5443022.flac,archive_(1)_ASVspoof2019_LA,audio,spoof,1,train,.flac
C:\Users\paruc\Downloads\archive (1)\LA\LA\ASVspoof2019_LA_dev\flac\LA_D_8623607.flac,archive_(1)_ASVspoof2019_LA,audio,bonafide,0,train,.flac
C:\Users\paruc\Downloads\archive (1)\LA\LA\ASVspoof2019_LA_dev\flac\LA_D_7605953.flac,archive_(1)_ASVspoof2019_LA,audio,bonafide,0,train,.flac
C:\Users\paruc\Downloads\archive (1)\LA\LA\ASVspoof2019_LA_dev\flac\LA_D_3287162.flac,archive_(1)_ASVspoof2019_LA,audio,spoof,1,train,.flac
C:\Users\paruc\Downloads\archive (1)\LA\LA\ASVspoof2019_LA_dev\flac\LA_D_3620817.flac,archive_(1)_ASVspoof2019_LA,audio,spoof,1,train,.flac
C:\Users\paruc\Downloads\archive (1)\LA\LA\ASVspoof2019_LA_dev\flac\LA_D_3864495.flac,archive_(1)_ASVspoof2019_LA,audio,spoof,1,train,.flac
C:\Users\paruc\Downloads\archive (1)\LA\LA\ASVspoof2019_LA_dev\flac\LA_D_6382055.flac,archive_(1)_ASVspoof2019_LA,audio,bonafide,0,train,.flac
C:\Users\paruc\Downloads\archive (1)\LA\LA\ASVspoof2019_LA_dev\flac\LA_D_1014313.flac,archive_(1)_ASVspoof2019_LA,audio,spoof,1,train,.flac
C:\Users\paruc\Downloads\archive (1)\LA\LA\ASVspoof2019_LA_dev\flac\LA_D_6532842.flac,archive_(1)_ASVspoof2019_LA,audio,spoof,1,train,.flac
C:\Users\paruc\Downloads\archive (1)\LA\LA\ASVspoof2019_LA_dev\flac\LA_D_4964260.flac,archive_(1)_ASVspoof2019_LA,audio,bonafide,0,train,.flac
C:\Users\paruc\Downloads\archive (1)\LA\LA\ASVspoof2019_LA_dev\flac\LA_D_5794620.flac,archive_(1)_ASVspoof2019_LA,audio,bonafide,0,train,.flac
C:\Users\paruc\Downloads\archive (1)\LA\LA\ASVspoof2019_LA_dev\flac\LA_D_1143330.flac,archive_(1)_ASVspoof2019_LA,audio,spoof,1,train,.flac
C:\Users\paruc\Downloads\archive (1)\LA\LA\ASVspoof2019_LA_dev\flac\LA_D_4304868.flac,archive_(1)_ASVspoof2019_LA,audio,bonafide,0,train,.flac
C:\Users\paruc\Downloads\archive (1)\LA\LA\ASVspoof2019_LA_dev\flac\LA_D_5146678.flac,archive_(1)_ASVspoof2019_LA,audio,bonafide,0,train,.flac
C:\Users\paruc\Downloads\archive (1)\LA\LA\ASVspoof2019_LA_dev\flac\LA_D_1736286.flac,archive_(1)_ASVspoof2019_LA,audio,bonafide,0,train,.flac
C:\Users\paruc\Downloads\archive (1)\LA\LA\ASVspoof2019_LA_dev\flac\LA_D_6575610.flac,archive_(1)_ASVspoof2019_LA,audio,spoof,1,train,.flac
C:\Users\paruc\Downloads\archive (1)\LA\LA\ASVspoof2019_LA_dev\flac\LA_D_7272195.flac,archive_(1)_ASVspoof2019_LA,audio,bonafide,0,train,.flac
C:\Users\paruc\Downloads\archive (1)\LA\LA\ASVspoof2019_LA_dev\flac\LA_D_8393123.flac,archive_(1)_ASVspoof2019_LA,audio,bonafide,0,train,.flac
C:\Users\paruc\Downloads\archive (1)\LA\LA\ASVspoof2019_LA_dev\flac\LA_D_4524484.flac,archive_(1)_ASVspoof2019_LA,audio,bonafide,0,train,.flac
C:\Users\paruc\Downloads\archive (1)\LA\LA\ASVspoof2019_LA_dev\flac\LA_D_1823771.flac,archive_(1)_ASVspoof2019_LA,audio,bonafide,0,train,.flac
C:\Users\paruc\Downloads\archive (1)\LA\LA\ASVspoof2019_LA_dev\flac\LA_D_8437547.flac,archive_(1)_ASVspoof2019_LA,audio,spoof,1,train,.flac
C:\Users\paruc\Downloads\archive (1)\LA\LA\ASVspoof2019_LA_dev\flac\LA_D_1077352.flac,archive_(1)_ASVspoof2019_LA,audio,spoof,1,train,.flac
C:\Users\paruc\Downloads\archive (1)\LA\LA\ASVspoof2019_LA_dev\flac\LA_D_6265671.flac,archive_(1)_ASVspoof2019_LA,audio,bonafide,0,train,.flac
C:\Users\paruc\Downloads\archive (1)\LA\LA\ASVspoof2019_LA_dev\flac\LA_D_9640641.flac,archive_(1)_ASVspoof2019_LA,audio,bonafide,0,train,.flac
C:\Users\paruc\Downloads\archive (1)\LA\LA\ASVspoof2019_LA_dev\flac\LA_D_9759551.flac,archive_(1)_ASVspoof2019_LA,audio,spoof,1,train,.flac
C:\Users\paruc\Downloads\archive (1)\LA\LA\ASVspoof2019_LA_dev\flac\LA_D_7816846.flac,archive_(1)_ASVspoof2019_LA,audio,spoof,1,train,.flac
C:\Users\paruc\Downloads\archive (1)\LA\LA\ASVspoof2019_LA_dev\flac\LA_D_7200480.flac,archive_(1)_ASVspoof2019_LA,audio,bonafide,0,train,.flac
C:\Users\paruc\Downloads\archive (1)\LA\LA\ASVspoof2019_LA_dev\flac\LA_D_6055160.flac,archive_(1)_ASVspoof2019_LA,audio,spoof,1,train,.flac
C:\Users\paruc\Downloads\archive (1)\LA\LA\ASVspoof2019_LA_dev\flac\LA_D_5673334.flac,archive_(1)_ASVspoof2019_LA,audio,spoof,1,train,.flac
C:\Users\paruc\Downloads\archive (1)\LA\LA\ASVspoof2019_LA_dev\flac\LA_D_6795666.flac,archive_(1)_ASVspoof2019_LA,audio,bonafide,0,train,.flac
C:\Users\paruc\Downloads\archive (1)\LA\LA\ASVspoof2019_LA_dev\flac\LA_D_6762250.flac,archive_(1)_ASVspoof2019_LA,audio,spoof,1,train,.flac
C:\Users\paruc\Downloads\archive (1)\LA\LA\ASVspoof2019_LA_dev\flac\LA_D_2010593.flac,archive_(1)_ASVspoof2019_LA,audio,spoof,1,train,.flac
C:\Users\paruc\Downloads\archive (1)\LA\LA\ASVspoof2019_LA_dev\flac\LA_D_4882695.flac,archive_(1)_ASVspoof2019_LA,audio,bonafide,0,train,.flac
C:\Users\paruc\Downloads\archive (1)\LA\LA\ASVspoof2019_LA_dev\flac\LA_D_8274900.flac,archive_(1)_ASVspoof2019_LA,audio,bonafide,0,train,.flac
C:\Users\paruc\Downloads\archive (1)\LA\LA\ASVspoof2019_LA_dev\flac\LA_D_3768511.flac,archive_(1)_ASVspoof2019_LA,audio,bonafide,0,train,.flac
C:\Users\paruc\Downloads\archive (1)\LA\LA\ASVspoof2019_LA_dev\flac\LA_D_3662597.flac,archive_(1)_ASVspoof2019_LA,audio,spoof,1,train,.flac
C:\Users\paruc\Downloads\archive (1)\LA\LA\ASVspoof2019_LA_dev\flac\LA_D_1613936.flac,archive_(1)_ASVspoof2019_LA,audio,spoof,1,train,.flac
C:\Users\paruc\Downloads\archive (1)\LA\LA\ASVspoof2019_LA_dev\flac\LA_D_6228524.flac,archive_(1)_ASVspoof2019_LA,audio,bonafide,0,train,.flac
C:\Users\paruc\Downloads\archive (1)\LA\LA\ASVspoof2019_LA_dev\flac\LA_D_3258575.flac,archive_(1)_ASVspoof2019_LA,audio,spoof,1,train,.flac
C:\Users\paruc\Downloads\archive (1)\LA\LA\ASVspoof2019_LA_dev\flac\LA_D_2674978.flac,archive_(1)_ASVspoof2019_LA,audio,bonafide,0,train,.flac
C:\Users\paruc\Downloads\archive (1)\LA\LA\ASVspoof2019_LA_dev\flac\LA_D_7739036.flac,archive_(1)_ASVspoof2019_LA,audio,spoof,1,train,.flac
C:\Users\paruc\Downloads\archive (1)\LA\LA\ASVspoof2019_LA_dev\flac\LA_D_7335129.flac,archive_(1)_ASVspoof2019_LA,audio,spoof,1,train,.flac
C:\Users\paruc\Downloads\archive (1)\LA\LA\ASVspoof2019_LA_dev\flac\LA_D_1592604.flac,archive_(1)_ASVspoof2019_LA,audio,spoof,1,train,.flac
C:\Users\paruc\Downloads\archive (1)\LA\LA\ASVspoof2019_LA_dev\flac\LA_D_6618919.flac,archive_(1)_ASVspoof2019_LA,audio,bonafide,0,train,.flac
C:\Users\paruc\Downloads\archive (1)\LA\LA\ASVspoof2019_LA_dev\flac\LA_D_1481057.flac,archive_(1)_ASVspoof2019_LA,audio,bonafide,0,train,.flac
C:\Users\paruc\Downloads\archive (1)\LA\LA\ASVspoof2019_LA_dev\flac\LA_D_5135015.flac,archive_(1)_ASVspoof2019_LA,audio,spoof,1,train,.flac
C:\Users\paruc\Downloads\archive (1)\LA\LA\ASVspoof2019_LA_dev\flac\LA_D_7707754.flac,archive_(1)_ASVspoof2019_LA,audio,bonafide,0,train,.flac
C:\Users\paruc\Downloads\archive (1)\LA\LA\ASVspoof2019_LA_dev\flac\LA_D_8480524.flac,archive_(1)_ASVspoof2019_LA,audio,spoof,1,train,.flac
C:\Users\paruc\Downloads\archive (1)\LA\LA\ASVspoof2019_LA_dev\flac\LA_D_9065762.flac,archive_(1)_ASVspoof2019_LA,audio,bonafide,0,train,.flac
C:\Users\paruc\Downloads\archive (1)\LA\LA\ASVspoof2019_LA_dev\flac\LA_D_1792171.flac,archive_(1)_ASVspoof2019_LA,audio,spoof,1,train,.flac
C:\Users\paruc\Downloads\archive (1)\LA\LA\ASVspoof2019_LA_dev\flac\LA_D_4526443.flac,archive_(1)_ASVspoof2019_LA,audio,spoof,1,train,.flac
C:\Users\paruc\Downloads\archive (1)\LA\LA\ASVspoof2019_LA_dev\flac\LA_D_1500993.flac,archive_(1)_ASVspoof2019_LA,audio,bonafide,0,train,.flac
C:\Users\paruc\Downloads\archive (1)\LA\LA\ASVspoof2019_LA_dev\flac\LA_D_4462839.flac,archive_(1)_ASVspoof2019_LA,audio,bonafide,0,train,.flac
C:\Users\paruc\Downloads\archive (1)\LA\LA\ASVspoof2019_LA_dev\flac\LA_D_3608178.flac,archive_(1)_ASVspoof2019_LA,audio,bonafide,0,train,.flac
C:\Users\paruc\Downloads\archive (1)\LA\LA\ASVspoof2019_LA_dev\flac\LA_D_1322543.flac,archive_(1)_ASVspoof2019_LA,audio,bonafide,0,train,.flac
C:\Users\paruc\Downloads\archive (1)\LA\LA\ASVspoof2019_LA_dev\flac\LA_D_1886121.flac,archive_(1)_ASVspoof2019_LA,audio,spoof,1,train,.flac
C:\Users\paruc\Downloads\archive (1)\LA\LA\ASVspoof2019_LA_dev\flac\LA_D_2644387.flac,archive_(1)_ASVspoof2019_LA,audio,bonafide,0,train,.flac
C:\Users\paruc\Downloads\archive (1)\LA\LA\ASVspoof2019_LA_dev\flac\LA_D_6920717.flac,archive_(1)_ASVspoof2019_LA,audio,bonafide,0,train,.flac
C:\Users\paruc\Downloads\archive (1)\LA\LA\ASVspoof2019_LA_dev\flac\LA_D_4246414.flac,archive_(1)_ASVspoof2019_LA,audio,spoof,1,train,.flac
C:\Users\paruc\Downloads\archive (1)\LA\LA\ASVspoof2019_LA_dev\flac\LA_D_3916177.flac,archive_(1)_ASVspoof2019_LA,audio,bonafide,0,train,.flac
C:\Users\paruc\Downloads\archive (1)\LA\LA\ASVspoof2019_LA_dev\flac\LA_D_4924355.flac,archive_(1)_ASVspoof2019_LA,audio,spoof,1,train,.flac
C:\Users\paruc\Downloads\archive (1)\LA\LA\ASVspoof2019_LA_dev\flac\LA_D_1664055.flac,archive_(1)_ASVspoof2019_LA,audio,spoof,1,train,.flac
C:\Users\paruc\Downloads\archive (1)\LA\LA\ASVspoof2019_LA_dev\flac\LA_D_3047959.flac,archive_(1)_ASVspoof2019_LA,audio,spoof,1,train,.flac
C:\Users\paruc\Downloads\archive (1)\LA\LA\ASVspoof2019_LA_dev\flac\LA_D_8241585.flac,archive_(1)_ASVspoof2019_LA,audio,bonafide,0,train,.flac
C:\Users\paruc\Downloads\archive (1)\LA\LA\ASVspoof2019_LA_dev\flac\LA_D_7597573.flac,archive_(1)_ASVspoof2019_LA,audio,spoof,1,train,.flac
C:\Users\paruc\Downloads\archive (1)\LA\LA\ASVspoof2019_LA_dev\flac\LA_D_8246056.flac,archive_(1)_ASVspoof2019_LA,audio,bonafide,0,train,.flac
C:\Users\paruc\Downloads\archive (1)\LA\LA\ASVspoof2019_LA_dev\flac\LA_D_3179260.flac,archive_(1)_ASVspoof2019_LA,audio,spoof,1,train,.flac
C:\Users\paruc\Downloads\archive (1)\LA\LA\ASVspoof2019_LA_dev\flac\LA_D_7152817.flac,archive_(1)_ASVspoof2019_LA,audio,bonafide,0,train,.flac
C:\Users\paruc\Downloads\archive (1)\LA\LA\ASVspoof2019_LA_dev\flac\LA_D_7626781.flac,archive_(1)_ASVspoof2019_LA,audio,spoof,1,train,.flac
C:\Users\paruc\Downloads\archive (1)\LA\LA\ASVspoof2019_LA_dev\flac\LA_D_5021244.flac,archive_(1)_ASVspoof2019_LA,audio,bonafide,0,train,.flac
C:\Users\paruc\Downloads\archive (1)\LA\LA\ASVspoof2019_LA_dev\flac\LA_D_9303165.flac,archive_(1)_ASVspoof2019_LA,audio,bonafide,0,train,.flac
C:\Users\paruc\Downloads\archive (1)\LA\LA\ASVspoof2019_LA_dev\flac\LA_D_6427358.flac,archive_(1)_ASVspoof2019_LA,audio,spoof,1,train,.flac
C:\Users\paruc\Downloads\archive (1)\LA\LA\ASVspoof2019_LA_dev\flac\LA_D_1809605.flac,archive_(1)_ASVspoof2019_LA,audio,spoof,1,train,.flac
C:\Users\paruc\Downloads\archive (1)\LA\LA\ASVspoof2019_LA_dev\flac\LA_D_2651795.flac,archive_(1)_ASVspoof2019_LA,audio,spoof,1,train,.flac
C:\Users\paruc\Downloads\archive (1)\LA\LA\ASVspoof2019_LA_dev\flac\LA_D_1725101.flac,archive_(1)_ASVspoof2019_LA,audio,spoof,1,train,.flac
C:\Users\paruc\Downloads\archive (1)\LA\LA\ASVspoof2019_LA_dev\flac\LA_D_7758267.flac,archive_(1)_ASVspoof2019_LA,audio,bonafide,0,train,.flac
C:\Users\paruc\Downloads\archive (1)\LA\LA\ASVspoof2019_LA_dev\flac\LA_D_9847755.flac,archive_(1)_ASVspoof2019_LA,audio,spoof,1,train,.flac
C:\Users\paruc\Downloads\archive (1)\LA\LA\ASVspoof2019_LA_dev\flac\LA_D_6744347.flac,archive_(1)_ASVspoof2019_LA,audio,spoof,1,train,.flac
C:\Users\paruc\Downloads\archive (1)\LA\LA\ASVspoof2019_LA_dev\flac\LA_D_8438363.flac,archive_(1)_ASVspoof2019_LA,audio,bonafide,0,train,.flac
C:\Users\paruc\Downloads\archive (1)\LA\LA\ASVspoof2019_LA_dev\flac\LA_D_7701126.flac,archive_(1)_ASVspoof2019_LA,audio,bonafide,0,train,.flac
C:\Users\paruc\Downloads\archive (1)\LA\LA\ASVspoof2019_LA_dev\flac\LA_D_1133069.flac,archive_(1)_ASVspoof2019_LA,audio,bonafide,0,train,.flac
C:\Users\paruc\Downloads\archive (1)\LA\LA\ASVspoof2019_LA_dev\flac\LA_D_6502976.flac,archive_(1)_ASVspoof2019_LA,audio,bonafide,0,train,.flac
C:\Users\paruc\Downloads\archive (1)\LA\LA\ASVspoof2019_LA_dev\flac\LA_D_5631742.flac,archive_(1)_ASVspoof2019_LA,audio,spoof,1,train,.flac
C:\Users\paruc\Downloads\archive (1)\LA\LA\ASVspoof2019_LA_dev\flac\LA_D_1602797.flac,archive_(1)_ASVspoof2019_LA,audio,spoof,1,train,.flac
C:\Users\paruc\Downloads\archive (1)\LA\LA\ASVspoof2019_LA_dev\flac\LA_D_7836235.flac,archive_(1)_ASVspoof2019_LA,audio,spoof,1,train,.flac
C:\Users\paruc\Downloads\archive (1)\LA\LA\ASVspoof2019_LA_dev\flac\LA_D_9049651.flac,archive_(1)_ASVspoof2019_LA,audio,spoof,1,train,.flac
C:\Users\paruc\Downloads\archive (1)\LA\LA\ASVspoof2019_LA_dev\flac\LA_D_9739801.flac,archive_(1)_ASVspoof2019_LA,audio,spoof,1,train,.flac
C:\Users\paruc\Downloads\archive (1)\LA\LA\ASVspoof2019_LA_dev\flac\LA_D_8261063.flac,archive_(1)_ASVspoof2019_LA,audio,spoof,1,train,.flac
C:\Users\paruc\Downloads\archive (1)\LA\LA\ASVspoof2019_LA_dev\flac\LA_D_5103566.flac,archive_(1)_ASVspoof2019_LA,audio,spoof,1,train,.flac
C:\Users\paruc\Downloads\archive (1)\LA\LA\ASVspoof2019_LA_dev\flac\LA_D_5891453.flac,archive_(1)_ASVspoof2019_LA,audio,bonafide,0,train,.flac
C:\Users\paruc\Downloads\archive (1)\LA\LA\ASVspoof2019_LA_dev\flac\LA_D_3483451.flac,archive_(1)_ASVspoof2019_LA,audio,bonafide,0,train,.flac
C:\Users\paruc\Downloads\archive (1)\LA\LA\ASVspoof2019_LA_dev\flac\LA_D_7398714.flac,archive_(1)_ASVspoof2019_LA,audio,spoof,1,train,.flac
C:\Users\paruc\Downloads\archive (1)\LA\LA\ASVspoof2019_LA_dev\flac\LA_D_2041530.flac,archive_(1)_ASVspoof2019_LA,audio,spoof,1,train,.flac
C:\Users\paruc\Downloads\archive (1)\LA\LA\ASVspoof2019_LA_dev\flac\LA_D_9359637.flac,archive_(1)_ASVspoof2019_LA,audio,bonafide,0,train,.flac
C:\Users\paruc\Downloads\archive (1)\LA\LA\ASVspoof2019_LA_dev\flac\LA_D_6391787.flac,archive_(1)_ASVspoof2019_LA,audio,bonafide,0,train,.flac
C:\Users\paruc\Downloads\archive (1)\LA\LA\ASVspoof2019_LA_dev\flac\LA_D_3717777.flac,archive_(1)_ASVspoof2019_LA,audio,bonafide,0,train,.flac
C:\Users\paruc\Downloads\archive (1)\LA\LA\ASVspoof2019_LA_dev\flac\LA_D_5304792.flac,archive_(1)_ASVspoof2019_LA,audio,spoof,1,train,.flac
C:\Users\paruc\Downloads\archive (1)\LA\LA\ASVspoof2019_LA_dev\flac\LA_D_7600822.flac,archive_(1)_ASVspoof2019_LA,audio,bonafide,0,train,.flac
C:\Users\paruc\Downloads\archive (1)\LA\LA\ASVspoof2019_LA_dev\flac\LA_D_7123406.flac,archive_(1)_ASVspoof2019_LA,audio,bonafide,0,train,.flac
C:\Users\paruc\Downloads\archive (1)\LA\LA\ASVspoof2019_LA_dev\flac\LA_D_2117889.flac,archive_(1)_ASVspoof2019_LA,audio,bonafide,0,train,.flac
C:\Users\paruc\Downloads\archive (1)\LA\LA\ASVspoof2019_LA_dev\flac\LA_D_8954865.flac,archive_(1)_ASVspoof2019_LA,audio,spoof,1,train,.flac
C:\Users\paruc\Downloads\archive (1)\LA\LA\ASVspoof2019_LA_dev\flac\LA_D_3444700.flac,archive_(1)_ASVspoof2019_LA,audio,bonafide,0,train,.flac
C:\Users\paruc\Downloads\archive (1)\LA\LA\ASVspoof2019_LA_dev\flac\LA_D_5974475.flac,archive_(1)_ASVspoof2019_LA,audio,bonafide,0,train,.flac
C:\Users\paruc\Downloads\archive (1)\LA\LA\ASVspoof2019_LA_dev\flac\LA_D_6386877.flac,archive_(1)_ASVspoof2019_LA,audio,bonafide,0,train,.flac
C:\Users\paruc\Downloads\archive (1)\LA\LA\ASVspoof2019_LA_dev\flac\LA_D_5842246.flac,archive_(1)_ASVspoof2019_LA,audio,spoof,1,train,.flac
C:\Users\paruc\Downloads\archive (1)\LA\LA\ASVspoof2019_LA_dev\flac\LA_D_5849819.flac,archive_(1)_ASVspoof2019_LA,audio,spoof,1,train,.flac
C:\Users\paruc\Downloads\archive (1)\LA\LA\ASVspoof2019_LA_dev\flac\LA_D_9769935.flac,archive_(1)_ASVspoof2019_LA,audio,spoof,1,train,.flac
C:\Users\paruc\Downloads\archive (1)\LA\LA\ASVspoof2019_LA_dev\flac\LA_D_8760189.flac,archive_(1)_ASVspoof2019_LA,audio,spoof,1,train,.flac
C:\Users\paruc\Downloads\archive (1)\LA\LA\ASVspoof2019_LA_dev\flac\LA_D_1918858.flac,archive_(1)_ASVspoof2019_LA,audio,spoof,1,train,.flac
C:\Users\paruc\Downloads\archive (1)\LA\LA\ASVspoof2019_LA_dev\flac\LA_D_9764249.flac,archive_(1)_ASVspoof2019_LA,audio,spoof,1,train,.flac
C:\Users\paruc\Downloads\archive (1)\LA\LA\ASVspoof2019_LA_dev\flac\LA_D_4309636.flac,archive_(1)_ASVspoof2019_LA,audio,spoof,1,train,.flac
C:\Users\paruc\Downloads\archive (1)\LA\LA\ASVspoof2019_LA_dev\flac\LA_D_9773491.flac,archive_(1)_ASVspoof2019_LA,audio,spoof,1,train,.flac
C:\Users\paruc\Downloads\archive (1)\LA\LA\ASVspoof2019_LA_dev\flac\LA_D_8560313.flac,archive_(1)_ASVspoof2019_LA,audio,spoof,1,train,.flac
C:\Users\paruc\Downloads\archive (1)\LA\LA\ASVspoof2019_LA_dev\flac\LA_D_7147745.flac,archive_(1)_ASVspoof2019_LA,audio,spoof,1,train,.flac
C:\Users\paruc\Downloads\archive (1)\LA\LA\ASVspoof2019_LA_dev\flac\LA_D_1121142.flac,archive_(1)_ASVspoof2019_LA,audio,bonafide,0,train,.flac
C:\Users\paruc\Downloads\archive (1)\LA\LA\ASVspoof2019_LA_dev\flac\LA_D_8976620.flac,archive_(1)_ASVspoof2019_LA,audio,bonafide,0,train,.flac
C:\Users\paruc\Downloads\archive (1)\LA\LA\ASVspoof2019_LA_dev\flac\LA_D_6493807.flac,archive_(1)_ASVspoof2019_LA,audio,spoof,1,train,.flac
C:\Users\paruc\Downloads\archive (1)\LA\LA\ASVspoof2019_LA_dev\flac\LA_D_6032630.flac,archive_(1)_ASVspoof2019_LA,audio,bonafide,0,train,.flac
C:\Users\paruc\Downloads\archive (1)\LA\LA\ASVspoof2019_LA_dev\flac\LA_D_4400364.flac,archive_(1)_ASVspoof2019_LA,audio,spoof,1,train,.flac
C:\Users\paruc\Downloads\archive (1)\LA\LA\ASVspoof2019_LA_dev\flac\LA_D_8486404.flac,archive_(1)_ASVspoof2019_LA,audio,spoof,1,train,.flac
C:\Users\paruc\Downloads\archive (1)\LA\LA\ASVspoof2019_LA_dev\flac\LA_D_6029420.flac,archive_(1)_ASVspoof2019_LA,audio,spoof,1,train,.flac
C:\Users\paruc\Downloads\archive (1)\LA\LA\ASVspoof2019_LA_dev\flac\LA_D_6913240.flac,archive_(1)_ASVspoof2019_LA,audio,bonafide,0,train,.flac
C:\Users\paruc\Downloads\archive (1)\LA\LA\ASVspoof2019_LA_dev\flac\LA_D_6378055.flac,archive_(1)_ASVspoof2019_LA,audio,spoof,1,train,.flac
C:\Users\paruc\Downloads\archive (1)\LA\LA\ASVspoof2019_LA_dev\flac\LA_D_7040526.flac,archive_(1)_ASVspoof2019_LA,audio,spoof,1,train,.flac
C:\Users\paruc\Downloads\archive (1)\LA\LA\ASVspoof2019_LA_dev\flac\LA_D_9148460.flac,archive_(1)_ASVspoof2019_LA,audio,bonafide,0,train,.flac
C:\Users\paruc\Downloads\archive (1)\LA\LA\ASVspoof2019_LA_dev\flac\LA_D_1877105.flac,archive_(1)_ASVspoof2019_LA,audio,bonafide,0,train,.flac
C:\Users\paruc\Downloads\archive (1)\LA\LA\ASVspoof2019_LA_dev\flac\LA_D_7712846.flac,archive_(1)_ASVspoof2019_LA,audio,bonafide,0,train,.flac
C:\Users\paruc\Downloads\archive (1)\LA\LA\ASVspoof2019_LA_dev\flac\LA_D_9972716.flac,archive_(1)_ASVspoof2019_LA,audio,spoof,1,train,.flac
C:\Users\paruc\Downloads\archive (1)\LA\LA\ASVspoof2019_LA_dev\flac\LA_D_7469185.flac,archive_(1)_ASVspoof2019_LA,audio,spoof,1,train,.flac
C:\Users\paruc\Downloads\archive (1)\LA\LA\ASVspoof2019_LA_dev\flac\LA_D_3386014.flac,archive_(1)_ASVspoof2019_LA,audio,spoof,1,train,.flac
C:\Users\paruc\Downloads\archive (1)\LA\LA\ASVspoof2019_LA_dev\flac\LA_D_6868998.flac,archive_(1)_ASVspoof2019_LA,audio,bonafide,0,train,.flac
C:\Users\paruc\Downloads\archive (1)\LA\LA\ASVspoof2019_LA_dev\flac\LA_D_7773540.flac,archive_(1)_ASVspoof2019_LA,audio,spoof,1,train,.flac
C:\Users\paruc\Downloads\archive (1)\LA\LA\ASVspoof2019_LA_dev\flac\LA_D_8769661.flac,archive_(1)_ASVspoof2019_LA,audio,bonafide,0,train,.flac
C:\Users\paruc\Downloads\archive (1)\LA\LA\ASVspoof2019_LA_dev\flac\LA_D_3251058.flac,archive_(1)_ASVspoof2019_LA,audio,bonafide,0,train,.flac
C:\Users\paruc\Downloads\archive (1)\LA\LA\ASVspoof2019_LA_dev\flac\LA_D_8737588.flac,archive_(1)_ASVspoof2019_LA,audio,bonafide,0,train,.flac
C:\Users\paruc\Downloads\archive (1)\LA\LA\ASVspoof2019_LA_dev\flac\LA_D_7870160.flac,archive_(1)_ASVspoof2019_LA,audio,bonafide,0,train,.flac
C:\Users\paruc\Downloads\archive (1)\LA\LA\ASVspoof2019_LA_dev\flac\LA_D_4668193.flac,archive_(1)_ASVspoof2019_LA,audio,bonafide,0,train,.flac
C:\Users\paruc\Downloads\archive (1)\LA\LA\ASVspoof2019_LA_dev\flac\LA_D_2080320.flac,archive_(1)_ASVspoof2019_LA,audio,spoof,1,train,.flac
C:\Users\paruc\Downloads\archive (1)\LA\LA\ASVspoof2019_LA_dev\flac\LA_D_4771783.flac,archive_(1)_ASVspoof2019_LA,audio,bonafide,0,train,.flac
C:\Users\paruc\Downloads\archive (1)\LA\LA\ASVspoof2019_LA_dev\flac\LA_D_6273901.flac,archive_(1)_ASVspoof2019_LA,audio,bonafide,0,train,.flac
C:\Users\paruc\Downloads\archive (1)\LA\LA\ASVspoof2019_LA_dev\flac\LA_D_7090657.flac,archive_(1)_ASVspoof2019_LA,audio,bonafide,0,train,.flac
C:\Users\paruc\Downloads\archive (1)\LA\LA\ASVspoof2019_LA_dev\flac\LA_D_9818402.flac,archive_(1)_ASVspoof2019_LA,audio,spoof,1,train,.flac
C:\Users\paruc\Downloads\archive (1)\LA\LA\ASVspoof2019_LA_dev\flac\LA_D_9257965.flac,archive_(1)_ASVspoof2019_LA,audio,spoof,1,train,.flac
C:\Users\paruc\Downloads\archive (1)\LA\LA\ASVspoof2019_LA_dev\flac\LA_D_5161729.flac,archive_(1)_ASVspoof2019_LA,audio,spoof,1,train,.flac
C:\Users\paruc\Downloads\archive (1)\LA\LA\ASVspoof2019_LA_dev\flac\LA_D_5107868.flac,archive_(1)_ASVspoof2019_LA,audio,spoof,1,train,.flac
C:\Users\paruc\Downloads\archive (1)\LA\LA\ASVspoof2019_LA_dev\flac\LA_D_2412960.flac,archive_(1)_ASVspoof2019_LA,audio,bonafide,0,train,.flac
C:\Users\paruc\Downloads\archive (1)\LA\LA\ASVspoof2019_LA_dev\flac\LA_D_5542285.flac,archive_(1)_ASVspoof2019_LA,audio,bonafide,0,train,.flac
C:\Users\paruc\Downloads\archive (1)\LA\LA\ASVspoof2019_LA_dev\flac\LA_D_2575965.flac,archive_(1)_ASVspoof2019_LA,audio,spoof,1,train,.flac
C:\Users\paruc\Downloads\archive (1)\LA\LA\ASVspoof2019_LA_dev\flac\LA_D_8033621.flac,archive_(1)_ASVspoof2019_LA,audio,bonafide,0,train,.flac
C:\Users\paruc\Downloads\archive (1)\LA\LA\ASVspoof2019_LA_dev\flac\LA_D_9026368.flac,archive_(1)_ASVspoof2019_LA,audio,bonafide,0,train,.flac
C:\Users\paruc\Downloads\archive (1)\LA\LA\ASVspoof2019_LA_dev\flac\LA_D_8183126.flac,archive_(1)_ASVspoof2019_LA,audio,bonafide,0,train,.flac
C:\Users\paruc\Downloads\archive (1)\LA\LA\ASVspoof2019_LA_dev\flac\LA_D_1374599.flac,archive_(1)_ASVspoof2019_LA,audio,spoof,1,train,.flac
C:\Users\paruc\Downloads\archive (1)\LA\LA\ASVspoof2019_LA_dev\flac\LA_D_6736028.flac,archive_(1)_ASVspoof2019_LA,audio,bonafide,0,train,.flac
C:\Users\paruc\Downloads\archive (1)\LA\LA\ASVspoof2019_LA_dev\flac\LA_D_1165345.flac,archive_(1)_ASVspoof2019_LA,audio,spoof,1,train,.flac
C:\Users\paruc\Downloads\archive (1)\LA\LA\ASVspoof2019_LA_dev\flac\LA_D_8391684.flac,archive_(1)_ASVspoof2019_LA,audio,spoof,1,train,.flac
C:\Users\paruc\Downloads\archive (1)\LA\LA\ASVspoof2019_LA_dev\flac\LA_D_8293730.flac,archive_(1)_ASVspoof2019_LA,audio,spoof,1,train,.flac
C:\Users\paruc\Downloads\archive (1)\LA\LA\ASVspoof2019_LA_dev\flac\LA_D_3851855.flac,archive_(1)_ASVspoof2019_LA,audio,bonafide,0,train,.flac
C:\Users\paruc\Downloads\archive (1)\LA\LA\ASVspoof2019_LA_dev\flac\LA_D_4459406.flac,archive_(1)_ASVspoof2019_LA,audio,spoof,1,train,.flac
C:\Users\paruc\Downloads\archive (1)\LA\LA\ASVspoof2019_LA_dev\flac\LA_D_9333593.flac,archive_(1)_ASVspoof2019_LA,audio,spoof,1,train,.flac
C:\Users\paruc\Downloads\archive (1)\LA\LA\ASVspoof2019_LA_dev\flac\LA_D_2460010.flac,archive_(1)_ASVspoof2019_LA,audio,spoof,1,train,.flac
C:\Users\paruc\Downloads\archive (1)\LA\LA\ASVspoof2019_LA_dev\flac\LA_D_6104615.flac,archive_(1)_ASVspoof2019_LA,audio,spoof,1,train,.flac
C:\Users\paruc\Downloads\archive (1)\LA\LA\ASVspoof2019_LA_dev\flac\LA_D_1567712.flac,archive_(1)_ASVspoof2019_LA,audio,spoof,1,train,.flac
C:\Users\paruc\Downloads\archive (1)\LA\LA\ASVspoof2019_LA_dev\flac\LA_D_5120726.flac,archive_(1)_ASVspoof2019_LA,audio,spoof,1,train,.flac
C:\Users\paruc\Downloads\archive (1)\LA\LA\ASVspoof2019_LA_dev\flac\LA_D_4837193.flac,archive_(1)_ASVspoof2019_LA,audio,spoof,1,train,.flac
C:\Users\paruc\Downloads\archive (1)\LA\LA\ASVspoof2019_LA_dev\flac\LA_D_8962291.flac,archive_(1)_ASVspoof2019_LA,audio,spoof,1,train,.flac
C:\Users\paruc\Downloads\archive (1)\LA\LA\ASVspoof2019_LA_dev\flac\LA_D_4603625.flac,archive_(1)_ASVspoof2019_LA,audio,bonafide,0,train,.flac
C:\Users\paruc\Downloads\archive (1)\LA\LA\ASVspoof2019_LA_dev\flac\LA_D_4700343.flac,archive_(1)_ASVspoof2019_LA,audio,spoof,1,train,.flac
C:\Users\paruc\Downloads\archive (1)\LA\LA\ASVspoof2019_LA_dev\flac\LA_D_7143144.flac,archive_(1)_ASVspoof2019_LA,audio,bonafide,0,train,.flac
C:\Users\paruc\Downloads\archive (1)\LA\LA\ASVspoof2019_LA_dev\flac\LA_D_2731741.flac,archive_(1)_ASVspoof2019_LA,audio,bonafide,0,train,.flac
C:\Users\paruc\Downloads\archive (1)\LA\LA\ASVspoof2019_LA_dev\flac\LA_D_8635476.flac,archive_(1)_ASVspoof2019_LA,audio,bonafide,0,train,.flac
C:\Users\paruc\Downloads\archive (1)\LA\LA\ASVspoof2019_LA_dev\flac\LA_D_5513257.flac,archive_(1)_ASVspoof2019_LA,audio,bonafide,0,train,.flac
C:\Users\paruc\Downloads\archive (1)\LA\LA\ASVspoof2019_LA_dev\flac\LA_D_2051747.flac,archive_(1)_ASVspoof2019_LA,audio,bonafide,0,train,.flac
C:\Users\paruc\Downloads\archive (1)\LA\LA\ASVspoof2019_LA_dev\flac\LA_D_9452798.flac,archive_(1)_ASVspoof2019_LA,audio,spoof,1,train,.flac
C:\Users\paruc\Downloads\archive (1)\LA\LA\ASVspoof2019_LA_dev\flac\LA_D_6503952.flac,archive_(1)_ASVspoof2019_LA,audio,spoof,1,train,.flac
C:\Users\paruc\Downloads\archive (1)\LA\LA\ASVspoof2019_LA_dev\flac\LA_D_5903873.flac,archive_(1)_ASVspoof2019_LA,audio,bonafide,0,train,.flac
C:\Users\paruc\Downloads\archive (1)\LA\LA\ASVspoof2019_LA_dev\flac\LA_D_4083446.flac,archive_(1)_ASVspoof2019_LA,audio,spoof,1,train,.flac
C:\Users\paruc\Downloads\archive (1)\LA\LA\ASVspoof2019_LA_dev\flac\LA_D_2243488.flac,archive_(1)_ASVspoof2019_LA,audio,spoof,1,train,.flac
C:\Users\paruc\Downloads\archive (1)\LA\LA\ASVspoof2019_LA_dev\flac\LA_D_6725694.flac,archive_(1)_ASVspoof2019_LA,audio,spoof,1,train,.flac
C:\Users\paruc\Downloads\archive (1)\LA\LA\ASVspoof2019_LA_dev\flac\LA_D_2044088.flac,archive_(1)_ASVspoof2019_LA,audio,bonafide,0,train,.flac
C:\Users\paruc\Downloads\archive (1)\LA\LA\ASVspoof2019_LA_dev\flac\LA_D_8813855.flac,archive_(1)_ASVspoof2019_LA,audio,bonafide,0,train,.flac
C:\Users\paruc\Downloads\archive (1)\LA\LA\ASVspoof2019_LA_dev\flac\LA_D_3945227.flac,archive_(1)_ASVspoof2019_LA,audio,spoof,1,train,.flac
C:\Users\paruc\Downloads\archive (1)\LA\LA\ASVspoof2019_LA_dev\flac\LA_D_4546481.flac,archive_(1)_ASVspoof2019_LA,audio,bonafide,0,train,.flac
C:\Users\paruc\Downloads\archive (1)\LA\LA\ASVspoof2019_LA_dev\flac\LA_D_3921756.flac,archive_(1)_ASVspoof2019_LA,audio,spoof,1,train,.flac
C:\Users\paruc\Downloads\archive (1)\LA\LA\ASVspoof2019_LA_dev\flac\LA_D_1421837.flac,archive_(1)_ASVspoof2019_LA,audio,spoof,1,train,.flac
C:\Users\paruc\Downloads\archive (1)\LA\LA\ASVspoof2019_LA_dev\flac\LA_D_3508441.flac,archive_(1)_ASVspoof2019_LA,audio,spoof,1,train,.flac
C:\Users\paruc\Downloads\archive (1)\LA\LA\ASVspoof2019_LA_dev\flac\LA_D_2323900.flac,archive_(1)_ASVspoof2019_LA,audio,spoof,1,train,.flac
C:\Users\paruc\Downloads\archive (1)\LA\LA\ASVspoof2019_LA_dev\flac\LA_D_6919952.flac,archive_(1)_ASVspoof2019_LA,audio,spoof,1,train,.flac
C:\Users\paruc\Downloads\archive (1)\LA\LA\ASVspoof2019_LA_dev\flac\LA_D_4330927.flac,archive_(1)_ASVspoof2019_LA,audio,spoof,1,train,.flac
C:\Users\paruc\Downloads\archive (1)\LA\LA\ASVspoof2019_LA_dev\flac\LA_D_1555842.flac,archive_(1)_ASVspoof2019_LA,audio,spoof,1,train,.flac
C:\Users\paruc\Downloads\archive (1)\LA\LA\ASVspoof2019_LA_dev\flac\LA_D_2017083.flac,archive_(1)_ASVspoof2019_LA,audio,spoof,1,train,.flac
C:\Users\paruc\Downloads\archive (1)\LA\LA\ASVspoof2019_LA_dev\flac\LA_D_9750223.flac,archive_(1)_ASVspoof2019_LA,audio,bonafide,0,train,.flac
C:\Users\paruc\Downloads\archive (1)\LA\LA\ASVspoof2019_LA_dev\flac\LA_D_1567825.flac,archive_(1)_ASVspoof2019_LA,audio,spoof,1,train,.flac
C:\Users\paruc\Downloads\archive (1)\LA\LA\ASVspoof2019_LA_dev\flac\LA_D_7303817.flac,archive_(1)_ASVspoof2019_LA,audio,spoof,1,train,.flac
C:\Users\paruc\Downloads\archive (1)\LA\LA\ASVspoof2019_LA_dev\flac\LA_D_4016743.flac,archive_(1)_ASVspoof2019_LA,audio,bonafide,0,train,.flac
C:\Users\paruc\Downloads\archive (1)\LA\LA\ASVspoof2019_LA_dev\flac\LA_D_2455736.flac,archive_(1)_ASVspoof2019_LA,audio,bonafide,0,train,.flac
C:\Users\paruc\Downloads\archive (1)\LA\LA\ASVspoof2019_LA_dev\flac\LA_D_5326475.flac,archive_(1)_ASVspoof2019_LA,audio,bonafide,0,train,.flac
C:\Users\paruc\Downloads\archive (1)\LA\LA\ASVspoof2019_LA_dev\flac\LA_D_3606059.flac,archive_(1)_ASVspoof2019_LA,audio,spoof,1,train,.flac
C:\Users\paruc\Downloads\archive (1)\LA\LA\ASVspoof2019_LA_dev\flac\LA_D_8145707.flac,archive_(1)_ASVspoof2019_LA,audio,spoof,1,train,.flac
C:\Users\paruc\Downloads\archive (1)\LA\LA\ASVspoof2019_LA_dev\flac\LA_D_5051913.flac,archive_(1)_ASVspoof2019_LA,audio,spoof,1,train,.flac
C:\Users\paruc\Downloads\archive (1)\LA\LA\ASVspoof2019_LA_dev\flac\LA_D_6738889.flac,archive_(1)_ASVspoof2019_LA,audio,spoof,1,train,.flac
C:\Users\paruc\Downloads\archive (1)\LA\LA\ASVspoof2019_LA_dev\flac\LA_D_1309629.flac,archive_(1)_ASVspoof2019_LA,audio,spoof,1,train,.flac
C:\Users\paruc\Downloads\archive (1)\LA\LA\ASVspoof2019_LA_dev\flac\LA_D_8946580.flac,archive_(1)_ASVspoof2019_LA,audio,bonafide,0,train,.flac
C:\Users\paruc\Downloads\archive (1)\LA\LA\ASVspoof2019_LA_dev\flac\LA_D_8480951.flac,archive_(1)_ASVspoof2019_LA,audio,spoof,1,train,.flac
C:\Users\paruc\Downloads\archive (1)\LA\LA\ASVspoof2019_LA_dev\flac\LA_D_4440923.flac,archive_(1)_ASVspoof2019_LA,audio,bonafide,0,train,.flac
C:\Users\paruc\Downloads\archive (1)\LA\LA\ASVspoof2019_LA_dev\flac\LA_D_4819731.flac,archive_(1)_ASVspoof2019_LA,audio,spoof,1,train,.flac
C:\Users\paruc\Downloads\archive (1)\LA\LA\ASVspoof2019_LA_dev\flac\LA_D_9820905.flac,archive_(1)_ASVspoof2019_LA,audio,bonafide,0,train,.flac
C:\Users\paruc\Downloads\archive (1)\LA\LA\ASVspoof2019_LA_dev\flac\LA_D_1144247.flac,archive_(1)_ASVspoof2019_LA,audio,spoof,1,train,.flac
C:\Users\paruc\Downloads\archive (1)\LA\LA\ASVspoof2019_LA_dev\flac\LA_D_4159059.flac,archive_(1)_ASVspoof2019_LA,audio,bonafide,0,train,.flac
C:\Users\paruc\Downloads\archive (1)\LA\LA\ASVspoof2019_LA_dev\flac\LA_D_5759044.flac,archive_(1)_ASVspoof2019_LA,audio,spoof,1,train,.flac
C:\Users\paruc\Downloads\archive (1)\LA\LA\ASVspoof2019_LA_dev\flac\LA_D_6853824.flac,archive_(1)_ASVspoof2019_LA,audio,bonafide,0,train,.flac
C:\Users\paruc\Downloads\archive (1)\LA\LA\ASVspoof2019_LA_dev\flac\LA_D_7757579.flac,archive_(1)_ASVspoof2019_LA,audio,bonafide,0,train,.flac
C:\Users\paruc\Downloads\archive (1)\LA\LA\ASVspoof2019_LA_dev\flac\LA_D_1995371.flac,archive_(1)_ASVspoof2019_LA,audio,spoof,1,train,.flac
C:\Users\paruc\Downloads\archive (1)\LA\LA\ASVspoof2019_LA_dev\flac\LA_D_9382127.flac,archive_(1)_ASVspoof2019_LA,audio,spoof,1,train,.flac
C:\Users\paruc\Downloads\archive (1)\LA\LA\ASVspoof2019_LA_dev\flac\LA_D_3555589.flac,archive_(1)_ASVspoof2019_LA,audio,bonafide,0,train,.flac
C:\Users\paruc\Downloads\archive (1)\LA\LA\ASVspoof2019_LA_dev\flac\LA_D_1116049.flac,archive_(1)_ASVspoof2019_LA,audio,spoof,1,train,.flac
C:\Users\paruc\Downloads\archive (1)\LA\LA\ASVspoof2019_LA_dev\flac\LA_D_9124462.flac,archive_(1)_ASVspoof2019_LA,audio,spoof,1,train,.flac
C:\Users\paruc\Downloads\archive (1)\LA\LA\ASVspoof2019_LA_dev\flac\LA_D_8419568.flac,archive_(1)_ASVspoof2019_LA,audio,bonafide,0,train,.flac
C:\Users\paruc\Downloads\archive (1)\LA\LA\ASVspoof2019_LA_dev\flac\LA_D_3343965.flac,archive_(1)_ASVspoof2019_LA,audio,bonafide,0,train,.flac
C:\Users\paruc\Downloads\archive (1)\LA\LA\ASVspoof2019_LA_dev\flac\LA_D_6460049.flac,archive_(1)_ASVspoof2019_LA,audio,bonafide,0,train,.flac
C:\Users\paruc\Downloads\archive (1)\LA\LA\ASVspoof2019_LA_dev\flac\LA_D_8488684.flac,archive_(1)_ASVspoof2019_LA,audio,spoof,1,train,.flac
C:\Users\paruc\Downloads\archive (1)\LA\LA\ASVspoof2019_LA_dev\flac\LA_D_8295327.flac,archive_(1)_ASVspoof2019_LA,audio,spoof,1,train,.flac
C:\Users\paruc\Downloads\archive (1)\LA\LA\ASVspoof2019_LA_dev\flac\LA_D_6115340.flac,archive_(1)_ASVspoof2019_LA,audio,spoof,1,train,.flac
C:\Users\paruc\Downloads\archive (1)\LA\LA\ASVspoof2019_LA_dev\flac\LA_D_3317337.flac,archive_(1)_ASVspoof2019_LA,audio,spoof,1,train,.flac
C:\Users\paruc\Downloads\archive (1)\LA\LA\ASVspoof2019_LA_dev\flac\LA_D_5221028.flac,archive_(1)_ASVspoof2019_LA,audio,spoof,1,train,.flac
C:\Users\paruc\Downloads\archive (1)\LA\LA\ASVspoof2019_LA_dev\flac\LA_D_9486751.flac,archive_(1)_ASVspoof2019_LA,audio,spoof,1,train,.flac
C:\Users\paruc\Downloads\archive (1)\LA\LA\ASVspoof2019_LA_dev\flac\LA_D_4154887.flac,archive_(1)_ASVspoof2019_LA,audio,bonafide,0,train,.flac
C:\Users\paruc\Downloads\archive (1)\LA\LA\ASVspoof2019_LA_dev\flac\LA_D_3628282.flac,archive_(1)_ASVspoof2019_LA,audio,spoof,1,train,.flac
C:\Users\paruc\Downloads\archive (1)\LA\LA\ASVspoof2019_LA_dev\flac\LA_D_8764151.flac,archive_(1)_ASVspoof2019_LA,audio,spoof,1,train,.flac
C:\Users\paruc\Downloads\archive (1)\LA\LA\ASVspoof2019_LA_dev\flac\LA_D_3460862.flac,archive_(1)_ASVspoof2019_LA,audio,spoof,1,train,.flac
C:\Users\paruc\Downloads\archive (1)\LA\LA\ASVspoof2019_LA_dev\flac\LA_D_1766721.flac,archive_(1)_ASVspoof2019_LA,audio,bonafide,0,train,.flac
C:\Users\paruc\Downloads\archive (1)\LA\LA\ASVspoof2019_LA_dev\flac\LA_D_8655144.flac,archive_(1)_ASVspoof2019_LA,audio,spoof,1,train,.flac
C:\Users\paruc\Downloads\archive (1)\LA\LA\ASVspoof2019_LA_dev\flac\LA_D_6717375.flac,archive_(1)_ASVspoof2019_LA,audio,bonafide,0,train,.flac
C:\Users\paruc\Downloads\archive (1)\LA\LA\ASVspoof2019_LA_dev\flac\LA_D_4631592.flac,archive_(1)_ASVspoof2019_LA,audio,bonafide,0,train,.flac
C:\Users\paruc\Downloads\archive (1)\LA\LA\ASVspoof2019_LA_dev\flac\LA_D_9504776.flac,archive_(1)_ASVspoof2019_LA,audio,spoof,1,train,.flac
C:\Users\paruc\Downloads\archive (1)\LA\LA\ASVspoof2019_LA_dev\flac\LA_D_1133998.flac,archive_(1)_ASVspoof2019_LA,audio,bonafide,0,train,.flac
C:\Users\paruc\Downloads\archive (1)\LA\LA\ASVspoof2019_LA_dev\flac\LA_D_5908876.flac,archive_(1)_ASVspoof2019_LA,audio,spoof,1,train,.flac
C:\Users\paruc\Downloads\archive (1)\LA\LA\ASVspoof2019_LA_dev\flac\LA_D_3211572.flac,archive_(1)_ASVspoof2019_LA,audio,spoof,1,train,.flac
C:\Users\paruc\Downloads\archive (1)\LA\LA\ASVspoof2019_LA_dev\flac\LA_D_1535257.flac,archive_(1)_ASVspoof2019_LA,audio,spoof,1,train,.flac
C:\Users\paruc\Downloads\archive (1)\LA\LA\ASVspoof2019_LA_dev\flac\LA_D_5545304.flac,archive_(1)_ASVspoof2019_LA,audio,bonafide,0,train,.flac
C:\Users\paruc\Downloads\archive (1)\LA\LA\ASVspoof2019_LA_dev\flac\LA_D_4422044.flac,archive_(1)_ASVspoof2019_LA,audio,spoof,1,train,.flac
C:\Users\paruc\Downloads\archive (1)\LA\LA\ASVspoof2019_LA_dev\flac\LA_D_8329816.flac,archive_(1)_ASVspoof2019_LA,audio,spoof,1,train,.flac
C:\Users\paruc\Downloads\archive (1)\LA\LA\ASVspoof2019_LA_dev\flac\LA_D_1867538.flac,archive_(1)_ASVspoof2019_LA,audio,spoof,1,train,.flac
C:\Users\paruc\Downloads\archive (1)\LA\LA\ASVspoof2019_LA_dev\flac\LA_D_9771809.flac,archive_(1)_ASVspoof2019_LA,audio,spoof,1,train,.flac
C:\Users\paruc\Downloads\archive (1)\LA\LA\ASVspoof2019_LA_dev\flac\LA_D_3716647.flac,archive_(1)_ASVspoof2019_LA,audio,spoof,1,train,.flac
C:\Users\paruc\Downloads\archive (1)\LA\LA\ASVspoof2019_LA_dev\flac\LA_D_3967616.flac,archive_(1)_ASVspoof2019_LA,audio,spoof,1,train,.flac
C:\Users\paruc\Downloads\archive (1)\LA\LA\ASVspoof2019_LA_dev\flac\LA_D_2666979.flac,archive_(1)_ASVspoof2019_LA,audio,bonafide,0,train,.flac
C:\Users\paruc\Downloads\archive (1)\LA\LA\ASVspoof2019_LA_dev\flac\LA_D_9169706.flac,archive_(1)_ASVspoof2019_LA,audio,bonafide,0,train,.flac
C:\Users\paruc\Downloads\archive (1)\LA\LA\ASVspoof2019_LA_dev\flac\LA_D_7727110.flac,archive_(1)_ASVspoof2019_LA,audio,spoof,1,train,.flac
C:\Users\paruc\Downloads\archive (1)\LA\LA\ASVspoof2019_LA_dev\flac\LA_D_6031544.flac,archive_(1)_ASVspoof2019_LA,audio,bonafide,0,train,.flac
C:\Users\paruc\Downloads\archive (1)\LA\LA\ASVspoof2019_LA_dev\flac\LA_D_4969607.flac,archive_(1)_ASVspoof2019_LA,audio,bonafide,0,train,.flac
C:\Users\paruc\Downloads\archive (1)\LA\LA\ASVspoof2019_LA_dev\flac\LA_D_1902645.flac,archive_(1)_ASVspoof2019_LA,audio,bonafide,0,train,.flac
C:\Users\paruc\Downloads\archive (1)\LA\LA\ASVspoof2019_LA_dev\flac\LA_D_9725525.flac,archive_(1)_ASVspoof2019_LA,audio,spoof,1,train,.flac
C:\Users\paruc\Downloads\archive (1)\LA\LA\ASVspoof2019_LA_dev\flac\LA_D_9528054.flac,archive_(1)_ASVspoof2019_LA,audio,spoof,1,train,.flac
C:\Users\paruc\Downloads\archive (1)\LA\LA\ASVspoof2019_LA_dev\flac\LA_D_6451106.flac,archive_(1)_ASVspoof2019_LA,audio,bonafide,0,train,.flac
C:\Users\paruc\Downloads\archive (1)\LA\LA\ASVspoof2019_LA_dev\flac\LA_D_1838177.flac,archive_(1)_ASVspoof2019_LA,audio,bonafide,0,train,.flac
C:\Users\paruc\Downloads\archive (1)\LA\LA\ASVspoof2019_LA_dev\flac\LA_D_2791787.flac,archive_(1)_ASVspoof2019_LA,audio,bonafide,0,train,.flac
C:\Users\paruc\Downloads\archive (1)\LA\LA\ASVspoof2019_LA_dev\flac\LA_D_4044847.flac,archive_(1)_ASVspoof2019_LA,audio,spoof,1,train,.flac
C:\Users\paruc\Downloads\archive (1)\LA\LA\ASVspoof2019_LA_dev\flac\LA_D_5749828.flac,archive_(1)_ASVspoof2019_LA,audio,spoof,1,train,.flac
C:\Users\paruc\Downloads\archive (1)\LA\LA\ASVspoof2019_LA_dev\flac\LA_D_1855940.flac,archive_(1)_ASVspoof2019_LA,audio,spoof,1,train,.flac
C:\Users\paruc\Downloads\archive (1)\LA\LA\ASVspoof2019_LA_dev\flac\LA_D_3802428.flac,archive_(1)_ASVspoof2019_LA,audio,spoof,1,train,.flac
C:\Users\paruc\Downloads\archive (1)\LA\LA\ASVspoof2019_LA_dev\flac\LA_D_6465758.flac,archive_(1)_ASVspoof2019_LA,audio,spoof,1,train,.flac
C:\Users\paruc\Downloads\archive (1)\LA\LA\ASVspoof2019_LA_dev\flac\LA_D_3740762.flac,archive_(1)_ASVspoof2019_LA,audio,spoof,1,train,.flac
C:\Users\paruc\Downloads\archive (1)\LA\LA\ASVspoof2019_LA_dev\flac\LA_D_9512174.flac,archive_(1)_ASVspoof2019_LA,audio,bonafide,0,train,.flac
C:\Users\paruc\Downloads\archive (1)\LA\LA\ASVspoof2019_LA_dev\flac\LA_D_8289522.flac,archive_(1)_ASVspoof2019_LA,audio,bonafide,0,train,.flac
C:\Users\paruc\Downloads\archive (1)\LA\LA\ASVspoof2019_LA_dev\flac\LA_D_5876152.flac,archive_(1)_ASVspoof2019_LA,audio,spoof,1,train,.flac
C:\Users\paruc\Downloads\archive (1)\LA\LA\ASVspoof2019_LA_dev\flac\LA_D_2850721.flac,archive_(1)_ASVspoof2019_LA,audio,spoof,1,train,.flac
C:\Users\paruc\Downloads\archive (1)\LA\LA\ASVspoof2019_LA_dev\flac\LA_D_8826808.flac,archive_(1)_ASVspoof2019_LA,audio,bonafide,0,train,.flac
C:\Users\paruc\Downloads\archive (1)\LA\LA\ASVspoof2019_LA_dev\flac\LA_D_2160989.flac,archive_(1)_ASVspoof2019_LA,audio,bonafide,0,train,.flac
C:\Users\paruc\Downloads\archive (1)\LA\LA\ASVspoof2019_LA_dev\flac\LA_D_6303389.flac,archive_(1)_ASVspoof2019_LA,audio,bonafide,0,train,.flac
C:\Users\paruc\Downloads\archive (1)\LA\LA\ASVspoof2019_LA_dev\flac\LA_D_9390591.flac,archive_(1)_ASVspoof2019_LA,audio,spoof,1,train,.flac
C:\Users\paruc\Downloads\archive (1)\LA\LA\ASVspoof2019_LA_dev\flac\LA_D_6469647.flac,archive_(1)_ASVspoof2019_LA,audio,spoof,1,train,.flac
C:\Users\paruc\Downloads\archive (1)\LA\LA\ASVspoof2019_LA_dev\flac\LA_D_4339929.flac,archive_(1)_ASVspoof2019_LA,audio,spoof,1,train,.flac
C:\Users\paruc\Downloads\archive (1)\LA\LA\ASVspoof2019_LA_dev\flac\LA_D_9310915.flac,archive_(1)_ASVspoof2019_LA,audio,spoof,1,train,.flac
C:\Users\paruc\Downloads\archive (1)\LA\LA\ASVspoof2019_LA_dev\flac\LA_D_9339036.flac,archive_(1)_ASVspoof2019_LA,audio,spoof,1,train,.flac
C:\Users\paruc\Downloads\archive (1)\LA\LA\ASVspoof2019_LA_dev\flac\LA_D_6858810.flac,archive_(1)_ASVspoof2019_LA,audio,spoof,1,train,.flac
C:\Users\paruc\Downloads\archive (1)\LA\LA\ASVspoof2019_LA_dev\flac\LA_D_8684186.flac,archive_(1)_ASVspoof2019_LA,audio,spoof,1,train,.flac
C:\Users\paruc\Downloads\archive (1)\LA\LA\ASVspoof2019_LA_dev\flac\LA_D_1982159.flac,archive_(1)_ASVspoof2019_LA,audio,bonafide,0,train,.flac
C:\Users\paruc\Downloads\archive (1)\LA\LA\ASVspoof2019_LA_dev\flac\LA_D_1438615.flac,archive_(1)_ASVspoof2019_LA,audio,bonafide,0,train,.flac
C:\Users\paruc\Downloads\archive (1)\LA\LA\ASVspoof2019_LA_dev\flac\LA_D_3979729.flac,archive_(1)_ASVspoof2019_LA,audio,spoof,1,train,.flac
C:\Users\paruc\Downloads\archive (1)\LA\LA\ASVspoof2019_LA_dev\flac\LA_D_4485182.flac,archive_(1)_ASVspoof2019_LA,audio,bonafide,0,train,.flac
C:\Users\paruc\Downloads\archive (1)\LA\LA\ASVspoof2019_LA_dev\flac\LA_D_2317390.flac,archive_(1)_ASVspoof2019_LA,audio,spoof,1,train,.flac
C:\Users\paruc\Downloads\archive (1)\LA\LA\ASVspoof2019_LA_dev\flac\LA_D_7182301.flac,archive_(1)_ASVspoof2019_LA,audio,bonafide,0,train,.flac
C:\Users\paruc\Downloads\archive (1)\LA\LA\ASVspoof2019_LA_dev\flac\LA_D_8775776.flac,archive_(1)_ASVspoof2019_LA,audio,bonafide,0,train,.flac
C:\Users\paruc\Downloads\archive (1)\LA\LA\ASVspoof2019_LA_dev\flac\LA_D_7509721.flac,archive_(1)_ASVspoof2019_LA,audio,spoof,1,train,.flac
C:\Users\paruc\Downloads\archive (1)\LA\LA\ASVspoof2019_LA_dev\flac\LA_D_9305482.flac,archive_(1)_ASVspoof2019_LA,audio,spoof,1,train,.flac
C:\Users\paruc\Downloads\archive (1)\LA\LA\ASVspoof2019_LA_dev\flac\LA_D_2195595.flac,archive_(1)_ASVspoof2019_LA,audio,spoof,1,train,.flac
C:\Users\paruc\Downloads\archive (1)\LA\LA\ASVspoof2019_LA_dev\flac\LA_D_2370383.flac,archive_(1)_ASVspoof2019_LA,audio,bonafide,0,train,.flac
C:\Users\paruc\Downloads\archive (1)\LA\LA\ASVspoof2019_LA_dev\flac\LA_D_5028708.flac,archive_(1)_ASVspoof2019_LA,audio,spoof,1,train,.flac
C:\Users\paruc\Downloads\archive (1)\LA\LA\ASVspoof2019_LA_dev\flac\LA_D_2861752.flac,archive_(1)_ASVspoof2019_LA,audio,bonafide,0,train,.flac
C:\Users\paruc\Downloads\archive (1)\LA\LA\ASVspoof2019_LA_dev\flac\LA_D_4318753.flac,archive_(1)_ASVspoof2019_LA,audio,bonafide,0,train,.flac
C:\Users\paruc\Downloads\archive (1)\LA\LA\ASVspoof2019_LA_dev\flac\LA_D_4374847.flac,archive_(1)_ASVspoof2019_LA,audio,spoof,1,train,.flac
C:\Users\paruc\Downloads\archive (1)\LA\LA\ASVspoof2019_LA_dev\flac\LA_D_5709714.flac,archive_(1)_ASVspoof2019_LA,audio,spoof,1,train,.flac
C:\Users\paruc\Downloads\archive (1)\LA\LA\ASVspoof2019_LA_dev\flac\LA_D_6503475.flac,archive_(1)_ASVspoof2019_LA,audio,bonafide,0,train,.flac
C:\Users\paruc\Downloads\archive (1)\LA\LA\ASVspoof2019_LA_dev\flac\LA_D_5597859.flac,archive_(1)_ASVspoof2019_LA,audio,spoof,1,train,.flac
C:\Users\paruc\Downloads\archive (1)\LA\LA\ASVspoof2019_LA_dev\flac\LA_D_2842063.flac,archive_(1)_ASVspoof2019_LA,audio,bonafide,0,train,.flac
C:\Users\paruc\Downloads\archive (1)\LA\LA\ASVspoof2019_LA_dev\flac\LA_D_3977034.flac,archive_(1)_ASVspoof2019_LA,audio,bonafide,0,train,.flac
C:\Users\paruc\Downloads\archive (1)\LA\LA\ASVspoof2019_LA_dev\flac\LA_D_6511794.flac,archive_(1)_ASVspoof2019_LA,audio,spoof,1,train,.flac
C:\Users\paruc\Downloads\archive (1)\LA\LA\ASVspoof2019_LA_dev\flac\LA_D_4402714.flac,archive_(1)_ASVspoof2019_LA,audio,bonafide,0,train,.flac
C:\Users\paruc\Downloads\archive (1)\LA\LA\ASVspoof2019_LA_dev\flac\LA_D_3678841.flac,archive_(1)_ASVspoof2019_LA,audio,bonafide,0,train,.flac
C:\Users\paruc\Downloads\archive (1)\LA\LA\ASVspoof2019_LA_dev\flac\LA_D_5045373.flac,archive_(1)_ASVspoof2019_LA,audio,bonafide,0,train,.flac
C:\Users\paruc\Downloads\archive (1)\LA\LA\ASVspoof2019_LA_dev\flac\LA_D_2409344.flac,archive_(1)_ASVspoof2019_LA,audio,spoof,1,train,.flac
C:\Users\paruc\Downloads\archive (1)\LA\LA\ASVspoof2019_LA_dev\flac\LA_D_9579816.flac,archive_(1)_ASVspoof2019_LA,audio,spoof,1,train,.flac
C:\Users\paruc\Downloads\archive (1)\LA\LA\ASVspoof2019_LA_dev\flac\LA_D_6988292.flac,archive_(1)_ASVspoof2019_LA,audio,spoof,1,train,.flac
C:\Users\paruc\Downloads\archive (1)\LA\LA\ASVspoof2019_LA_dev\flac\LA_D_9241622.flac,archive_(1)_ASVspoof2019_LA,audio,spoof,1,train,.flac
C:\Users\paruc\Downloads\archive (1)\LA\LA\ASVspoof2019_LA_dev\flac\LA_D_4055931.flac,archive_(1)_ASVspoof2019_LA,audio,spoof,1,train,.flac
C:\Users\paruc\Downloads\archive (1)\LA\LA\ASVspoof2019_LA_dev\flac\LA_D_8426461.flac,archive_(1)_ASVspoof2019_LA,audio,bonafide,0,train,.flac
C:\Users\paruc\Downloads\archive (1)\LA\LA\ASVspoof2019_LA_dev\flac\LA_D_6125461.flac,archive_(1)_ASVspoof2019_LA,audio,spoof,1,train,.flac
C:\Users\paruc\Downloads\archive (1)\LA\LA\ASVspoof2019_LA_dev\flac\LA_D_8015183.flac,archive_(1)_ASVspoof2019_LA,audio,spoof,1,train,.flac
C:\Users\paruc\Downloads\archive (1)\LA\LA\ASVspoof2019_LA_dev\flac\LA_D_3109792.flac,archive_(1)_ASVspoof2019_LA,audio,spoof,1,train,.flac
C:\Users\paruc\Downloads\archive (1)\LA\LA\ASVspoof2019_LA_dev\flac\LA_D_8847117.flac,archive_(1)_ASVspoof2019_LA,audio,spoof,1,train,.flac
C:\Users\paruc\Downloads\archive (1)\LA\LA\ASVspoof2019_LA_dev\flac\LA_D_1403371.flac,archive_(1)_ASVspoof2019_LA,audio,bonafide,0,train,.flac
C:\Users\paruc\Downloads\archive (1)\LA\LA\ASVspoof2019_LA_dev\flac\LA_D_2363836.flac,archive_(1)_ASVspoof2019_LA,audio,bonafide,0,train,.flac
C:\Users\paruc\Downloads\archive (1)\LA\LA\ASVspoof2019_LA_dev\flac\LA_D_7784895.flac,archive_(1)_ASVspoof2019_LA,audio,spoof,1,train,.flac
C:\Users\paruc\Downloads\archive (1)\LA\LA\ASVspoof2019_LA_dev\flac\LA_D_9272509.flac,archive_(1)_ASVspoof2019_LA,audio,bonafide,0,train,.flac
C:\Users\paruc\Downloads\archive (1)\LA\LA\ASVspoof2019_LA_dev\flac\LA_D_7361548.flac,archive_(1)_ASVspoof2019_LA,audio,spoof,1,train,.flac
C:\Users\paruc\Downloads\archive (1)\LA\LA\ASVspoof2019_LA_dev\flac\LA_D_7184320.flac,archive_(1)_ASVspoof2019_LA,audio,bonafide,0,train,.flac
C:\Users\paruc\Downloads\archive (1)\LA\LA\ASVspoof2019_LA_dev\flac\LA_D_4626331.flac,archive_(1)_ASVspoof2019_LA,audio,bonafide,0,train,.flac
C:\Users\paruc\Downloads\archive (1)\LA\LA\ASVspoof2019_LA_dev\flac\LA_D_5684697.flac,archive_(1)_ASVspoof2019_LA,audio,bonafide,0,train,.flac
C:\Users\paruc\Downloads\archive (1)\LA\LA\ASVspoof2019_LA_dev\flac\LA_D_1519237.flac,archive_(1)_ASVspoof2019_LA,audio,bonafide,0,train,.flac
C:\Users\paruc\Downloads\archive (1)\LA\LA\ASVspoof2019_LA_dev\flac\LA_D_4922420.flac,archive_(1)_ASVspoof2019_LA,audio,spoof,1,train,.flac
C:\Users\paruc\Downloads\archive (1)\LA\LA\ASVspoof2019_LA_dev\flac\LA_D_9723493.flac,archive_(1)_ASVspoof2019_LA,audio,bonafide,0,train,.flac
C:\Users\paruc\Downloads\archive (1)\LA\LA\ASVspoof2019_LA_dev\flac\LA_D_2817557.flac,archive_(1)_ASVspoof2019_LA,audio,bonafide,0,train,.flac
C:\Users\paruc\Downloads\archive (1)\LA\LA\ASVspoof2019_LA_dev\flac\LA_D_5182745.flac,archive_(1)_ASVspoof2019_LA,audio,bonafide,0,train,.flac
C:\Users\paruc\Downloads\archive (1)\LA\LA\ASVspoof2019_LA_dev\flac\LA_D_8443765.flac,archive_(1)_ASVspoof2019_LA,audio,bonafide,0,train,.flac
C:\Users\paruc\Downloads\archive (1)\LA\LA\ASVspoof2019_LA_dev\flac\LA_D_6448946.flac,archive_(1)_ASVspoof2019_LA,audio,bonafide,0,train,.flac
C:\Users\paruc\Downloads\archive (1)\LA\LA\ASVspoof2019_LA_dev\flac\LA_D_2280644.flac,archive_(1)_ASVspoof2019_LA,audio,spoof,1,train,.flac
C:\Users\paruc\Downloads\archive (1)\LA\LA\ASVspoof2019_LA_dev\flac\LA_D_5035334.flac,archive_(1)_ASVspoof2019_LA,audio,spoof,1,train,.flac
C:\Users\paruc\Downloads\archive (1)\LA\LA\ASVspoof2019_LA_dev\flac\LA_D_9350453.flac,archive_(1)_ASVspoof2019_LA,audio,spoof,1,train,.flac
C:\Users\paruc\Downloads\archive (1)\LA\LA\ASVspoof2019_LA_dev\flac\LA_D_5561180.flac,archive_(1)_ASVspoof2019_LA,audio,spoof,1,train,.flac
C:\Users\paruc\Downloads\archive (1)\LA\LA\ASVspoof2019_LA_dev\flac\LA_D_9922523.flac,archive_(1)_ASVspoof2019_LA,audio,bonafide,0,train,.flac
C:\Users\paruc\Downloads\archive (1)\LA\LA\ASVspoof2019_LA_dev\flac\LA_D_7961571.flac,archive_(1)_ASVspoof2019_LA,audio,spoof,1,train,.flac
C:\Users\paruc\Downloads\archive (1)\LA\LA\ASVspoof2019_LA_dev\flac\LA_D_5863762.flac,archive_(1)_ASVspoof2019_LA,audio,spoof,1,train,.flac
C:\Users\paruc\Downloads\archive (1)\LA\LA\ASVspoof2019_LA_dev\flac\LA_D_1105131.flac,archive_(1)_ASVspoof2019_LA,audio,bonafide,0,train,.flac
C:\Users\paruc\Downloads\archive (1)\LA\LA\ASVspoof2019_LA_dev\flac\LA_D_6317931.flac,archive_(1)_ASVspoof2019_LA,audio,spoof,1,train,.flac
C:\Users\paruc\Downloads\archive (1)\LA\LA\ASVspoof2019_LA_dev\flac\LA_D_9085952.flac,archive_(1)_ASVspoof2019_LA,audio,bonafide,0,train,.flac
C:\Users\paruc\Downloads\archive (1)\LA\LA\ASVspoof2019_LA_dev\flac\LA_D_3250607.flac,archive_(1)_ASVspoof2019_LA,audio,spoof,1,train,.flac
C:\Users\paruc\Downloads\archive (1)\LA\LA\ASVspoof2019_LA_dev\flac\LA_D_2699759.flac,archive_(1)_ASVspoof2019_LA,audio,spoof,1,train,.flac
C:\Users\paruc\Downloads\archive (1)\LA\LA\ASVspoof2019_LA_dev\flac\LA_D_7073678.flac,archive_(1)_ASVspoof2019_LA,audio,bonafide,0,train,.flac
C:\Users\paruc\Downloads\archive (1)\LA\LA\ASVspoof2019_LA_dev\flac\LA_D_7385274.flac,archive_(1)_ASVspoof2019_LA,audio,bonafide,0,train,.flac
C:\Users\paruc\Downloads\archive (1)\LA\LA\ASVspoof2019_LA_dev\flac\LA_D_3787464.flac,archive_(1)_ASVspoof2019_LA,audio,bonafide,0,train,.flac
C:\Users\paruc\Downloads\archive (1)\LA\LA\ASVspoof2019_LA_dev\flac\LA_D_9711707.flac,archive_(1)_ASVspoof2019_LA,audio,spoof,1,train,.flac
C:\Users\paruc\Downloads\archive (1)\LA\LA\ASVspoof2019_LA_dev\flac\LA_D_2975559.flac,archive_(1)_ASVspoof2019_LA,audio,spoof,1,train,.flac
C:\Users\paruc\Downloads\archive (1)\LA\LA\ASVspoof2019_LA_dev\flac\LA_D_6291895.flac,archive_(1)_ASVspoof2019_LA,audio,bonafide,0,train,.flac
C:\Users\paruc\Downloads\archive (1)\LA\LA\ASVspoof2019_LA_dev\flac\LA_D_8596130.flac,archive_(1)_ASVspoof2019_LA,audio,spoof,1,train,.flac
C:\Users\paruc\Downloads\archive (1)\LA\LA\ASVspoof2019_LA_dev\flac\LA_D_9825433.flac,archive_(1)_ASVspoof2019_LA,audio,spoof,1,train,.flac
C:\Users\paruc\Downloads\archive (1)\LA\LA\ASVspoof2019_LA_dev\flac\LA_D_5495396.flac,archive_(1)_ASVspoof2019_LA,audio,spoof,1,train,.flac
C:\Users\paruc\Downloads\archive (1)\LA\LA\ASVspoof2019_LA_dev\flac\LA_D_1803008.flac,archive_(1)_ASVspoof2019_LA,audio,bonafide,0,train,.flac
C:\Users\paruc\Downloads\archive (1)\LA\LA\ASVspoof2019_LA_dev\flac\LA_D_3004327.flac,archive_(1)_ASVspoof2019_LA,audio,spoof,1,train,.flac
C:\Users\paruc\Downloads\archive (1)\LA\LA\ASVspoof2019_LA_dev\flac\LA_D_7370306.flac,archive_(1)_ASVspoof2019_LA,audio,bonafide,0,train,.flac
C:\Users\paruc\Downloads\archive (1)\LA\LA\ASVspoof2019_LA_dev\flac\LA_D_5625821.flac,archive_(1)_ASVspoof2019_LA,audio,spoof,1,train,.flac
C:\Users\paruc\Downloads\archive (1)\LA\LA\ASVspoof2019_LA_dev\flac\LA_D_8094862.flac,archive_(1)_ASVspoof2019_LA,audio,bonafide,0,train,.flac
C:\Users\paruc\Downloads\archive (1)\LA\LA\ASVspoof2019_LA_dev\flac\LA_D_1509962.flac,archive_(1)_ASVspoof2019_LA,audio,spoof,1,train,.flac
C:\Users\paruc\Downloads\archive (1)\LA\LA\ASVspoof2019_LA_dev\flac\LA_D_2204777.flac,archive_(1)_ASVspoof2019_LA,audio,spoof,1,train,.flac
C:\Users\paruc\Downloads\archive (1)\LA\LA\ASVspoof2019_LA_dev\flac\LA_D_6002746.flac,archive_(1)_ASVspoof2019_LA,audio,spoof,1,train,.flac
C:\Users\paruc\Downloads\archive (1)\LA\LA\ASVspoof2019_LA_dev\flac\LA_D_7841911.flac,archive_(1)_ASVspoof2019_LA,audio,bonafide,0,train,.flac
C:\Users\paruc\Downloads\archive (1)\LA\LA\ASVspoof2019_LA_dev\flac\LA_D_6736176.flac,archive_(1)_ASVspoof2019_LA,audio,spoof,1,train,.flac
C:\Users\paruc\Downloads\archive (1)\LA\LA\ASVspoof2019_LA_dev\flac\LA_D_9173264.flac,archive_(1)_ASVspoof2019_LA,audio,spoof,1,train,.flac
C:\Users\paruc\Downloads\archive (1)\LA\LA\ASVspoof2019_LA_dev\flac\LA_D_1494418.flac,archive_(1)_ASVspoof2019_LA,audio,bonafide,0,train,.flac
C:\Users\paruc\Downloads\archive (1)\LA\LA\ASVspoof2019_LA_dev\flac\LA_D_1900218.flac,archive_(1)_ASVspoof2019_LA,audio,spoof,1,train,.flac
C:\Users\paruc\Downloads\archive (1)\LA\LA\ASVspoof2019_LA_dev\flac\LA_D_7622887.flac,archive_(1)_ASVspoof2019_LA,audio,spoof,1,train,.flac
C:\Users\paruc\Downloads\archive (1)\LA\LA\ASVspoof2019_LA_dev\flac\LA_D_7730394.flac,archive_(1)_ASVspoof2019_LA,audio,spoof,1,train,.flac
C:\Users\paruc\Downloads\archive (1)\LA\LA\ASVspoof2019_LA_dev\flac\LA_D_6329617.flac,archive_(1)_ASVspoof2019_LA,audio,bonafide,0,train,.flac
C:\Users\paruc\Downloads\archive (1)\LA\LA\ASVspoof2019_LA_dev\flac\LA_D_4095293.flac,archive_(1)_ASVspoof2019_LA,audio,bonafide,0,train,.flac
C:\Users\paruc\Downloads\archive (1)\LA\LA\ASVspoof2019_LA_dev\flac\LA_D_9875362.flac,archive_(1)_ASVspoof2019_LA,audio,bonafide,0,train,.flac
C:\Users\paruc\Downloads\archive (1)\LA\LA\ASVspoof2019_LA_dev\flac\LA_D_1183785.flac,archive_(1)_ASVspoof2019_LA,audio,bonafide,0,train,.flac
C:\Users\paruc\Downloads\archive (1)\LA\LA\ASVspoof2019_LA_dev\flac\LA_D_4767028.flac,archive_(1)_ASVspoof2019_LA,audio,bonafide,0,train,.flac
C:\Users\paruc\Downloads\archive (1)\LA\LA\ASVspoof2019_LA_dev\flac\LA_D_7596547.flac,archive_(1)_ASVspoof2019_LA,audio,spoof,1,train,.flac
C:\Users\paruc\Downloads\archive (1)\LA\LA\ASVspoof2019_LA_dev\flac\LA_D_1822237.flac,archive_(1)_ASVspoof2019_LA,audio,bonafide,0,train,.flac
C:\Users\paruc\Downloads\archive (1)\LA\LA\ASVspoof2019_LA_dev\flac\LA_D_4948572.flac,archive_(1)_ASVspoof2019_LA,audio,spoof,1,train,.flac
C:\Users\paruc\Downloads\archive (1)\LA\LA\ASVspoof2019_LA_dev\flac\LA_D_4723086.flac,archive_(1)_ASVspoof2019_LA,audio,bonafide,0,train,.flac
C:\Users\paruc\Downloads\archive (1)\LA\LA\ASVspoof2019_LA_dev\flac\LA_D_7543100.flac,archive_(1)_ASVspoof2019_LA,audio,bonafide,0,train,.flac
C:\Users\paruc\Downloads\archive (1)\LA\LA\ASVspoof2019_LA_dev\flac\LA_D_2462911.flac,archive_(1)_ASVspoof2019_LA,audio,bonafide,0,train,.flac
C:\Users\paruc\Downloads\archive (1)\LA\LA\ASVspoof2019_LA_dev\flac\LA_D_3451731.flac,archive_(1)_ASVspoof2019_LA,audio,spoof,1,train,.flac
C:\Users\paruc\Downloads\archive (1)\LA\LA\ASVspoof2019_LA_dev\flac\LA_D_1696066.flac,archive_(1)_ASVspoof2019_LA,audio,bonafide,0,train,.flac
C:\Users\paruc\Downloads\archive (1)\LA\LA\ASVspoof2019_LA_dev\flac\LA_D_8497674.flac,archive_(1)_ASVspoof2019_LA,audio,spoof,1,train,.flac
C:\Users\paruc\Downloads\archive (1)\LA\LA\ASVspoof2019_LA_dev\flac\LA_D_1088370.flac,archive_(1)_ASVspoof2019_LA,audio,spoof,1,train,.flac
C:\Users\paruc\Downloads\archive (1)\LA\LA\ASVspoof2019_LA_dev\flac\LA_D_4737548.flac,archive_(1)_ASVspoof2019_LA,audio,spoof,1,train,.flac
C:\Users\paruc\Downloads\archive (1)\LA\LA\ASVspoof2019_LA_dev\flac\LA_D_1105489.flac,archive_(1)_ASVspoof2019_LA,audio,bonafide,0,train,.flac
C:\Users\paruc\Downloads\archive (1)\LA\LA\ASVspoof2019_LA_dev\flac\LA_D_6291738.flac,archive_(1)_ASVspoof2019_LA,audio,bonafide,0,train,.flac
C:\Users\paruc\Downloads\archive (1)\LA\LA\ASVspoof2019_LA_dev\flac\LA_D_7299514.flac,archive_(1)_ASVspoof2019_LA,audio,bonafide,0,train,.flac
C:\Users\paruc\Downloads\archive (1)\LA\LA\ASVspoof2019_LA_dev\flac\LA_D_5884918.flac,archive_(1)_ASVspoof2019_LA,audio,bonafide,0,train,.flac
C:\Users\paruc\Downloads\archive (1)\LA\LA\ASVspoof2019_LA_dev\flac\LA_D_3935443.flac,archive_(1)_ASVspoof2019_LA,audio,spoof,1,train,.flac
C:\Users\paruc\Downloads\archive (1)\LA\LA\ASVspoof2019_LA_dev\flac\LA_D_7916368.flac,archive_(1)_ASVspoof2019_LA,audio,bonafide,0,train,.flac
C:\Users\paruc\Downloads\archive (1)\LA\LA\ASVspoof2019_LA_dev\flac\LA_D_4101216.flac,archive_(1)_ASVspoof2019_LA,audio,bonafide,0,train,.flac
C:\Users\paruc\Downloads\archive (1)\LA\LA\ASVspoof2019_LA_dev\flac\LA_D_5940767.flac,archive_(1)_ASVspoof2019_LA,audio,spoof,1,train,.flac
C:\Users\paruc\Downloads\archive (1)\LA\LA\ASVspoof2019_LA_dev\flac\LA_D_8187526.flac,archive_(1)_ASVspoof2019_LA,audio,spoof,1,train,.flac
C:\Users\paruc\Downloads\archive (1)\LA\LA\ASVspoof2019_LA_dev\flac\LA_D_9719946.flac,archive_(1)_ASVspoof2019_LA,audio,spoof,1,train,.flac
C:\Users\paruc\Downloads\archive (1)\LA\LA\ASVspoof2019_LA_dev\flac\LA_D_7758918.flac,archive_(1)_ASVspoof2019_LA,audio,bonafide,0,train,.flac
C:\Users\paruc\Downloads\archive (1)\LA\LA\ASVspoof2019_LA_dev\flac\LA_D_2113104.flac,archive_(1)_ASVspoof2019_LA,audio,spoof,1,train,.flac
C:\Users\paruc\Downloads\archive (1)\LA\LA\ASVspoof2019_LA_dev\flac\LA_D_6439730.flac,archive_(1)_ASVspoof2019_LA,audio,bonafide,0,train,.flac
C:\Users\paruc\Downloads\archive (1)\LA\LA\ASVspoof2019_LA_dev\flac\LA_D_1131723.flac,archive_(1)_ASVspoof2019_LA,audio,bonafide,0,train,.flac
C:\Users\paruc\Downloads\archive (1)\LA\LA\ASVspoof2019_LA_dev\flac\LA_D_3873590.flac,archive_(1)_ASVspoof2019_LA,audio,spoof,1,train,.flac
C:\Users\paruc\Downloads\archive (1)\LA\LA\ASVspoof2019_LA_dev\flac\LA_D_8124968.flac,archive_(1)_ASVspoof2019_LA,audio,bonafide,0,train,.flac
C:\Users\paruc\Downloads\archive (1)\LA\LA\ASVspoof2019_LA_dev\flac\LA_D_6208197.flac,archive_(1)_ASVspoof2019_LA,audio,bonafide,0,train,.flac
C:\Users\paruc\Downloads\archive (1)\LA\LA\ASVspoof2019_LA_dev\flac\LA_D_3051300.flac,archive_(1)_ASVspoof2019_LA,audio,spoof,1,train,.flac
C:\Users\paruc\Downloads\archive (1)\LA\LA\ASVspoof2019_LA_dev\flac\LA_D_7841141.flac,archive_(1)_ASVspoof2019_LA,audio,spoof,1,train,.flac
C:\Users\paruc\Downloads\archive (1)\LA\LA\ASVspoof2019_LA_dev\flac\LA_D_1483054.flac,archive_(1)_ASVspoof2019_LA,audio,spoof,1,train,.flac
C:\Users\paruc\Downloads\archive (1)\LA\LA\ASVspoof2019_LA_dev\flac\LA_D_6636661.flac,archive_(1)_ASVspoof2019_LA,audio,bonafide,0,train,.flac
C:\Users\paruc\Downloads\archive (1)\LA\LA\ASVspoof2019_LA_dev\flac\LA_D_1053530.flac,archive_(1)_ASVspoof2019_LA,audio,spoof,1,train,.flac
C:\Users\paruc\Downloads\archive (1)\LA\LA\ASVspoof2019_LA_dev\flac\LA_D_1545693.flac,archive_(1)_ASVspoof2019_LA,audio,spoof,1,train,.flac
C:\Users\paruc\Downloads\archive (1)\LA\LA\ASVspoof2019_LA_dev\flac\LA_D_6341347.flac,archive_(1)_ASVspoof2019_LA,audio,spoof,1,train,.flac
C:\Users\paruc\Downloads\archive (1)\LA\LA\ASVspoof2019_LA_dev\flac\LA_D_8333263.flac,archive_(1)_ASVspoof2019_LA,audio,spoof,1,train,.flac
C:\Users\paruc\Downloads\archive (1)\LA\LA\ASVspoof2019_LA_dev\flac\LA_D_6340625.flac,archive_(1)_ASVspoof2019_LA,audio,spoof,1,train,.flac
C:\Users\paruc\Downloads\archive (1)\LA\LA\ASVspoof2019_LA_dev\flac\LA_D_3029021.flac,archive_(1)_ASVspoof2019_LA,audio,bonafide,0,train,.flac
C:\Users\paruc\Downloads\archive (1)\LA\LA\ASVspoof2019_LA_dev\flac\LA_D_6958661.flac,archive_(1)_ASVspoof2019_LA,audio,spoof,1,train,.flac
C:\Users\paruc\Downloads\archive (1)\LA\LA\ASVspoof2019_LA_dev\flac\LA_D_1686743.flac,archive_(1)_ASVspoof2019_LA,audio,bonafide,0,train,.flac
C:\Users\paruc\Downloads\archive (1)\LA\LA\ASVspoof2019_LA_dev\flac\LA_D_7153247.flac,archive_(1)_ASVspoof2019_LA,audio,spoof,1,train,.flac
C:\Users\paruc\Downloads\archive (1)\LA\LA\ASVspoof2019_LA_dev\flac\LA_D_6394259.flac,archive_(1)_ASVspoof2019_LA,audio,spoof,1,train,.flac
C:\Users\paruc\Downloads\archive (1)\LA\LA\ASVspoof2019_LA_dev\flac\LA_D_9955848.flac,archive_(1)_ASVspoof2019_LA,audio,spoof,1,train,.flac
C:\Users\paruc\Downloads\archive (1)\LA\LA\ASVspoof2019_LA_dev\flac\LA_D_7189280.flac,archive_(1)_ASVspoof2019_LA,audio,bonafide,0,train,.flac
C:\Users\paruc\Downloads\archive (1)\LA\LA\ASVspoof2019_LA_dev\flac\LA_D_2774468.flac,archive_(1)_ASVspoof2019_LA,audio,bonafide,0,train,.flac
C:\Users\paruc\Downloads\archive (1)\LA\LA\ASVspoof2019_LA_dev\flac\LA_D_8693858.flac,archive_(1)_ASVspoof2019_LA,audio,spoof,1,train,.flac
C:\Users\paruc\Downloads\archive (1)\LA\LA\ASVspoof2019_LA_dev\flac\LA_D_5197000.flac,archive_(1)_ASVspoof2019_LA,audio,bonafide,0,train,.flac
C:\Users\paruc\Downloads\archive (1)\LA\LA\ASVspoof2019_LA_dev\flac\LA_D_8817568.flac,archive_(1)_ASVspoof2019_LA,audio,bonafide,0,train,.flac
C:\Users\paruc\Downloads\archive (1)\LA\LA\ASVspoof2019_LA_dev\flac\LA_D_4620892.flac,archive_(1)_ASVspoof2019_LA,audio,bonafide,0,train,.flac
C:\Users\paruc\Downloads\archive (1)\LA\LA\ASVspoof2019_LA_dev\flac\LA_D_7579942.flac,archive_(1)_ASVspoof2019_LA,audio,spoof,1,train,.flac
C:\Users\paruc\Downloads\archive (1)\LA\LA\ASVspoof2019_LA_dev\flac\LA_D_1481335.flac,archive_(1)_ASVspoof2019_LA,audio,bonafide,0,train,.flac
C:\Users\paruc\Downloads\archive (1)\LA\LA\ASVspoof2019_LA_dev\flac\LA_D_6566035.flac,archive_(1)_ASVspoof2019_LA,audio,bonafide,0,train,.flac
C:\Users\paruc\Downloads\archive (1)\LA\LA\ASVspoof2019_LA_dev\flac\LA_D_1597752.flac,archive_(1)_ASVspoof2019_LA,audio,bonafide,0,train,.flac
C:\Users\paruc\Downloads\archive (1)\LA\LA\ASVspoof2019_LA_dev\flac\LA_D_1874557.flac,archive_(1)_ASVspoof2019_LA,audio,spoof,1,train,.flac
C:\Users\paruc\Downloads\archive (1)\LA\LA\ASVspoof2019_LA_dev\flac\LA_D_8814488.flac,archive_(1)_ASVspoof2019_LA,audio,bonafide,0,train,.flac
C:\Users\paruc\Downloads\archive (1)\LA\LA\ASVspoof2019_LA_dev\flac\LA_D_1861265.flac,archive_(1)_ASVspoof2019_LA,audio,bonafide,0,train,.flac
C:\Users\paruc\Downloads\archive (1)\LA\LA\ASVspoof2019_LA_dev\flac\LA_D_9871071.flac,archive_(1)_ASVspoof2019_LA,audio,spoof,1,train,.flac
C:\Users\paruc\Downloads\archive (1)\LA\LA\ASVspoof2019_LA_dev\flac\LA_D_9286456.flac,archive_(1)_ASVspoof2019_LA,audio,spoof,1,train,.flac
C:\Users\paruc\Downloads\archive (1)\LA\LA\ASVspoof2019_LA_dev\flac\LA_D_2587030.flac,archive_(1)_ASVspoof2019_LA,audio,spoof,1,train,.flac
C:\Users\paruc\Downloads\archive (1)\LA\LA\ASVspoof2019_LA_dev\flac\LA_D_6156090.flac,archive_(1)_ASVspoof2019_LA,audio,bonafide,0,train,.flac
C:\Users\paruc\Downloads\archive (1)\LA\LA\ASVspoof2019_LA_dev\flac\LA_D_6015629.flac,archive_(1)_ASVspoof2019_LA,audio,spoof,1,train,.flac
C:\Users\paruc\Downloads\archive (1)\LA\LA\ASVspoof2019_LA_dev\flac\LA_D_7176031.flac,archive_(1)_ASVspoof2019_LA,audio,spoof,1,train,.flac
C:\Users\paruc\Downloads\archive (1)\LA\LA\ASVspoof2019_LA_dev\flac\LA_D_5270654.flac,archive_(1)_ASVspoof2019_LA,audio,spoof,1,train,.flac
C:\Users\paruc\Downloads\archive (1)\LA\LA\ASVspoof2019_LA_dev\flac\LA_D_9897452.flac,archive_(1)_ASVspoof2019_LA,audio,bonafide,0,train,.flac
C:\Users\paruc\Downloads\archive (1)\LA\LA\ASVspoof2019_LA_dev\flac\LA_D_6928395.flac,archive_(1)_ASVspoof2019_LA,audio,spoof,1,train,.flac
C:\Users\paruc\Downloads\archive (1)\LA\LA\ASVspoof2019_LA_dev\flac\LA_D_8950507.flac,archive_(1)_ASVspoof2019_LA,audio,bonafide,0,train,.flac
C:\Users\paruc\Downloads\archive (1)\LA\LA\ASVspoof2019_LA_dev\flac\LA_D_9095164.flac,archive_(1)_ASVspoof2019_LA,audio,bonafide,0,train,.flac
C:\Users\paruc\Downloads\archive (1)\LA\LA\ASVspoof2019_LA_dev\flac\LA_D_3599443.flac,archive_(1)_ASVspoof2019_LA,audio,bonafide,0,train,.flac
C:\Users\paruc\Downloads\archive (1)\LA\LA\ASVspoof2019_LA_dev\flac\LA_D_6410203.flac,archive_(1)_ASVspoof2019_LA,audio,spoof,1,train,.flac
C:\Users\paruc\Downloads\archive (1)\LA\LA\ASVspoof2019_LA_dev\flac\LA_D_1764120.flac,archive_(1)_ASVspoof2019_LA,audio,bonafide,0,train,.flac
C:\Users\paruc\Downloads\archive (1)\LA\LA\ASVspoof2019_LA_dev\flac\LA_D_4494387.flac,archive_(1)_ASVspoof2019_LA,audio,bonafide,0,train,.flac
C:\Users\paruc\Downloads\archive (1)\LA\LA\ASVspoof2019_LA_dev\flac\LA_D_5209189.flac,archive_(1)_ASVspoof2019_LA,audio,spoof,1,train,.flac
C:\Users\paruc\Downloads\archive (1)\LA\LA\ASVspoof2019_LA_dev\flac\LA_D_6016551.flac,archive_(1)_ASVspoof2019_LA,audio,spoof,1,train,.flac
C:\Users\paruc\Downloads\archive (1)\LA\LA\ASVspoof2019_LA_dev\flac\LA_D_5312607.flac,archive_(1)_ASVspoof2019_LA,audio,bonafide,0,train,.flac
C:\Users\paruc\Downloads\archive (1)\LA\LA\ASVspoof2019_LA_dev\flac\LA_D_1211866.flac,archive_(1)_ASVspoof2019_LA,audio,spoof,1,train,.flac
C:\Users\paruc\Downloads\archive (1)\LA\LA\ASVspoof2019_LA_dev\flac\LA_D_4433509.flac,archive_(1)_ASVspoof2019_LA,audio,bonafide,0,train,.flac
C:\Users\paruc\Downloads\archive (1)\LA\LA\ASVspoof2019_LA_dev\flac\LA_D_6689976.flac,archive_(1)_ASVspoof2019_LA,audio,spoof,1,train,.flac
C:\Users\paruc\Downloads\archive (1)\LA\LA\ASVspoof2019_LA_dev\flac\LA_D_9095917.flac,archive_(1)_ASVspoof2019_LA,audio,spoof,1,train,.flac
C:\Users\paruc\Downloads\archive (1)\LA\LA\ASVspoof2019_LA_dev\flac\LA_D_6458498.flac,archive_(1)_ASVspoof2019_LA,audio,bonafide,0,train,.flac
C:\Users\paruc\Downloads\archive (1)\LA\LA\ASVspoof2019_LA_dev\flac\LA_D_6938301.flac,archive_(1)_ASVspoof2019_LA,audio,bonafide,0,train,.flac
C:\Users\paruc\Downloads\archive (1)\LA\LA\ASVspoof2019_LA_dev\flac\LA_D_2977005.flac,archive_(1)_ASVspoof2019_LA,audio,bonafide,0,train,.flac
C:\Users\paruc\Downloads\archive (1)\LA\LA\ASVspoof2019_LA_dev\flac\LA_D_3212286.flac,archive_(1)_ASVspoof2019_LA,audio,bonafide,0,train,.flac
C:\Users\paruc\Downloads\archive (1)\LA\LA\ASVspoof2019_LA_dev\flac\LA_D_6728141.flac,archive_(1)_ASVspoof2019_LA,audio,bonafide,0,train,.flac
C:\Users\paruc\Downloads\archive (1)\LA\LA\ASVspoof2019_LA_dev\flac\LA_D_5621016.flac,archive_(1)_ASVspoof2019_LA,audio,bonafide,0,train,.flac
C:\Users\paruc\Downloads\archive (1)\LA\LA\ASVspoof2019_LA_dev\flac\LA_D_2047629.flac,archive_(1)_ASVspoof2019_LA,audio,spoof,1,train,.flac
C:\Users\paruc\Downloads\archive (1)\LA\LA\ASVspoof2019_LA_dev\flac\LA_D_5296393.flac,archive_(1)_ASVspoof2019_LA,audio,bonafide,0,train,.flac
C:\Users\paruc\Downloads\archive (1)\LA\LA\ASVspoof2019_LA_dev\flac\LA_D_2441093.flac,archive_(1)_ASVspoof2019_LA,audio,spoof,1,train,.flac
C:\Users\paruc\Downloads\archive (1)\LA\LA\ASVspoof2019_LA_dev\flac\LA_D_9061973.flac,archive_(1)_ASVspoof2019_LA,audio,spoof,1,train,.flac
C:\Users\paruc\Downloads\archive (1)\LA\LA\ASVspoof2019_LA_dev\flac\LA_D_3416462.flac,archive_(1)_ASVspoof2019_LA,audio,bonafide,0,train,.flac
C:\Users\paruc\Downloads\archive (1)\LA\LA\ASVspoof2019_LA_dev\flac\LA_D_8049091.flac,archive_(1)_ASVspoof2019_LA,audio,spoof,1,train,.flac
C:\Users\paruc\Downloads\archive (1)\LA\LA\ASVspoof2019_LA_dev\flac\LA_D_2143384.flac,archive_(1)_ASVspoof2019_LA,audio,bonafide,0,train,.flac
C:\Users\paruc\Downloads\archive (1)\LA\LA\ASVspoof2019_LA_dev\flac\LA_D_1249064.flac,archive_(1)_ASVspoof2019_LA,audio,bonafide,0,train,.flac
C:\Users\paruc\Downloads\archive (1)\LA\LA\ASVspoof2019_LA_dev\flac\LA_D_8284460.flac,archive_(1)_ASVspoof2019_LA,audio,spoof,1,train,.flac
C:\Users\paruc\Downloads\archive (1)\LA\LA\ASVspoof2019_LA_dev\flac\LA_D_5929116.flac,archive_(1)_ASVspoof2019_LA,audio,bonafide,0,train,.flac
C:\Users\paruc\Downloads\archive (1)\LA\LA\ASVspoof2019_LA_dev\flac\LA_D_9080371.flac,archive_(1)_ASVspoof2019_LA,audio,bonafide,0,train,.flac
C:\Users\paruc\Downloads\archive (1)\LA\LA\ASVspoof2019_LA_dev\flac\LA_D_2005281.flac,archive_(1)_ASVspoof2019_LA,audio,spoof,1,train,.flac
C:\Users\paruc\Downloads\archive (1)\LA\LA\ASVspoof2019_LA_dev\flac\LA_D_5847069.flac,archive_(1)_ASVspoof2019_LA,audio,spoof,1,train,.flac
C:\Users\paruc\Downloads\archive (1)\LA\LA\ASVspoof2019_LA_dev\flac\LA_D_2844576.flac,archive_(1)_ASVspoof2019_LA,audio,spoof,1,train,.flac
C:\Users\paruc\Downloads\archive (1)\LA\LA\ASVspoof2019_LA_dev\flac\LA_D_5952548.flac,archive_(1)_ASVspoof2019_LA,audio,bonafide,0,train,.flac
C:\Users\paruc\Downloads\archive (1)\LA\LA\ASVspoof2019_LA_dev\flac\LA_D_2548377.flac,archive_(1)_ASVspoof2019_LA,audio,spoof,1,train,.flac
C:\Users\paruc\Downloads\archive (1)\LA\LA\ASVspoof2019_LA_dev\flac\LA_D_9600169.flac,archive_(1)_ASVspoof2019_LA,audio,spoof,1,train,.flac
C:\Users\paruc\Downloads\archive (1)\LA\LA\ASVspoof2019_LA_dev\flac\LA_D_2552799.flac,archive_(1)_ASVspoof2019_LA,audio,bonafide,0,train,.flac
C:\Users\paruc\Downloads\archive (1)\LA\LA\ASVspoof2019_LA_dev\flac\LA_D_8161159.flac,archive_(1)_ASVspoof2019_LA,audio,bonafide,0,train,.flac
C:\Users\paruc\Downloads\archive (1)\LA\LA\ASVspoof2019_LA_dev\flac\LA_D_6984595.flac,archive_(1)_ASVspoof2019_LA,audio,bonafide,0,train,.flac
C:\Users\paruc\Downloads\archive (1)\LA\LA\ASVspoof2019_LA_dev\flac\LA_D_2462646.flac,archive_(1)_ASVspoof2019_LA,audio,spoof,1,train,.flac
C:\Users\paruc\Downloads\archive (1)\LA\LA\ASVspoof2019_LA_dev\flac\LA_D_8127075.flac,archive_(1)_ASVspoof2019_LA,audio,bonafide,0,train,.flac
C:\Users\paruc\Downloads\archive (1)\LA\LA\ASVspoof2019_LA_dev\flac\LA_D_3088084.flac,archive_(1)_ASVspoof2019_LA,audio,spoof,1,train,.flac
C:\Users\paruc\Downloads\archive (1)\LA\LA\ASVspoof2019_LA_dev\flac\LA_D_4958951.flac,archive_(1)_ASVspoof2019_LA,audio,spoof,1,train,.flac
C:\Users\paruc\Downloads\archive (1)\LA\LA\ASVspoof2019_LA_dev\flac\LA_D_9699048.flac,archive_(1)_ASVspoof2019_LA,audio,bonafide,0,train,.flac
C:\Users\paruc\Downloads\archive (1)\LA\LA\ASVspoof2019_LA_dev\flac\LA_D_1634260.flac,archive_(1)_ASVspoof2019_LA,audio,spoof,1,train,.flac
C:\Users\paruc\Downloads\archive (1)\LA\LA\ASVspoof2019_LA_dev\flac\LA_D_7000854.flac,archive_(1)_ASVspoof2019_LA,audio,spoof,1,train,.flac
C:\Users\paruc\Downloads\archive (1)\LA\LA\ASVspoof2019_LA_dev\flac\LA_D_5386683.flac,archive_(1)_ASVspoof2019_LA,audio,bonafide,0,train,.flac
C:\Users\paruc\Downloads\archive (1)\LA\LA\ASVspoof2019_LA_dev\flac\LA_D_9741135.flac,archive_(1)_ASVspoof2019_LA,audio,bonafide,0,train,.flac
C:\Users\paruc\Downloads\archive (1)\LA\LA\ASVspoof2019_LA_dev\flac\LA_D_4973412.flac,archive_(1)_ASVspoof2019_LA,audio,bonafide,0,train,.flac
C:\Users\paruc\Downloads\archive (1)\LA\LA\ASVspoof2019_LA_dev\flac\LA_D_7682953.flac,archive_(1)_ASVspoof2019_LA,audio,bonafide,0,train,.flac
C:\Users\paruc\Downloads\archive (1)\LA\LA\ASVspoof2019_LA_dev\flac\LA_D_3579781.flac,archive_(1)_ASVspoof2019_LA,audio,bonafide,0,train,.flac
C:\Users\paruc\Downloads\archive (1)\LA\LA\ASVspoof2019_LA_dev\flac\LA_D_5966104.flac,archive_(1)_ASVspoof2019_LA,audio,spoof,1,train,.flac
C:\Users\paruc\Downloads\archive (1)\LA\LA\ASVspoof2019_LA_dev\flac\LA_D_9992816.flac,archive_(1)_ASVspoof2019_LA,audio,bonafide,0,train,.flac
C:\Users\paruc\Downloads\archive (1)\LA\LA\ASVspoof2019_LA_dev\flac\LA_D_1222321.flac,archive_(1)_ASVspoof2019_LA,audio,spoof,1,train,.flac
C:\Users\paruc\Downloads\archive (1)\LA\LA\ASVspoof2019_LA_dev\flac\LA_D_5565989.flac,archive_(1)_ASVspoof2019_LA,audio,spoof,1,train,.flac
C:\Users\paruc\Downloads\archive (1)\LA\LA\ASVspoof2019_LA_dev\flac\LA_D_1316596.flac,archive_(1)_ASVspoof2019_LA,audio,bonafide,0,train,.flac
C:\Users\paruc\Downloads\archive (1)\LA\LA\ASVspoof2019_LA_dev\flac\LA_D_6043078.flac,archive_(1)_ASVspoof2019_LA,audio,bonafide,0,train,.flac
C:\Users\paruc\Downloads\archive (1)\LA\LA\ASVspoof2019_LA_dev\flac\LA_D_6929837.flac,archive_(1)_ASVspoof2019_LA,audio,spoof,1,train,.flac
C:\Users\paruc\Downloads\archive (1)\LA\LA\ASVspoof2019_LA_dev\flac\LA_D_3655812.flac,archive_(1)_ASVspoof2019_LA,audio,spoof,1,train,.flac
C:\Users\paruc\Downloads\archive (1)\LA\LA\ASVspoof2019_LA_dev\flac\LA_D_8716023.flac,archive_(1)_ASVspoof2019_LA,audio,bonafide,0,train,.flac
C:\Users\paruc\Downloads\archive (1)\LA\LA\ASVspoof2019_LA_dev\flac\LA_D_7510853.flac,archive_(1)_ASVspoof2019_LA,audio,spoof,1,train,.flac
C:\Users\paruc\Downloads\archive (1)\LA\LA\ASVspoof2019_LA_dev\flac\LA_D_6112353.flac,archive_(1)_ASVspoof2019_LA,audio,spoof,1,train,.flac
C:\Users\paruc\Downloads\archive (1)\LA\LA\ASVspoof2019_LA_dev\flac\LA_D_6022629.flac,archive_(1)_ASVspoof2019_LA,audio,bonafide,0,train,.flac
C:\Users\paruc\Downloads\archive (1)\LA\LA\ASVspoof2019_LA_dev\flac\LA_D_3792397.flac,archive_(1)_ASVspoof2019_LA,audio,bonafide,0,train,.flac
C:\Users\paruc\Downloads\archive (1)\LA\LA\ASVspoof2019_LA_dev\flac\LA_D_5631850.flac,archive_(1)_ASVspoof2019_LA,audio,bonafide,0,train,.flac
C:\Users\paruc\Downloads\archive (1)\LA\LA\ASVspoof2019_LA_dev\flac\LA_D_2928658.flac,archive_(1)_ASVspoof2019_LA,audio,bonafide,0,train,.flac
C:\Users\paruc\Downloads\archive (1)\LA\LA\ASVspoof2019_LA_dev\flac\LA_D_9134844.flac,archive_(1)_ASVspoof2019_LA,audio,bonafide,0,train,.flac
C:\Users\paruc\Downloads\archive (1)\LA\LA\ASVspoof2019_LA_dev\flac\LA_D_8055872.flac,archive_(1)_ASVspoof2019_LA,audio,bonafide,0,train,.flac
C:\Users\paruc\Downloads\archive (1)\LA\LA\ASVspoof2019_LA_dev\flac\LA_D_1099918.flac,archive_(1)_ASVspoof2019_LA,audio,spoof,1,train,.flac
C:\Users\paruc\Downloads\archive (1)\LA\LA\ASVspoof2019_LA_dev\flac\LA_D_4192008.flac,archive_(1)_ASVspoof2019_LA,audio,spoof,1,train,.flac
C:\Users\paruc\Downloads\archive (1)\LA\LA\ASVspoof2019_LA_dev\flac\LA_D_5245987.flac,archive_(1)_ASVspoof2019_LA,audio,bonafide,0,train,.flac
C:\Users\paruc\Downloads\archive (1)\LA\LA\ASVspoof2019_LA_dev\flac\LA_D_8116083.flac,archive_(1)_ASVspoof2019_LA,audio,bonafide,0,train,.flac
C:\Users\paruc\Downloads\archive (1)\LA\LA\ASVspoof2019_LA_dev\flac\LA_D_6533276.flac,archive_(1)_ASVspoof2019_LA,audio,spoof,1,train,.flac
C:\Users\paruc\Downloads\archive (1)\LA\LA\ASVspoof2019_LA_dev\flac\LA_D_9851827.flac,archive_(1)_ASVspoof2019_LA,audio,bonafide,0,train,.flac
C:\Users\paruc\Downloads\archive (1)\LA\LA\ASVspoof2019_LA_dev\flac\LA_D_1838386.flac,archive_(1)_ASVspoof2019_LA,audio,bonafide,0,train,.flac
C:\Users\paruc\Downloads\archive (1)\LA\LA\ASVspoof2019_LA_dev\flac\LA_D_2289504.flac,archive_(1)_ASVspoof2019_LA,audio,spoof,1,train,.flac
C:\Users\paruc\Downloads\archive (1)\LA\LA\ASVspoof2019_LA_dev\flac\LA_D_3342452.flac,archive_(1)_ASVspoof2019_LA,audio,bonafide,0,train,.flac
C:\Users\paruc\Downloads\archive (1)\LA\LA\ASVspoof2019_LA_dev\flac\LA_D_1434598.flac,archive_(1)_ASVspoof2019_LA,audio,bonafide,0,train,.flac
C:\Users\paruc\Downloads\archive (1)\LA\LA\ASVspoof2019_LA_dev\flac\LA_D_7324285.flac,archive_(1)_ASVspoof2019_LA,audio,bonafide,0,train,.flac
C:\Users\paruc\Downloads\archive (1)\LA\LA\ASVspoof2019_LA_dev\flac\LA_D_3981584.flac,archive_(1)_ASVspoof2019_LA,audio,bonafide,0,train,.flac
C:\Users\paruc\Downloads\archive (1)\LA\LA\ASVspoof2019_LA_dev\flac\LA_D_7302367.flac,archive_(1)_ASVspoof2019_LA,audio,bonafide,0,train,.flac
C:\Users\paruc\Downloads\archive (1)\LA\LA\ASVspoof2019_LA_dev\flac\LA_D_9959509.flac,archive_(1)_ASVspoof2019_LA,audio,spoof,1,train,.flac
C:\Users\paruc\Downloads\archive (1)\LA\LA\ASVspoof2019_LA_dev\flac\LA_D_9864113.flac,archive_(1)_ASVspoof2019_LA,audio,bonafide,0,train,.flac
C:\Users\paruc\Downloads\archive (1)\LA\LA\ASVspoof2019_LA_dev\flac\LA_D_5285009.flac,archive_(1)_ASVspoof2019_LA,audio,spoof,1,train,.flac
C:\Users\paruc\Downloads\archive (1)\LA\LA\ASVspoof2019_LA_dev\flac\LA_D_7394757.flac,archive_(1)_ASVspoof2019_LA,audio,bonafide,0,train,.flac
C:\Users\paruc\Downloads\archive (1)\LA\LA\ASVspoof2019_LA_dev\flac\LA_D_5186221.flac,archive_(1)_ASVspoof2019_LA,audio,bonafide,0,train,.flac
C:\Users\paruc\Downloads\archive (1)\LA\LA\ASVspoof2019_LA_dev\flac\LA_D_5029338.flac,archive_(1)_ASVspoof2019_LA,audio,bonafide,0,train,.flac
C:\Users\paruc\Downloads\archive (1)\LA\LA\ASVspoof2019_LA_dev\flac\LA_D_2653208.flac,archive_(1)_ASVspoof2019_LA,audio,bonafide,0,train,.flac
C:\Users\paruc\Downloads\archive (1)\LA\LA\ASVspoof2019_LA_dev\flac\LA_D_9091023.flac,archive_(1)_ASVspoof2019_LA,audio,bonafide,0,train,.flac
C:\Users\paruc\Downloads\archive (1)\LA\LA\ASVspoof2019_LA_dev\flac\LA_D_2045409.flac,archive_(1)_ASVspoof2019_LA,audio,spoof,1,train,.flac
C:\Users\paruc\Downloads\archive (1)\LA\LA\ASVspoof2019_LA_dev\flac\LA_D_7350444.flac,archive_(1)_ASVspoof2019_LA,audio,spoof,1,train,.flac
C:\Users\paruc\Downloads\archive (1)\LA\LA\ASVspoof2019_LA_dev\flac\LA_D_3081203.flac,archive_(1)_ASVspoof2019_LA,audio,bonafide,0,train,.flac
C:\Users\paruc\Downloads\archive (1)\LA\LA\ASVspoof2019_LA_dev\flac\LA_D_7380611.flac,archive_(1)_ASVspoof2019_LA,audio,bonafide,0,train,.flac
C:\Users\paruc\Downloads\archive (1)\LA\LA\ASVspoof2019_LA_dev\flac\LA_D_7588199.flac,archive_(1)_ASVspoof2019_LA,audio,spoof,1,train,.flac
C:\Users\paruc\Downloads\archive (1)\LA\LA\ASVspoof2019_LA_dev\flac\LA_D_3155945.flac,archive_(1)_ASVspoof2019_LA,audio,bonafide,0,train,.flac
C:\Users\paruc\Downloads\archive (1)\LA\LA\ASVspoof2019_LA_dev\flac\LA_D_8429108.flac,archive_(1)_ASVspoof2019_LA,audio,bonafide,0,train,.flac
C:\Users\paruc\Downloads\archive (1)\LA\LA\ASVspoof2019_LA_dev\flac\LA_D_8679905.flac,archive_(1)_ASVspoof2019_LA,audio,bonafide,0,train,.flac
C:\Users\paruc\Downloads\archive (1)\LA\LA\ASVspoof2019_LA_dev\flac\LA_D_7670105.flac,archive_(1)_ASVspoof2019_LA,audio,spoof,1,train,.flac
C:\Users\paruc\Downloads\archive (1)\LA\LA\ASVspoof2019_LA_dev\flac\LA_D_6238691.flac,archive_(1)_ASVspoof2019_LA,audio,spoof,1,train,.flac
C:\Users\paruc\Downloads\archive (1)\LA\LA\ASVspoof2019_LA_dev\flac\LA_D_5355457.flac,archive_(1)_ASVspoof2019_LA,audio,bonafide,0,train,.flac
C:\Users\paruc\Downloads\archive (1)\LA\LA\ASVspoof2019_LA_dev\flac\LA_D_7711223.flac,archive_(1)_ASVspoof2019_LA,audio,spoof,1,train,.flac
C:\Users\paruc\Downloads\archive (1)\LA\LA\ASVspoof2019_LA_dev\flac\LA_D_4735914.flac,archive_(1)_ASVspoof2019_LA,audio,spoof,1,train,.flac
C:\Users\paruc\Downloads\archive (1)\LA\LA\ASVspoof2019_LA_dev\flac\LA_D_7067333.flac,archive_(1)_ASVspoof2019_LA,audio,bonafide,0,train,.flac
C:\Users\paruc\Downloads\archive (1)\LA\LA\ASVspoof2019_LA_dev\flac\LA_D_8456837.flac,archive_(1)_ASVspoof2019_LA,audio,spoof,1,train,.flac
C:\Users\paruc\Downloads\archive (1)\LA\LA\ASVspoof2019_LA_dev\flac\LA_D_6733062.flac,archive_(1)_ASVspoof2019_LA,audio,bonafide,0,train,.flac
C:\Users\paruc\Downloads\archive (1)\LA\LA\ASVspoof2019_LA_dev\flac\LA_D_5611758.flac,archive_(1)_ASVspoof2019_LA,audio,spoof,1,train,.flac
C:\Users\paruc\Downloads\archive (1)\LA\LA\ASVspoof2019_LA_dev\flac\LA_D_3912641.flac,archive_(1)_ASVspoof2019_LA,audio,bonafide,0,train,.flac
C:\Users\paruc\Downloads\archive (1)\LA\LA\ASVspoof2019_LA_dev\flac\LA_D_7451364.flac,archive_(1)_ASVspoof2019_LA,audio,bonafide,0,train,.flac
C:\Users\paruc\Downloads\archive (1)\LA\LA\ASVspoof2019_LA_dev\flac\LA_D_5842422.flac,archive_(1)_ASVspoof2019_LA,audio,bonafide,0,train,.flac
C:\Users\paruc\Downloads\archive (1)\LA\LA\ASVspoof2019_LA_dev\flac\LA_D_8934893.flac,archive_(1)_ASVspoof2019_LA,audio,spoof,1,train,.flac
C:\Users\paruc\Downloads\archive (1)\LA\LA\ASVspoof2019_LA_dev\flac\LA_D_9042964.flac,archive_(1)_ASVspoof2019_LA,audio,bonafide,0,train,.flac
C:\Users\paruc\Downloads\archive (1)\LA\LA\ASVspoof2019_LA_dev\flac\LA_D_8726343.flac,archive_(1)_ASVspoof2019_LA,audio,bonafide,0,train,.flac
C:\Users\paruc\Downloads\archive (1)\LA\LA\ASVspoof2019_LA_dev\flac\LA_D_6254318.flac,archive_(1)_ASVspoof2019_LA,audio,bonafide,0,train,.flac
C:\Users\paruc\Downloads\archive (1)\LA\LA\ASVspoof2019_LA_dev\flac\LA_D_5451679.flac,archive_(1)_ASVspoof2019_LA,audio,bonafide,0,train,.flac
C:\Users\paruc\Downloads\archive (1)\LA\LA\ASVspoof2019_LA_dev\flac\LA_D_1329749.flac,archive_(1)_ASVspoof2019_LA,audio,spoof,1,train,.flac
C:\Users\paruc\Downloads\archive (1)\LA\LA\ASVspoof2019_LA_dev\flac\LA_D_7338327.flac,archive_(1)_ASVspoof2019_LA,audio,spoof,1,train,.flac
C:\Users\paruc\Downloads\archive (1)\LA\LA\ASVspoof2019_LA_dev\flac\LA_D_3987478.flac,archive_(1)_ASVspoof2019_LA,audio,bonafide,0,train,.flac
C:\Users\paruc\Downloads\archive (1)\LA\LA\ASVspoof2019_LA_dev\flac\LA_D_6874210.flac,archive_(1)_ASVspoof2019_LA,audio,spoof,1,train,.flac
C:\Users\paruc\Downloads\archive (1)\LA\LA\ASVspoof2019_LA_dev\flac\LA_D_1909708.flac,archive_(1)_ASVspoof2019_LA,audio,spoof,1,train,.flac
C:\Users\paruc\Downloads\archive (1)\LA\LA\ASVspoof2019_LA_dev\flac\LA_D_9503289.flac,archive_(1)_ASVspoof2019_LA,audio,spoof,1,train,.flac
C:\Users\paruc\Downloads\archive (1)\LA\LA\ASVspoof2019_LA_dev\flac\LA_D_7257803.flac,archive_(1)_ASVspoof2019_LA,audio,spoof,1,train,.flac
C:\Users\paruc\Downloads\archive (1)\LA\LA\ASVspoof2019_LA_dev\flac\LA_D_6008941.flac,archive_(1)_ASVspoof2019_LA,audio,bonafide,0,train,.flac
C:\Users\paruc\Downloads\archive (1)\LA\LA\ASVspoof2019_LA_dev\flac\LA_D_9100251.flac,archive_(1)_ASVspoof2019_LA,audio,spoof,1,train,.flac
C:\Users\paruc\Downloads\archive (1)\LA\LA\ASVspoof2019_LA_dev\flac\LA_D_8522983.flac,archive_(1)_ASVspoof2019_LA,audio,bonafide,0,train,.flac
C:\Users\paruc\Downloads\archive (1)\LA\LA\ASVspoof2019_LA_dev\flac\LA_D_1705487.flac,archive_(1)_ASVspoof2019_LA,audio,bonafide,0,train,.flac
C:\Users\paruc\Downloads\archive (1)\LA\LA\ASVspoof2019_LA_dev\flac\LA_D_8718669.flac,archive_(1)_ASVspoof2019_LA,audio,spoof,1,train,.flac
C:\Users\paruc\Downloads\archive (1)\LA\LA\ASVspoof2019_LA_dev\flac\LA_D_8988565.flac,archive_(1)_ASVspoof2019_LA,audio,bonafide,0,train,.flac
C:\Users\paruc\Downloads\archive (1)\LA\LA\ASVspoof2019_LA_dev\flac\LA_D_7635520.flac,archive_(1)_ASVspoof2019_LA,audio,spoof,1,train,.flac
C:\Users\paruc\Downloads\archive (1)\LA\LA\ASVspoof2019_LA_dev\flac\LA_D_5320783.flac,archive_(1)_ASVspoof2019_LA,audio,spoof,1,train,.flac
C:\Users\paruc\Downloads\archive (1)\LA\LA\ASVspoof2019_LA_dev\flac\LA_D_9920694.flac,archive_(1)_ASVspoof2019_LA,audio,spoof,1,train,.flac
C:\Users\paruc\Downloads\archive (1)\LA\LA\ASVspoof2019_LA_dev\flac\LA_D_2590726.flac,archive_(1)_ASVspoof2019_LA,audio,bonafide,0,train,.flac
C:\Users\paruc\Downloads\archive (1)\LA\LA\ASVspoof2019_LA_dev\flac\LA_D_4917895.flac,archive_(1)_ASVspoof2019_LA,audio,bonafide,0,train,.flac
C:\Users\paruc\Downloads\archive (1)\LA\LA\ASVspoof2019_LA_dev\flac\LA_D_5604212.flac,archive_(1)_ASVspoof2019_LA,audio,bonafide,0,train,.flac
C:\Users\paruc\Downloads\archive (1)\LA\LA\ASVspoof2019_LA_dev\flac\LA_D_5723637.flac,archive_(1)_ASVspoof2019_LA,audio,spoof,1,train,.flac
C:\Users\paruc\Downloads\archive (1)\LA\LA\ASVspoof2019_LA_dev\flac\LA_D_8639249.flac,archive_(1)_ASVspoof2019_LA,audio,spoof,1,train,.flac
C:\Users\paruc\Downloads\archive (1)\LA\LA\ASVspoof2019_LA_dev\flac\LA_D_9580426.flac,archive_(1)_ASVspoof2019_LA,audio,bonafide,0,train,.flac
C:\Users\paruc\Downloads\archive (1)\LA\LA\ASVspoof2019_LA_dev\flac\LA_D_1840901.flac,archive_(1)_ASVspoof2019_LA,audio,spoof,1,train,.flac
C:\Users\paruc\Downloads\archive (1)\LA\LA\ASVspoof2019_LA_dev\flac\LA_D_3577998.flac,archive_(1)_ASVspoof2019_LA,audio,spoof,1,train,.flac
C:\Users\paruc\Downloads\archive (1)\LA\LA\ASVspoof2019_LA_dev\flac\LA_D_3526413.flac,archive_(1)_ASVspoof2019_LA,audio,bonafide,0,train,.flac
C:\Users\paruc\Downloads\archive (1)\LA\LA\ASVspoof2019_LA_dev\flac\LA_D_8925628.flac,archive_(1)_ASVspoof2019_LA,audio,spoof,1,train,.flac
C:\Users\paruc\Downloads\archive (1)\LA\LA\ASVspoof2019_LA_dev\flac\LA_D_6359607.flac,archive_(1)_ASVspoof2019_LA,audio,spoof,1,train,.flac
C:\Users\paruc\Downloads\archive (1)\LA\LA\ASVspoof2019_LA_dev\flac\LA_D_7849760.flac,archive_(1)_ASVspoof2019_LA,audio,spoof,1,train,.flac
C:\Users\paruc\Downloads\archive (1)\LA\LA\ASVspoof2019_LA_dev\flac\LA_D_7969866.flac,archive_(1)_ASVspoof2019_LA,audio,spoof,1,train,.flac
C:\Users\paruc\Downloads\archive (1)\LA\LA\ASVspoof2019_LA_dev\flac\LA_D_3631905.flac,archive_(1)_ASVspoof2019_LA,audio,bonafide,0,train,.flac
C:\Users\paruc\Downloads\archive (1)\LA\LA\ASVspoof2019_LA_dev\flac\LA_D_7428513.flac,archive_(1)_ASVspoof2019_LA,audio,bonafide,0,train,.flac
C:\Users\paruc\Downloads\archive (1)\LA\LA\ASVspoof2019_LA_dev\flac\LA_D_7521836.flac,archive_(1)_ASVspoof2019_LA,audio,bonafide,0,train,.flac
C:\Users\paruc\Downloads\archive (1)\LA\LA\ASVspoof2019_LA_dev\flac\LA_D_6462905.flac,archive_(1)_ASVspoof2019_LA,audio,spoof,1,train,.flac
C:\Users\paruc\Downloads\archive (1)\LA\LA\ASVspoof2019_LA_dev\flac\LA_D_8007626.flac,archive_(1)_ASVspoof2019_LA,audio,spoof,1,train,.flac
C:\Users\paruc\Downloads\archive (1)\LA\LA\ASVspoof2019_LA_dev\flac\LA_D_6913174.flac,archive_(1)_ASVspoof2019_LA,audio,spoof,1,train,.flac
C:\Users\paruc\Downloads\archive (1)\LA\LA\ASVspoof2019_LA_dev\flac\LA_D_6458272.flac,archive_(1)_ASVspoof2019_LA,audio,bonafide,0,train,.flac
C:\Users\paruc\Downloads\archive (1)\LA\LA\ASVspoof2019_LA_dev\flac\LA_D_2936796.flac,archive_(1)_ASVspoof2019_LA,audio,bonafide,0,train,.flac
C:\Users\paruc\Downloads\archive (1)\LA\LA\ASVspoof2019_LA_dev\flac\LA_D_3257359.flac,archive_(1)_ASVspoof2019_LA,audio,spoof,1,train,.flac
C:\Users\paruc\Downloads\archive (1)\LA\LA\ASVspoof2019_LA_dev\flac\LA_D_8428131.flac,archive_(1)_ASVspoof2019_LA,audio,bonafide,0,train,.flac
C:\Users\paruc\Downloads\archive (1)\LA\LA\ASVspoof2019_LA_dev\flac\LA_D_8658970.flac,archive_(1)_ASVspoof2019_LA,audio,bonafide,0,train,.flac
C:\Users\paruc\Downloads\archive (1)\LA\LA\ASVspoof2019_LA_dev\flac\LA_D_6180779.flac,archive_(1)_ASVspoof2019_LA,audio,spoof,1,train,.flac
C:\Users\paruc\Downloads\archive (1)\LA\LA\ASVspoof2019_LA_dev\flac\LA_D_2955058.flac,archive_(1)_ASVspoof2019_LA,audio,spoof,1,train,.flac
C:\Users\paruc\Downloads\archive (1)\LA\LA\ASVspoof2019_LA_dev\flac\LA_D_1273183.flac,archive_(1)_ASVspoof2019_LA,audio,bonafide,0,train,.flac
C:\Users\paruc\Downloads\archive (1)\LA\LA\ASVspoof2019_LA_dev\flac\LA_D_7539822.flac,archive_(1)_ASVspoof2019_LA,audio,spoof,1,train,.flac
C:\Users\paruc\Downloads\archive (1)\LA\LA\ASVspoof2019_LA_dev\flac\LA_D_8243334.flac,archive_(1)_ASVspoof2019_LA,audio,spoof,1,train,.flac
C:\Users\paruc\Downloads\archive (1)\LA\LA\ASVspoof2019_LA_dev\flac\LA_D_2146411.flac,archive_(1)_ASVspoof2019_LA,audio,spoof,1,train,.flac
C:\Users\paruc\Downloads\archive (1)\LA\LA\ASVspoof2019_LA_dev\flac\LA_D_1377420.flac,archive_(1)_ASVspoof2019_LA,audio,bonafide,0,train,.flac
C:\Users\paruc\Downloads\archive (1)\LA\LA\ASVspoof2019_LA_dev\flac\LA_D_6120152.flac,archive_(1)_ASVspoof2019_LA,audio,bonafide,0,train,.flac
C:\Users\paruc\Downloads\archive (1)\LA\LA\ASVspoof2019_LA_dev\flac\LA_D_3319482.flac,archive_(1)_ASVspoof2019_LA,audio,bonafide,0,train,.flac
C:\Users\paruc\Downloads\archive (1)\LA\LA\ASVspoof2019_LA_dev\flac\LA_D_1400319.flac,archive_(1)_ASVspoof2019_LA,audio,bonafide,0,train,.flac
C:\Users\paruc\Downloads\archive (1)\LA\LA\ASVspoof2019_LA_dev\flac\LA_D_3082988.flac,archive_(1)_ASVspoof2019_LA,audio,spoof,1,train,.flac
C:\Users\paruc\Downloads\archive (1)\LA\LA\ASVspoof2019_LA_dev\flac\LA_D_7750829.flac,archive_(1)_ASVspoof2019_LA,audio,spoof,1,train,.flac
C:\Users\paruc\Downloads\archive (1)\LA\LA\ASVspoof2019_LA_dev\flac\LA_D_7157407.flac,archive_(1)_ASVspoof2019_LA,audio,bonafide,0,train,.flac
C:\Users\paruc\Downloads\archive (1)\LA\LA\ASVspoof2019_LA_dev\flac\LA_D_5834907.flac,archive_(1)_ASVspoof2019_LA,audio,spoof,1,train,.flac
C:\Users\paruc\Downloads\archive (1)\LA\LA\ASVspoof2019_LA_dev\flac\LA_D_7774126.flac,archive_(1)_ASVspoof2019_LA,audio,spoof,1,train,.flac
C:\Users\paruc\Downloads\archive (1)\LA\LA\ASVspoof2019_LA_dev\flac\LA_D_6074404.flac,archive_(1)_ASVspoof2019_LA,audio,spoof,1,train,.flac
C:\Users\paruc\Downloads\archive (1)\LA\LA\ASVspoof2019_LA_dev\flac\LA_D_4859938.flac,archive_(1)_ASVspoof2019_LA,audio,spoof,1,train,.flac
C:\Users\paruc\Downloads\archive (1)\LA\LA\ASVspoof2019_LA_dev\flac\LA_D_9160310.flac,archive_(1)_ASVspoof2019_LA,audio,bonafide,0,train,.flac
C:\Users\paruc\Downloads\archive (1)\LA\LA\ASVspoof2019_LA_dev\flac\LA_D_1357016.flac,archive_(1)_ASVspoof2019_LA,audio,spoof,1,train,.flac
C:\Users\paruc\Downloads\archive (1)\LA\LA\ASVspoof2019_LA_dev\flac\LA_D_9688217.flac,archive_(1)_ASVspoof2019_LA,audio,spoof,1,train,.flac
C:\Users\paruc\Downloads\archive (1)\LA\LA\ASVspoof2019_LA_dev\flac\LA_D_8377433.flac,archive_(1)_ASVspoof2019_LA,audio,bonafide,0,train,.flac
C:\Users\paruc\Downloads\archive (1)\LA\LA\ASVspoof2019_LA_dev\flac\LA_D_6023315.flac,archive_(1)_ASVspoof2019_LA,audio,bonafide,0,train,.flac
C:\Users\paruc\Downloads\archive (1)\LA\LA\ASVspoof2019_LA_dev\flac\LA_D_7385359.flac,archive_(1)_ASVspoof2019_LA,audio,bonafide,0,train,.flac
C:\Users\paruc\Downloads\archive (1)\LA\LA\ASVspoof2019_LA_dev\flac\LA_D_1473255.flac,archive_(1)_ASVspoof2019_LA,audio,bonafide,0,train,.flac
C:\Users\paruc\Downloads\archive (1)\LA\LA\ASVspoof2019_LA_dev\flac\LA_D_3685537.flac,archive_(1)_ASVspoof2019_LA,audio,spoof,1,train,.flac
C:\Users\paruc\Downloads\archive (1)\LA\LA\ASVspoof2019_LA_dev\flac\LA_D_3201750.flac,archive_(1)_ASVspoof2019_LA,audio,spoof,1,train,.flac
C:\Users\paruc\Downloads\archive (1)\LA\LA\ASVspoof2019_LA_dev\flac\LA_D_7200791.flac,archive_(1)_ASVspoof2019_LA,audio,bonafide,0,train,.flac
C:\Users\paruc\Downloads\archive (1)\LA\LA\ASVspoof2019_LA_dev\flac\LA_D_5825711.flac,archive_(1)_ASVspoof2019_LA,audio,bonafide,0,train,.flac
C:\Users\paruc\Downloads\archive (1)\LA\LA\ASVspoof2019_LA_dev\flac\LA_D_3056969.flac,archive_(1)_ASVspoof2019_LA,audio,bonafide,0,train,.flac
C:\Users\paruc\Downloads\archive (1)\LA\LA\ASVspoof2019_LA_dev\flac\LA_D_2054654.flac,archive_(1)_ASVspoof2019_LA,audio,spoof,1,train,.flac
C:\Users\paruc\Downloads\archive (1)\LA\LA\ASVspoof2019_LA_dev\flac\LA_D_5527401.flac,archive_(1)_ASVspoof2019_LA,audio,spoof,1,train,.flac
C:\Users\paruc\Downloads\archive (1)\LA\LA\ASVspoof2019_LA_dev\flac\LA_D_4247411.flac,archive_(1)_ASVspoof2019_LA,audio,bonafide,0,train,.flac
C:\Users\paruc\Downloads\archive (1)\LA\LA\ASVspoof2019_LA_dev\flac\LA_D_7038850.flac,archive_(1)_ASVspoof2019_LA,audio,spoof,1,train,.flac
C:\Users\paruc\Downloads\archive (1)\LA\LA\ASVspoof2019_LA_dev\flac\LA_D_2688414.flac,archive_(1)_ASVspoof2019_LA,audio,bonafide,0,train,.flac
C:\Users\paruc\Downloads\archive (1)\LA\LA\ASVspoof2019_LA_dev\flac\LA_D_8078382.flac,archive_(1)_ASVspoof2019_LA,audio,bonafide,0,train,.flac
C:\Users\paruc\Downloads\archive (1)\LA\LA\ASVspoof2019_LA_dev\flac\LA_D_1123614.flac,archive_(1)_ASVspoof2019_LA,audio,bonafide,0,train,.flac
C:\Users\paruc\Downloads\archive (1)\LA\LA\ASVspoof2019_LA_dev\flac\LA_D_9837343.flac,archive_(1)_ASVspoof2019_LA,audio,spoof,1,train,.flac
C:\Users\paruc\Downloads\archive (1)\LA\LA\ASVspoof2019_LA_dev\flac\LA_D_6375526.flac,archive_(1)_ASVspoof2019_LA,audio,bonafide,0,train,.flac
C:\Users\paruc\Downloads\archive (1)\LA\LA\ASVspoof2019_LA_dev\flac\LA_D_1140227.flac,archive_(1)_ASVspoof2019_LA,audio,spoof,1,train,.flac
C:\Users\paruc\Downloads\archive (1)\LA\LA\ASVspoof2019_LA_dev\flac\LA_D_7907493.flac,archive_(1)_ASVspoof2019_LA,audio,spoof,1,train,.flac
C:\Users\paruc\Downloads\archive (1)\LA\LA\ASVspoof2019_LA_dev\flac\LA_D_6890596.flac,archive_(1)_ASVspoof2019_LA,audio,spoof,1,train,.flac
C:\Users\paruc\Downloads\archive (1)\LA\LA\ASVspoof2019_LA_dev\flac\LA_D_6293563.flac,archive_(1)_ASVspoof2019_LA,audio,spoof,1,train,.flac
C:\Users\paruc\Downloads\archive (1)\LA\LA\ASVspoof2019_LA_dev\flac\LA_D_2414004.flac,archive_(1)_ASVspoof2019_LA,audio,bonafide,0,train,.flac
C:\Users\paruc\Downloads\archive (1)\LA\LA\ASVspoof2019_LA_dev\flac\LA_D_5467501.flac,archive_(1)_ASVspoof2019_LA,audio,spoof,1,train,.flac
C:\Users\paruc\Downloads\archive (1)\LA\LA\ASVspoof2019_LA_dev\flac\LA_D_5947257.flac,archive_(1)_ASVspoof2019_LA,audio,bonafide,0,train,.flac
C:\Users\paruc\Downloads\archive (1)\LA\LA\ASVspoof2019_LA_dev\flac\LA_D_2541020.flac,archive_(1)_ASVspoof2019_LA,audio,spoof,1,train,.flac
C:\Users\paruc\Downloads\archive (1)\LA\LA\ASVspoof2019_LA_dev\flac\LA_D_8592900.flac,archive_(1)_ASVspoof2019_LA,audio,bonafide,0,train,.flac
C:\Users\paruc\Downloads\archive (1)\LA\LA\ASVspoof2019_LA_dev\flac\LA_D_5173305.flac,archive_(1)_ASVspoof2019_LA,audio,spoof,1,train,.flac
C:\Users\paruc\Downloads\archive (1)\LA\LA\ASVspoof2019_LA_dev\flac\LA_D_8214679.flac,archive_(1)_ASVspoof2019_LA,audio,bonafide,0,train,.flac
C:\Users\paruc\Downloads\archive (1)\LA\LA\ASVspoof2019_LA_dev\flac\LA_D_5178435.flac,archive_(1)_ASVspoof2019_LA,audio,bonafide,0,train,.flac
C:\Users\paruc\Downloads\archive (1)\LA\LA\ASVspoof2019_LA_dev\flac\LA_D_3850569.flac,archive_(1)_ASVspoof2019_LA,audio,spoof,1,train,.flac
C:\Users\paruc\Downloads\archive (1)\LA\LA\ASVspoof2019_LA_dev\flac\LA_D_8969774.flac,archive_(1)_ASVspoof2019_LA,audio,spoof,1,train,.flac
C:\Users\paruc\Downloads\archive (1)\LA\LA\ASVspoof2019_LA_dev\flac\LA_D_3918474.flac,archive_(1)_ASVspoof2019_LA,audio,spoof,1,train,.flac
C:\Users\paruc\Downloads\archive (1)\LA\LA\ASVspoof2019_LA_dev\flac\LA_D_5769133.flac,archive_(1)_ASVspoof2019_LA,audio,bonafide,0,train,.flac
C:\Users\paruc\Downloads\archive (1)\LA\LA\ASVspoof2019_LA_dev\flac\LA_D_1835169.flac,archive_(1)_ASVspoof2019_LA,audio,spoof,1,train,.flac
C:\Users\paruc\Downloads\archive (1)\LA\LA\ASVspoof2019_LA_dev\flac\LA_D_4114029.flac,archive_(1)_ASVspoof2019_LA,audio,bonafide,0,train,.flac
C:\Users\paruc\Downloads\archive (1)\LA\LA\ASVspoof2019_LA_dev\flac\LA_D_6133159.flac,archive_(1)_ASVspoof2019_LA,audio,spoof,1,train,.flac
C:\Users\paruc\Downloads\archive (1)\LA\LA\ASVspoof2019_LA_dev\flac\LA_D_3986002.flac,archive_(1)_ASVspoof2019_LA,audio,bonafide,0,train,.flac
C:\Users\paruc\Downloads\archive (1)\LA\LA\ASVspoof2019_LA_dev\flac\LA_D_1611993.flac,archive_(1)_ASVspoof2019_LA,audio,spoof,1,train,.flac
C:\Users\paruc\Downloads\archive (1)\LA\LA\ASVspoof2019_LA_dev\flac\LA_D_1500385.flac,archive_(1)_ASVspoof2019_LA,audio,bonafide,0,train,.flac
C:\Users\paruc\Downloads\archive (1)\LA\LA\ASVspoof2019_LA_dev\flac\LA_D_3650218.flac,archive_(1)_ASVspoof2019_LA,audio,spoof,1,train,.flac
C:\Users\paruc\Downloads\archive (1)\LA\LA\ASVspoof2019_LA_dev\flac\LA_D_3619498.flac,archive_(1)_ASVspoof2019_LA,audio,spoof,1,train,.flac
C:\Users\paruc\Downloads\archive (1)\LA\LA\ASVspoof2019_LA_dev\flac\LA_D_5453453.flac,archive_(1)_ASVspoof2019_LA,audio,spoof,1,train,.flac
C:\Users\paruc\Downloads\archive (1)\LA\LA\ASVspoof2019_LA_dev\flac\LA_D_8200105.flac,archive_(1)_ASVspoof2019_LA,audio,spoof,1,train,.flac
C:\Users\paruc\Downloads\archive (1)\LA\LA\ASVspoof2019_LA_dev\flac\LA_D_8208934.flac,archive_(1)_ASVspoof2019_LA,audio,spoof,1,train,.flac
C:\Users\paruc\Downloads\archive (1)\LA\LA\ASVspoof2019_LA_dev\flac\LA_D_1112296.flac,archive_(1)_ASVspoof2019_LA,audio,bonafide,0,train,.flac
C:\Users\paruc\Downloads\archive (1)\LA\LA\ASVspoof2019_LA_dev\flac\LA_D_9408059.flac,archive_(1)_ASVspoof2019_LA,audio,bonafide,0,train,.flac
C:\Users\paruc\Downloads\archive (1)\LA\LA\ASVspoof2019_LA_dev\flac\LA_D_6824022.flac,archive_(1)_ASVspoof2019_LA,audio,bonafide,0,train,.flac
C:\Users\paruc\Downloads\archive (1)\LA\LA\ASVspoof2019_LA_dev\flac\LA_D_3305165.flac,archive_(1)_ASVspoof2019_LA,audio,spoof,1,train,.flac
C:\Users\paruc\Downloads\archive (1)\LA\LA\ASVspoof2019_LA_dev\flac\LA_D_1524995.flac,archive_(1)_ASVspoof2019_LA,audio,spoof,1,train,.flac
C:\Users\paruc\Downloads\archive (1)\LA\LA\ASVspoof2019_LA_dev\flac\LA_D_9622791.flac,archive_(1)_ASVspoof2019_LA,audio,bonafide,0,train,.flac
C:\Users\paruc\Downloads\archive (1)\LA\LA\ASVspoof2019_LA_dev\flac\LA_D_2375008.flac,archive_(1)_ASVspoof2019_LA,audio,bonafide,0,train,.flac
C:\Users\paruc\Downloads\archive (1)\LA\LA\ASVspoof2019_LA_dev\flac\LA_D_1218270.flac,archive_(1)_ASVspoof2019_LA,audio,spoof,1,train,.flac
C:\Users\paruc\Downloads\archive (1)\LA\LA\ASVspoof2019_LA_dev\flac\LA_D_6423308.flac,archive_(1)_ASVspoof2019_LA,audio,spoof,1,train,.flac
C:\Users\paruc\Downloads\archive (1)\LA\LA\ASVspoof2019_LA_dev\flac\LA_D_8364855.flac,archive_(1)_ASVspoof2019_LA,audio,bonafide,0,train,.flac
C:\Users\paruc\Downloads\archive (1)\LA\LA\ASVspoof2019_LA_dev\flac\LA_D_7203605.flac,archive_(1)_ASVspoof2019_LA,audio,bonafide,0,train,.flac
C:\Users\paruc\Downloads\archive (1)\LA\LA\ASVspoof2019_LA_dev\flac\LA_D_1069525.flac,archive_(1)_ASVspoof2019_LA,audio,bonafide,0,train,.flac
C:\Users\paruc\Downloads\archive (1)\LA\LA\ASVspoof2019_LA_dev\flac\LA_D_2954423.flac,archive_(1)_ASVspoof2019_LA,audio,bonafide,0,train,.flac
C:\Users\paruc\Downloads\archive (1)\LA\LA\ASVspoof2019_LA_dev\flac\LA_D_4246474.flac,archive_(1)_ASVspoof2019_LA,audio,bonafide,0,train,.flac
C:\Users\paruc\Downloads\archive (1)\LA\LA\ASVspoof2019_LA_dev\flac\LA_D_5626492.flac,archive_(1)_ASVspoof2019_LA,audio,spoof,1,train,.flac
C:\Users\paruc\Downloads\archive (1)\LA\LA\ASVspoof2019_LA_dev\flac\LA_D_2178723.flac,archive_(1)_ASVspoof2019_LA,audio,bonafide,0,train,.flac
C:\Users\paruc\Downloads\archive (1)\LA\LA\ASVspoof2019_LA_dev\flac\LA_D_3184710.flac,archive_(1)_ASVspoof2019_LA,audio,spoof,1,train,.flac
C:\Users\paruc\Downloads\archive (1)\LA\LA\ASVspoof2019_LA_dev\flac\LA_D_9023363.flac,archive_(1)_ASVspoof2019_LA,audio,spoof,1,train,.flac
C:\Users\paruc\Downloads\archive (1)\LA\LA\ASVspoof2019_LA_dev\flac\LA_D_9202818.flac,archive_(1)_ASVspoof2019_LA,audio,spoof,1,train,.flac
C:\Users\paruc\Downloads\archive (1)\LA\LA\ASVspoof2019_LA_dev\flac\LA_D_7097009.flac,archive_(1)_ASVspoof2019_LA,audio,spoof,1,train,.flac
C:\Users\paruc\Downloads\archive (1)\LA\LA\ASVspoof2019_LA_dev\flac\LA_D_5443853.flac,archive_(1)_ASVspoof2019_LA,audio,spoof,1,train,.flac
C:\Users\paruc\Downloads\archive (1)\LA\LA\ASVspoof2019_LA_dev\flac\LA_D_1770174.flac,archive_(1)_ASVspoof2019_LA,audio,bonafide,0,train,.flac
C:\Users\paruc\Downloads\archive (1)\LA\LA\ASVspoof2019_LA_dev\flac\LA_D_1601494.flac,archive_(1)_ASVspoof2019_LA,audio,spoof,1,train,.flac
C:\Users\paruc\Downloads\archive (1)\LA\LA\ASVspoof2019_LA_dev\flac\LA_D_5154794.flac,archive_(1)_ASVspoof2019_LA,audio,bonafide,0,train,.flac
C:\Users\paruc\Downloads\archive (1)\LA\LA\ASVspoof2019_LA_dev\flac\LA_D_7689936.flac,archive_(1)_ASVspoof2019_LA,audio,spoof,1,train,.flac
C:\Users\paruc\Downloads\archive (1)\LA\LA\ASVspoof2019_LA_dev\flac\LA_D_5328894.flac,archive_(1)_ASVspoof2019_LA,audio,spoof,1,train,.flac
C:\Users\paruc\Downloads\archive (1)\LA\LA\ASVspoof2019_LA_dev\flac\LA_D_3318993.flac,archive_(1)_ASVspoof2019_LA,audio,spoof,1,train,.flac
C:\Users\paruc\Downloads\archive (1)\LA\LA\ASVspoof2019_LA_dev\flac\LA_D_6497625.flac,archive_(1)_ASVspoof2019_LA,audio,bonafide,0,train,.flac
C:\Users\paruc\Downloads\archive (1)\LA\LA\ASVspoof2019_LA_dev\flac\LA_D_1711559.flac,archive_(1)_ASVspoof2019_LA,audio,bonafide,0,train,.flac
C:\Users\paruc\Downloads\archive (1)\LA\LA\ASVspoof2019_LA_dev\flac\LA_D_6963530.flac,archive_(1)_ASVspoof2019_LA,audio,bonafide,0,train,.flac
C:\Users\paruc\Downloads\archive (1)\LA\LA\ASVspoof2019_LA_dev\flac\LA_D_8983810.flac,archive_(1)_ASVspoof2019_LA,audio,spoof,1,train,.flac
C:\Users\paruc\Downloads\archive (1)\LA\LA\ASVspoof2019_LA_dev\flac\LA_D_9764499.flac,archive_(1)_ASVspoof2019_LA,audio,bonafide,0,train,.flac
C:\Users\paruc\Downloads\archive (1)\LA\LA\ASVspoof2019_LA_dev\flac\LA_D_5135638.flac,archive_(1)_ASVspoof2019_LA,audio,bonafide,0,train,.flac
C:\Users\paruc\Downloads\archive (1)\LA\LA\ASVspoof2019_LA_dev\flac\LA_D_7074881.flac,archive_(1)_ASVspoof2019_LA,audio,bonafide,0,train,.flac
C:\Users\paruc\Downloads\archive (1)\LA\LA\ASVspoof2019_LA_dev\flac\LA_D_4956135.flac,archive_(1)_ASVspoof2019_LA,audio,spoof,1,train,.flac
C:\Users\paruc\Downloads\archive (1)\LA\LA\ASVspoof2019_LA_dev\flac\LA_D_2622953.flac,archive_(1)_ASVspoof2019_LA,audio,bonafide,0,train,.flac
C:\Users\paruc\Downloads\archive (1)\LA\LA\ASVspoof2019_LA_dev\flac\LA_D_9687839.flac,archive_(1)_ASVspoof2019_LA,audio,spoof,1,train,.flac
C:\Users\paruc\Downloads\archive (1)\LA\LA\ASVspoof2019_LA_dev\flac\LA_D_4013189.flac,archive_(1)_ASVspoof2019_LA,audio,spoof,1,train,.flac
C:\Users\paruc\Downloads\archive (1)\LA\LA\ASVspoof2019_LA_dev\flac\LA_D_4948709.flac,archive_(1)_ASVspoof2019_LA,audio,bonafide,0,train,.flac
C:\Users\paruc\Downloads\archive (1)\LA\LA\ASVspoof2019_LA_dev\flac\LA_D_7981085.flac,archive_(1)_ASVspoof2019_LA,audio,bonafide,0,train,.flac
C:\Users\paruc\Downloads\archive (1)\LA\LA\ASVspoof2019_LA_dev\flac\LA_D_8709124.flac,archive_(1)_ASVspoof2019_LA,audio,spoof,1,train,.flac
C:\Users\paruc\Downloads\archive (1)\LA\LA\ASVspoof2019_LA_dev\flac\LA_D_1335445.flac,archive_(1)_ASVspoof2019_LA,audio,bonafide,0,train,.flac
C:\Users\paruc\Downloads\archive (1)\LA\LA\ASVspoof2019_LA_dev\flac\LA_D_9354139.flac,archive_(1)_ASVspoof2019_LA,audio,bonafide,0,train,.flac
C:\Users\paruc\Downloads\archive (1)\LA\LA\ASVspoof2019_LA_dev\flac\LA_D_9924117.flac,archive_(1)_ASVspoof2019_LA,audio,spoof,1,train,.flac
C:\Users\paruc\Downloads\archive (1)\LA\LA\ASVspoof2019_LA_dev\flac\LA_D_1689302.flac,archive_(1)_ASVspoof2019_LA,audio,spoof,1,train,.flac
C:\Users\paruc\Downloads\archive (1)\LA\LA\ASVspoof2019_LA_dev\flac\LA_D_8267794.flac,archive_(1)_ASVspoof2019_LA,audio,spoof,1,train,.flac
C:\Users\paruc\Downloads\archive (1)\LA\LA\ASVspoof2019_LA_dev\flac\LA_D_3051172.flac,archive_(1)_ASVspoof2019_LA,audio,spoof,1,train,.flac
C:\Users\paruc\Downloads\archive (1)\LA\LA\ASVspoof2019_LA_dev\flac\LA_D_2309894.flac,archive_(1)_ASVspoof2019_LA,audio,bonafide,0,train,.flac
C:\Users\paruc\Downloads\archive (1)\LA\LA\ASVspoof2019_LA_dev\flac\LA_D_9450569.flac,archive_(1)_ASVspoof2019_LA,audio,spoof,1,train,.flac
C:\Users\paruc\Downloads\archive (1)\LA\LA\ASVspoof2019_LA_dev\flac\LA_D_6609032.flac,archive_(1)_ASVspoof2019_LA,audio,bonafide,0,train,.flac
C:\Users\paruc\Downloads\archive (1)\LA\LA\ASVspoof2019_LA_dev\flac\LA_D_6198995.flac,archive_(1)_ASVspoof2019_LA,audio,bonafide,0,train,.flac
C:\Users\paruc\Downloads\archive (1)\LA\LA\ASVspoof2019_LA_dev\flac\LA_D_8724279.flac,archive_(1)_ASVspoof2019_LA,audio,spoof,1,train,.flac
C:\Users\paruc\Downloads\archive (1)\LA\LA\ASVspoof2019_LA_dev\flac\LA_D_7143938.flac,archive_(1)_ASVspoof2019_LA,audio,spoof,1,train,.flac
C:\Users\paruc\Downloads\archive (1)\LA\LA\ASVspoof2019_LA_dev\flac\LA_D_1833652.flac,archive_(1)_ASVspoof2019_LA,audio,bonafide,0,train,.flac
C:\Users\paruc\Downloads\archive (1)\LA\LA\ASVspoof2019_LA_dev\flac\LA_D_8792865.flac,archive_(1)_ASVspoof2019_LA,audio,bonafide,0,train,.flac
C:\Users\paruc\Downloads\archive (1)\LA\LA\ASVspoof2019_LA_dev\flac\LA_D_9841321.flac,archive_(1)_ASVspoof2019_LA,audio,bonafide,0,train,.flac
C:\Users\paruc\Downloads\archive (1)\LA\LA\ASVspoof2019_LA_dev\flac\LA_D_2630434.flac,archive_(1)_ASVspoof2019_LA,audio,bonafide,0,train,.flac
C:\Users\paruc\Downloads\archive (1)\LA\LA\ASVspoof2019_LA_dev\flac\LA_D_3194286.flac,archive_(1)_ASVspoof2019_LA,audio,bonafide,0,train,.flac
C:\Users\paruc\Downloads\archive (1)\LA\LA\ASVspoof2019_LA_dev\flac\LA_D_8184787.flac,archive_(1)_ASVspoof2019_LA,audio,bonafide,0,train,.flac
C:\Users\paruc\Downloads\archive (1)\LA\LA\ASVspoof2019_LA_dev\flac\LA_D_4166346.flac,archive_(1)_ASVspoof2019_LA,audio,bonafide,0,train,.flac
C:\Users\paruc\Downloads\archive (1)\LA\LA\ASVspoof2019_LA_dev\flac\LA_D_5046909.flac,archive_(1)_ASVspoof2019_LA,audio,spoof,1,train,.flac
C:\Users\paruc\Downloads\archive (1)\LA\LA\ASVspoof2019_LA_dev\flac\LA_D_4735766.flac,archive_(1)_ASVspoof2019_LA,audio,spoof,1,train,.flac
C:\Users\paruc\Downloads\archive (1)\LA\LA\ASVspoof2019_LA_dev\flac\LA_D_3857058.flac,archive_(1)_ASVspoof2019_LA,audio,bonafide,0,train,.flac
C:\Users\paruc\Downloads\archive (1)\LA\LA\ASVspoof2019_LA_dev\flac\LA_D_4983943.flac,archive_(1)_ASVspoof2019_LA,audio,spoof,1,train,.flac
C:\Users\paruc\Downloads\archive (1)\LA\LA\ASVspoof2019_LA_dev\flac\LA_D_6288186.flac,archive_(1)_ASVspoof2019_LA,audio,spoof,1,train,.flac
C:\Users\paruc\Downloads\archive (1)\LA\LA\ASVspoof2019_LA_dev\flac\LA_D_8264385.flac,archive_(1)_ASVspoof2019_LA,audio,bonafide,0,train,.flac
C:\Users\paruc\Downloads\archive (1)\LA\LA\ASVspoof2019_LA_dev\flac\LA_D_3232165.flac,archive_(1)_ASVspoof2019_LA,audio,bonafide,0,train,.flac
C:\Users\paruc\Downloads\archive (1)\LA\LA\ASVspoof2019_LA_dev\flac\LA_D_1427710.flac,archive_(1)_ASVspoof2019_LA,audio,bonafide,0,train,.flac
C:\Users\paruc\Downloads\archive (1)\LA\LA\ASVspoof2019_LA_dev\flac\LA_D_2816765.flac,archive_(1)_ASVspoof2019_LA,audio,bonafide,0,train,.flac
C:\Users\paruc\Downloads\archive (1)\LA\LA\ASVspoof2019_LA_dev\flac\LA_D_7450739.flac,archive_(1)_ASVspoof2019_LA,audio,bonafide,0,train,.flac
C:\Users\paruc\Downloads\archive (1)\LA\LA\ASVspoof2019_LA_dev\flac\LA_D_5554369.flac,archive_(1)_ASVspoof2019_LA,audio,bonafide,0,train,.flac
C:\Users\paruc\Downloads\archive (1)\LA\LA\ASVspoof2019_LA_dev\flac\LA_D_5049363.flac,archive_(1)_ASVspoof2019_LA,audio,bonafide,0,train,.flac
C:\Users\paruc\Downloads\archive (1)\LA\LA\ASVspoof2019_LA_dev\flac\LA_D_6865911.flac,archive_(1)_ASVspoof2019_LA,audio,spoof,1,train,.flac
C:\Users\paruc\Downloads\archive (1)\LA\LA\ASVspoof2019_LA_dev\flac\LA_D_9720984.flac,archive_(1)_ASVspoof2019_LA,audio,spoof,1,train,.flac
C:\Users\paruc\Downloads\archive (1)\LA\LA\ASVspoof2019_LA_dev\flac\LA_D_4909424.flac,archive_(1)_ASVspoof2019_LA,audio,spoof,1,train,.flac
C:\Users\paruc\Downloads\archive (1)\LA\LA\ASVspoof2019_LA_dev\flac\LA_D_9347638.flac,archive_(1)_ASVspoof2019_LA,audio,spoof,1,train,.flac
C:\Users\paruc\Downloads\archive (1)\LA\LA\ASVspoof2019_LA_dev\flac\LA_D_8089934.flac,archive_(1)_ASVspoof2019_LA,audio,bonafide,0,train,.flac
C:\Users\paruc\Downloads\archive (1)\LA\LA\ASVspoof2019_LA_dev\flac\LA_D_2831561.flac,archive_(1)_ASVspoof2019_LA,audio,bonafide,0,train,.flac
C:\Users\paruc\Downloads\archive (1)\LA\LA\ASVspoof2019_LA_dev\flac\LA_D_3327924.flac,archive_(1)_ASVspoof2019_LA,audio,bonafide,0,train,.flac
C:\Users\paruc\Downloads\archive (1)\LA\LA\ASVspoof2019_LA_dev\flac\LA_D_9323786.flac,archive_(1)_ASVspoof2019_LA,audio,spoof,1,train,.flac
C:\Users\paruc\Downloads\archive (1)\LA\LA\ASVspoof2019_LA_dev\flac\LA_D_9952323.flac,archive_(1)_ASVspoof2019_LA,audio,spoof,1,train,.flac
C:\Users\paruc\Downloads\archive (1)\LA\LA\ASVspoof2019_LA_dev\flac\LA_D_1415071.flac,archive_(1)_ASVspoof2019_LA,audio,spoof,1,train,.flac
C:\Users\paruc\Downloads\archive (1)\LA\LA\ASVspoof2019_LA_dev\flac\LA_D_3109423.flac,archive_(1)_ASVspoof2019_LA,audio,bonafide,0,train,.flac
C:\Users\paruc\Downloads\archive (1)\LA\LA\ASVspoof2019_LA_dev\flac\LA_D_1484973.flac,archive_(1)_ASVspoof2019_LA,audio,bonafide,0,train,.flac
C:\Users\paruc\Downloads\archive (1)\LA\LA\ASVspoof2019_LA_dev\flac\LA_D_7420272.flac,archive_(1)_ASVspoof2019_LA,audio,spoof,1,train,.flac
C:\Users\paruc\Downloads\archive (1)\LA\LA\ASVspoof2019_LA_dev\flac\LA_D_4500571.flac,archive_(1)_ASVspoof2019_LA,audio,spoof,1,train,.flac
C:\Users\paruc\Downloads\archive (1)\LA\LA\ASVspoof2019_LA_dev\flac\LA_D_1114039.flac,archive_(1)_ASVspoof2019_LA,audio,spoof,1,train,.flac
C:\Users\paruc\Downloads\archive (1)\LA\LA\ASVspoof2019_LA_dev\flac\LA_D_6843468.flac,archive_(1)_ASVspoof2019_LA,audio,bonafide,0,train,.flac
C:\Users\paruc\Downloads\archive (1)\LA\LA\ASVspoof2019_LA_dev\flac\LA_D_7376418.flac,archive_(1)_ASVspoof2019_LA,audio,spoof,1,train,.flac
C:\Users\paruc\Downloads\archive (1)\LA\LA\ASVspoof2019_LA_dev\flac\LA_D_5336291.flac,archive_(1)_ASVspoof2019_LA,audio,bonafide,0,train,.flac
C:\Users\paruc\Downloads\archive (1)\LA\LA\ASVspoof2019_LA_dev\flac\LA_D_3727888.flac,archive_(1)_ASVspoof2019_LA,audio,bonafide,0,train,.flac
C:\Users\paruc\Downloads\archive (1)\LA\LA\ASVspoof2019_LA_dev\flac\LA_D_1796445.flac,archive_(1)_ASVspoof2019_LA,audio,bonafide,0,train,.flac
C:\Users\paruc\Downloads\archive (1)\LA\LA\ASVspoof2019_LA_dev\flac\LA_D_7830144.flac,archive_(1)_ASVspoof2019_LA,audio,bonafide,0,train,.flac
C:\Users\paruc\Downloads\archive (1)\LA\LA\ASVspoof2019_LA_dev\flac\LA_D_8433710.flac,archive_(1)_ASVspoof2019_LA,audio,bonafide,0,train,.flac
C:\Users\paruc\Downloads\archive (1)\LA\LA\ASVspoof2019_LA_dev\flac\LA_D_9132830.flac,archive_(1)_ASVspoof2019_LA,audio,spoof,1,train,.flac
C:\Users\paruc\Downloads\archive (1)\LA\LA\ASVspoof2019_LA_dev\flac\LA_D_9084504.flac,archive_(1)_ASVspoof2019_LA,audio,spoof,1,train,.flac
C:\Users\paruc\Downloads\archive (1)\LA\LA\ASVspoof2019_LA_dev\flac\LA_D_7725830.flac,archive_(1)_ASVspoof2019_LA,audio,spoof,1,train,.flac
C:\Users\paruc\Downloads\archive (1)\LA\LA\ASVspoof2019_LA_dev\flac\LA_D_9131118.flac,archive_(1)_ASVspoof2019_LA,audio,spoof,1,train,.flac
C:\Users\paruc\Downloads\archive (1)\LA\LA\ASVspoof2019_LA_dev\flac\LA_D_7419263.flac,archive_(1)_ASVspoof2019_LA,audio,spoof,1,train,.flac
C:\Users\paruc\Downloads\archive (1)\LA\LA\ASVspoof2019_LA_dev\flac\LA_D_9620410.flac,archive_(1)_ASVspoof2019_LA,audio,bonafide,0,train,.flac
C:\Users\paruc\Downloads\archive (1)\LA\LA\ASVspoof2019_LA_dev\flac\LA_D_2666429.flac,archive_(1)_ASVspoof2019_LA,audio,spoof,1,train,.flac
C:\Users\paruc\Downloads\archive (1)\LA\LA\ASVspoof2019_LA_dev\flac\LA_D_7573423.flac,archive_(1)_ASVspoof2019_LA,audio,bonafide,0,train,.flac
C:\Users\paruc\Downloads\archive (1)\LA\LA\ASVspoof2019_LA_dev\flac\LA_D_1214950.flac,archive_(1)_ASVspoof2019_LA,audio,bonafide,0,train,.flac
C:\Users\paruc\Downloads\archive (1)\LA\LA\ASVspoof2019_LA_dev\flac\LA_D_6208971.flac,archive_(1)_ASVspoof2019_LA,audio,bonafide,0,train,.flac
C:\Users\paruc\Downloads\archive (1)\LA\LA\ASVspoof2019_LA_dev\flac\LA_D_7513515.flac,archive_(1)_ASVspoof2019_LA,audio,bonafide,0,train,.flac
C:\Users\paruc\Downloads\archive (1)\LA\LA\ASVspoof2019_LA_dev\flac\LA_D_3598308.flac,archive_(1)_ASVspoof2019_LA,audio,spoof,1,train,.flac
C:\Users\paruc\Downloads\archive (1)\LA\LA\ASVspoof2019_LA_dev\flac\LA_D_2372835.flac,archive_(1)_ASVspoof2019_LA,audio,spoof,1,train,.flac
C:\Users\paruc\Downloads\archive (1)\LA\LA\ASVspoof2019_LA_dev\flac\LA_D_1299580.flac,archive_(1)_ASVspoof2019_LA,audio,bonafide,0,train,.flac
C:\Users\paruc\Downloads\archive (1)\LA\LA\ASVspoof2019_LA_dev\flac\LA_D_2336355.flac,archive_(1)_ASVspoof2019_LA,audio,spoof,1,train,.flac
C:\Users\paruc\Downloads\archive (1)\LA\LA\ASVspoof2019_LA_dev\flac\LA_D_3510615.flac,archive_(1)_ASVspoof2019_LA,audio,spoof,1,train,.flac
C:\Users\paruc\Downloads\archive (1)\LA\LA\ASVspoof2019_LA_dev\flac\LA_D_3514242.flac,archive_(1)_ASVspoof2019_LA,audio,bonafide,0,train,.flac
C:\Users\paruc\Downloads\archive (1)\LA\LA\ASVspoof2019_LA_dev\flac\LA_D_6976087.flac,archive_(1)_ASVspoof2019_LA,audio,bonafide,0,train,.flac
C:\Users\paruc\Downloads\archive (1)\LA\LA\ASVspoof2019_LA_dev\flac\LA_D_4143632.flac,archive_(1)_ASVspoof2019_LA,audio,spoof,1,train,.flac
C:\Users\paruc\Downloads\archive (1)\LA\LA\ASVspoof2019_LA_dev\flac\LA_D_3578253.flac,archive_(1)_ASVspoof2019_LA,audio,spoof,1,train,.flac
C:\Users\paruc\Downloads\archive (1)\LA\LA\ASVspoof2019_LA_dev\flac\LA_D_8598286.flac,archive_(1)_ASVspoof2019_LA,audio,spoof,1,train,.flac
C:\Users\paruc\Downloads\archive (1)\LA\LA\ASVspoof2019_LA_dev\flac\LA_D_7270074.flac,archive_(1)_ASVspoof2019_LA,audio,bonafide,0,train,.flac
C:\Users\paruc\Downloads\archive (1)\LA\LA\ASVspoof2019_LA_dev\flac\LA_D_9930873.flac,archive_(1)_ASVspoof2019_LA,audio,spoof,1,train,.flac
C:\Users\paruc\Downloads\archive (1)\LA\LA\ASVspoof2019_LA_dev\flac\LA_D_1107420.flac,archive_(1)_ASVspoof2019_LA,audio,spoof,1,train,.flac
C:\Users\paruc\Downloads\archive (1)\LA\LA\ASVspoof2019_LA_dev\flac\LA_D_1368280.flac,archive_(1)_ASVspoof2019_LA,audio,bonafide,0,train,.flac
C:\Users\paruc\Downloads\archive (1)\LA\LA\ASVspoof2019_LA_dev\flac\LA_D_7390072.flac,archive_(1)_ASVspoof2019_LA,audio,spoof,1,train,.flac
C:\Users\paruc\Downloads\archive (1)\LA\LA\ASVspoof2019_LA_dev\flac\LA_D_7467696.flac,archive_(1)_ASVspoof2019_LA,audio,bonafide,0,train,.flac
C:\Users\paruc\Downloads\archive (1)\LA\LA\ASVspoof2019_LA_dev\flac\LA_D_1456958.flac,archive_(1)_ASVspoof2019_LA,audio,spoof,1,train,.flac
C:\Users\paruc\Downloads\archive (1)\LA\LA\ASVspoof2019_LA_dev\flac\LA_D_4812073.flac,archive_(1)_ASVspoof2019_LA,audio,spoof,1,train,.flac
C:\Users\paruc\Downloads\archive (1)\LA\LA\ASVspoof2019_LA_dev\flac\LA_D_5165861.flac,archive_(1)_ASVspoof2019_LA,audio,spoof,1,train,.flac
C:\Users\paruc\Downloads\archive (1)\LA\LA\ASVspoof2019_LA_dev\flac\LA_D_7544405.flac,archive_(1)_ASVspoof2019_LA,audio,bonafide,0,train,.flac
C:\Users\paruc\Downloads\archive (1)\LA\LA\ASVspoof2019_LA_dev\flac\LA_D_4529182.flac,archive_(1)_ASVspoof2019_LA,audio,bonafide,0,train,.flac
C:\Users\paruc\Downloads\archive (1)\LA\LA\ASVspoof2019_LA_dev\flac\LA_D_8588899.flac,archive_(1)_ASVspoof2019_LA,audio,spoof,1,train,.flac
C:\Users\paruc\Downloads\archive (1)\LA\LA\ASVspoof2019_LA_dev\flac\LA_D_2339812.flac,archive_(1)_ASVspoof2019_LA,audio,spoof,1,train,.flac
C:\Users\paruc\Downloads\archive (1)\LA\LA\ASVspoof2019_LA_dev\flac\LA_D_3676943.flac,archive_(1)_ASVspoof2019_LA,audio,spoof,1,train,.flac
C:\Users\paruc\Downloads\archive (1)\LA\LA\ASVspoof2019_LA_dev\flac\LA_D_4984074.flac,archive_(1)_ASVspoof2019_LA,audio,spoof,1,train,.flac
C:\Users\paruc\Downloads\archive (1)\LA\LA\ASVspoof2019_LA_dev\flac\LA_D_3608903.flac,archive_(1)_ASVspoof2019_LA,audio,bonafide,0,train,.flac
C:\Users\paruc\Downloads\archive (1)\LA\LA\ASVspoof2019_LA_dev\flac\LA_D_6810732.flac,archive_(1)_ASVspoof2019_LA,audio,bonafide,0,train,.flac
C:\Users\paruc\Downloads\archive (1)\LA\LA\ASVspoof2019_LA_dev\flac\LA_D_2262103.flac,archive_(1)_ASVspoof2019_LA,audio,spoof,1,train,.flac
C:\Users\paruc\Downloads\archive (1)\LA\LA\ASVspoof2019_LA_dev\flac\LA_D_5712684.flac,archive_(1)_ASVspoof2019_LA,audio,bonafide,0,train,.flac
C:\Users\paruc\Downloads\archive (1)\LA\LA\ASVspoof2019_LA_dev\flac\LA_D_7376093.flac,archive_(1)_ASVspoof2019_LA,audio,bonafide,0,train,.flac
C:\Users\paruc\Downloads\archive (1)\LA\LA\ASVspoof2019_LA_dev\flac\LA_D_1013810.flac,archive_(1)_ASVspoof2019_LA,audio,spoof,1,train,.flac
C:\Users\paruc\Downloads\archive (1)\LA\LA\ASVspoof2019_LA_dev\flac\LA_D_4871506.flac,archive_(1)_ASVspoof2019_LA,audio,spoof,1,train,.flac
C:\Users\paruc\Downloads\archive (1)\LA\LA\ASVspoof2019_LA_dev\flac\LA_D_3389737.flac,archive_(1)_ASVspoof2019_LA,audio,bonafide,0,train,.flac
C:\Users\paruc\Downloads\archive (1)\LA\LA\ASVspoof2019_LA_dev\flac\LA_D_5545146.flac,archive_(1)_ASVspoof2019_LA,audio,bonafide,0,train,.flac
C:\Users\paruc\Downloads\archive (1)\LA\LA\ASVspoof2019_LA_dev\flac\LA_D_3890187.flac,archive_(1)_ASVspoof2019_LA,audio,spoof,1,train,.flac
C:\Users\paruc\Downloads\archive (1)\LA\LA\ASVspoof2019_LA_dev\flac\LA_D_4778408.flac,archive_(1)_ASVspoof2019_LA,audio,spoof,1,train,.flac
C:\Users\paruc\Downloads\archive (1)\LA\LA\ASVspoof2019_LA_dev\flac\LA_D_6936162.flac,archive_(1)_ASVspoof2019_LA,audio,bonafide,0,train,.flac
C:\Users\paruc\Downloads\archive (1)\LA\LA\ASVspoof2019_LA_dev\flac\LA_D_6963143.flac,archive_(1)_ASVspoof2019_LA,audio,spoof,1,train,.flac
C:\Users\paruc\Downloads\archive (1)\LA\LA\ASVspoof2019_LA_dev\flac\LA_D_1396590.flac,archive_(1)_ASVspoof2019_LA,audio,spoof,1,train,.flac
C:\Users\paruc\Downloads\archive (1)\LA\LA\ASVspoof2019_LA_dev\flac\LA_D_9239572.flac,archive_(1)_ASVspoof2019_LA,audio,bonafide,0,train,.flac
C:\Users\paruc\Downloads\archive (1)\LA\LA\ASVspoof2019_LA_dev\flac\LA_D_4945200.flac,archive_(1)_ASVspoof2019_LA,audio,spoof,1,train,.flac
C:\Users\paruc\Downloads\archive (1)\LA\LA\ASVspoof2019_LA_dev\flac\LA_D_2525000.flac,archive_(1)_ASVspoof2019_LA,audio,bonafide,0,train,.flac
C:\Users\paruc\Downloads\archive (1)\LA\LA\ASVspoof2019_LA_dev\flac\LA_D_2466781.flac,archive_(1)_ASVspoof2019_LA,audio,bonafide,0,train,.flac
C:\Users\paruc\Downloads\archive (1)\LA\LA\ASVspoof2019_LA_dev\flac\LA_D_8194315.flac,archive_(1)_ASVspoof2019_LA,audio,bonafide,0,train,.flac
C:\Users\paruc\Downloads\archive (1)\LA\LA\ASVspoof2019_LA_dev\flac\LA_D_7652023.flac,archive_(1)_ASVspoof2019_LA,audio,spoof,1,train,.flac
C:\Users\paruc\Downloads\archive (1)\LA\LA\ASVspoof2019_LA_dev\flac\LA_D_1432705.flac,archive_(1)_ASVspoof2019_LA,audio,spoof,1,train,.flac
C:\Users\paruc\Downloads\archive (1)\LA\LA\ASVspoof2019_LA_dev\flac\LA_D_9082615.flac,archive_(1)_ASVspoof2019_LA,audio,spoof,1,train,.flac
C:\Users\paruc\Downloads\archive (1)\LA\LA\ASVspoof2019_LA_dev\flac\LA_D_7526777.flac,archive_(1)_ASVspoof2019_LA,audio,spoof,1,train,.flac
C:\Users\paruc\Downloads\archive (1)\LA\LA\ASVspoof2019_LA_dev\flac\LA_D_1497236.flac,archive_(1)_ASVspoof2019_LA,audio,spoof,1,train,.flac
C:\Users\paruc\Downloads\archive (1)\LA\LA\ASVspoof2019_LA_dev\flac\LA_D_5541379.flac,archive_(1)_ASVspoof2019_LA,audio,bonafide,0,train,.flac
C:\Users\paruc\Downloads\archive (1)\LA\LA\ASVspoof2019_LA_dev\flac\LA_D_1281950.flac,archive_(1)_ASVspoof2019_LA,audio,bonafide,0,train,.flac
C:\Users\paruc\Downloads\archive (1)\LA\LA\ASVspoof2019_LA_dev\flac\LA_D_4947147.flac,archive_(1)_ASVspoof2019_LA,audio,bonafide,0,train,.flac
C:\Users\paruc\Downloads\archive (1)\LA\LA\ASVspoof2019_LA_dev\flac\LA_D_4016591.flac,archive_(1)_ASVspoof2019_LA,audio,bonafide,0,train,.flac
C:\Users\paruc\Downloads\archive (1)\LA\LA\ASVspoof2019_LA_dev\flac\LA_D_5030937.flac,archive_(1)_ASVspoof2019_LA,audio,bonafide,0,train,.flac
C:\Users\paruc\Downloads\archive (1)\LA\LA\ASVspoof2019_LA_dev\flac\LA_D_7496196.flac,archive_(1)_ASVspoof2019_LA,audio,bonafide,0,train,.flac
C:\Users\paruc\Downloads\archive (1)\LA\LA\ASVspoof2019_LA_dev\flac\LA_D_7168411.flac,archive_(1)_ASVspoof2019_LA,audio,spoof,1,train,.flac
C:\Users\paruc\Downloads\archive (1)\LA\LA\ASVspoof2019_LA_dev\flac\LA_D_7408100.flac,archive_(1)_ASVspoof2019_LA,audio,bonafide,0,train,.flac
C:\Users\paruc\Downloads\archive (1)\LA\LA\ASVspoof2019_LA_dev\flac\LA_D_4418754.flac,archive_(1)_ASVspoof2019_LA,audio,spoof,1,train,.flac
C:\Users\paruc\Downloads\archive (1)\LA\LA\ASVspoof2019_LA_dev\flac\LA_D_7537666.flac,archive_(1)_ASVspoof2019_LA,audio,spoof,1,train,.flac
C:\Users\paruc\Downloads\archive (1)\LA\LA\ASVspoof2019_LA_dev\flac\LA_D_5958463.flac,archive_(1)_ASVspoof2019_LA,audio,spoof,1,train,.flac
C:\Users\paruc\Downloads\archive (1)\LA\LA\ASVspoof2019_LA_dev\flac\LA_D_8461949.flac,archive_(1)_ASVspoof2019_LA,audio,bonafide,0,train,.flac
C:\Users\paruc\Downloads\archive (1)\LA\LA\ASVspoof2019_LA_dev\flac\LA_D_9126409.flac,archive_(1)_ASVspoof2019_LA,audio,bonafide,0,train,.flac
C:\Users\paruc\Downloads\archive (1)\LA\LA\ASVspoof2019_LA_dev\flac\LA_D_6393255.flac,archive_(1)_ASVspoof2019_LA,audio,bonafide,0,train,.flac
C:\Users\paruc\Downloads\archive (1)\LA\LA\ASVspoof2019_LA_dev\flac\LA_D_5856971.flac,archive_(1)_ASVspoof2019_LA,audio,spoof,1,train,.flac
C:\Users\paruc\Downloads\archive (1)\LA\LA\ASVspoof2019_LA_dev\flac\LA_D_2026367.flac,archive_(1)_ASVspoof2019_LA,audio,bonafide,0,train,.flac
C:\Users\paruc\Downloads\archive (1)\LA\LA\ASVspoof2019_LA_dev\flac\LA_D_8140953.flac,archive_(1)_ASVspoof2019_LA,audio,spoof,1,train,.flac
C:\Users\paruc\Downloads\archive (1)\LA\LA\ASVspoof2019_LA_dev\flac\LA_D_3556377.flac,archive_(1)_ASVspoof2019_LA,audio,bonafide,0,train,.flac
C:\Users\paruc\Downloads\archive (1)\LA\LA\ASVspoof2019_LA_dev\flac\LA_D_4804432.flac,archive_(1)_ASVspoof2019_LA,audio,bonafide,0,train,.flac
C:\Users\paruc\Downloads\archive (1)\LA\LA\ASVspoof2019_LA_dev\flac\LA_D_6268154.flac,archive_(1)_ASVspoof2019_LA,audio,spoof,1,train,.flac
C:\Users\paruc\Downloads\archive (1)\LA\LA\ASVspoof2019_LA_dev\flac\LA_D_9626068.flac,archive_(1)_ASVspoof2019_LA,audio,spoof,1,train,.flac
C:\Users\paruc\Downloads\archive (1)\LA\LA\ASVspoof2019_LA_dev\flac\LA_D_5901105.flac,archive_(1)_ASVspoof2019_LA,audio,spoof,1,train,.flac
C:\Users\paruc\Downloads\archive (1)\LA\LA\ASVspoof2019_LA_dev\flac\LA_D_4763361.flac,archive_(1)_ASVspoof2019_LA,audio,spoof,1,train,.flac
C:\Users\paruc\Downloads\archive (1)\LA\LA\ASVspoof2019_LA_dev\flac\LA_D_4422392.flac,archive_(1)_ASVspoof2019_LA,audio,spoof,1,train,.flac
C:\Users\paruc\Downloads\archive (1)\LA\LA\ASVspoof2019_LA_dev\flac\LA_D_7450790.flac,archive_(1)_ASVspoof2019_LA,audio,bonafide,0,train,.flac
C:\Users\paruc\Downloads\archive (1)\LA\LA\ASVspoof2019_LA_dev\flac\LA_D_8142373.flac,archive_(1)_ASVspoof2019_LA,audio,bonafide,0,train,.flac
C:\Users\paruc\Downloads\archive (1)\LA\LA\ASVspoof2019_LA_dev\flac\LA_D_4226294.flac,archive_(1)_ASVspoof2019_LA,audio,bonafide,0,train,.flac
C:\Users\paruc\Downloads\archive (1)\LA\LA\ASVspoof2019_LA_dev\flac\LA_D_2292066.flac,archive_(1)_ASVspoof2019_LA,audio,spoof,1,train,.flac
C:\Users\paruc\Downloads\archive (1)\LA\LA\ASVspoof2019_LA_dev\flac\LA_D_5260084.flac,archive_(1)_ASVspoof2019_LA,audio,bonafide,0,train,.flac
C:\Users\paruc\Downloads\archive (1)\LA\LA\ASVspoof2019_LA_dev\flac\LA_D_6425908.flac,archive_(1)_ASVspoof2019_LA,audio,spoof,1,train,.flac
C:\Users\paruc\Downloads\archive (1)\LA\LA\ASVspoof2019_LA_dev\flac\LA_D_4585446.flac,archive_(1)_ASVspoof2019_LA,audio,spoof,1,train,.flac
C:\Users\paruc\Downloads\archive (1)\LA\LA\ASVspoof2019_LA_dev\flac\LA_D_3774137.flac,archive_(1)_ASVspoof2019_LA,audio,bonafide,0,train,.flac
C:\Users\paruc\Downloads\archive (1)\LA\LA\ASVspoof2019_LA_dev\flac\LA_D_9951278.flac,archive_(1)_ASVspoof2019_LA,audio,spoof,1,train,.flac
C:\Users\paruc\Downloads\archive (1)\LA\LA\ASVspoof2019_LA_dev\flac\LA_D_9386152.flac,archive_(1)_ASVspoof2019_LA,audio,bonafide,0,train,.flac
C:\Users\paruc\Downloads\archive (1)\LA\LA\ASVspoof2019_LA_dev\flac\LA_D_8988223.flac,archive_(1)_ASVspoof2019_LA,audio,bonafide,0,train,.flac
C:\Users\paruc\Downloads\archive (1)\LA\LA\ASVspoof2019_LA_dev\flac\LA_D_4735699.flac,archive_(1)_ASVspoof2019_LA,audio,spoof,1,train,.flac
C:\Users\paruc\Downloads\archive (1)\LA\LA\ASVspoof2019_LA_dev\flac\LA_D_8995647.flac,archive_(1)_ASVspoof2019_LA,audio,bonafide,0,train,.flac
C:\Users\paruc\Downloads\archive (1)\LA\LA\ASVspoof2019_LA_dev\flac\LA_D_5255611.flac,archive_(1)_ASVspoof2019_LA,audio,bonafide,0,train,.flac
C:\Users\paruc\Downloads\archive (1)\LA\LA\ASVspoof2019_LA_dev\flac\LA_D_7143793.flac,archive_(1)_ASVspoof2019_LA,audio,spoof,1,train,.flac
C:\Users\paruc\Downloads\archive (1)\LA\LA\ASVspoof2019_LA_dev\flac\LA_D_7715110.flac,archive_(1)_ASVspoof2019_LA,audio,bonafide,0,train,.flac
C:\Users\paruc\Downloads\archive (1)\LA\LA\ASVspoof2019_LA_dev\flac\LA_D_6262512.flac,archive_(1)_ASVspoof2019_LA,audio,bonafide,0,train,.flac
C:\Users\paruc\Downloads\archive (1)\LA\LA\ASVspoof2019_LA_dev\flac\LA_D_3894755.flac,archive_(1)_ASVspoof2019_LA,audio,spoof,1,train,.flac
C:\Users\paruc\Downloads\archive (1)\LA\LA\ASVspoof2019_LA_dev\flac\LA_D_6752758.flac,archive_(1)_ASVspoof2019_LA,audio,bonafide,0,train,.flac
C:\Users\paruc\Downloads\archive (1)\LA\LA\ASVspoof2019_LA_dev\flac\LA_D_2348890.flac,archive_(1)_ASVspoof2019_LA,audio,spoof,1,train,.flac
C:\Users\paruc\Downloads\archive (1)\LA\LA\ASVspoof2019_LA_dev\flac\LA_D_2854806.flac,archive_(1)_ASVspoof2019_LA,audio,spoof,1,train,.flac
C:\Users\paruc\Downloads\archive (1)\LA\LA\ASVspoof2019_LA_dev\flac\LA_D_5771160.flac,archive_(1)_ASVspoof2019_LA,audio,spoof,1,train,.flac
C:\Users\paruc\Downloads\archive (1)\LA\LA\ASVspoof2019_LA_dev\flac\LA_D_7778751.flac,archive_(1)_ASVspoof2019_LA,audio,spoof,1,train,.flac
C:\Users\paruc\Downloads\archive (1)\LA\LA\ASVspoof2019_LA_dev\flac\LA_D_6615635.flac,archive_(1)_ASVspoof2019_LA,audio,spoof,1,train,.flac
C:\Users\paruc\Downloads\archive (1)\LA\LA\ASVspoof2019_LA_dev\flac\LA_D_2411901.flac,archive_(1)_ASVspoof2019_LA,audio,bonafide,0,train,.flac
C:\Users\paruc\Downloads\archive (1)\LA\LA\ASVspoof2019_LA_dev\flac\LA_D_7541001.flac,archive_(1)_ASVspoof2019_LA,audio,spoof,1,train,.flac
C:\Users\paruc\Downloads\archive (1)\LA\LA\ASVspoof2019_LA_dev\flac\LA_D_6654217.flac,archive_(1)_ASVspoof2019_LA,audio,spoof,1,train,.flac
C:\Users\paruc\Downloads\archive (1)\LA\LA\ASVspoof2019_LA_dev\flac\LA_D_2289303.flac,archive_(1)_ASVspoof2019_LA,audio,bonafide,0,train,.flac
C:\Users\paruc\Downloads\archive (1)\LA\LA\ASVspoof2019_LA_dev\flac\LA_D_3080108.flac,archive_(1)_ASVspoof2019_LA,audio,bonafide,0,train,.flac
C:\Users\paruc\Downloads\archive (1)\LA\LA\ASVspoof2019_LA_dev\flac\LA_D_2380064.flac,archive_(1)_ASVspoof2019_LA,audio,bonafide,0,train,.flac
C:\Users\paruc\Downloads\archive (1)\LA\LA\ASVspoof2019_LA_dev\flac\LA_D_8023275.flac,archive_(1)_ASVspoof2019_LA,audio,bonafide,0,train,.flac
C:\Users\paruc\Downloads\archive (1)\LA\LA\ASVspoof2019_LA_dev\flac\LA_D_9728878.flac,archive_(1)_ASVspoof2019_LA,audio,spoof,1,train,.flac
C:\Users\paruc\Downloads\archive (1)\LA\LA\ASVspoof2019_LA_dev\flac\LA_D_2155436.flac,archive_(1)_ASVspoof2019_LA,audio,spoof,1,train,.flac
C:\Users\paruc\Downloads\archive (1)\LA\LA\ASVspoof2019_LA_dev\flac\LA_D_3084702.flac,archive_(1)_ASVspoof2019_LA,audio,bonafide,0,train,.flac
C:\Users\paruc\Downloads\archive (1)\LA\LA\ASVspoof2019_LA_dev\flac\LA_D_2428239.flac,archive_(1)_ASVspoof2019_LA,audio,spoof,1,train,.flac
C:\Users\paruc\Downloads\archive (1)\LA\LA\ASVspoof2019_LA_dev\flac\LA_D_2996762.flac,archive_(1)_ASVspoof2019_LA,audio,bonafide,0,train,.flac
C:\Users\paruc\Downloads\archive (1)\LA\LA\ASVspoof2019_LA_dev\flac\LA_D_4449596.flac,archive_(1)_ASVspoof2019_LA,audio,spoof,1,train,.flac
C:\Users\paruc\Downloads\archive (1)\LA\LA\ASVspoof2019_LA_dev\flac\LA_D_8960097.flac,archive_(1)_ASVspoof2019_LA,audio,spoof,1,train,.flac
C:\Users\paruc\Downloads\archive (1)\LA\LA\ASVspoof2019_LA_dev\flac\LA_D_4013164.flac,archive_(1)_ASVspoof2019_LA,audio,bonafide,0,train,.flac
C:\Users\paruc\Downloads\archive (1)\LA\LA\ASVspoof2019_LA_dev\flac\LA_D_5811636.flac,archive_(1)_ASVspoof2019_LA,audio,spoof,1,train,.flac
C:\Users\paruc\Downloads\archive (1)\LA\LA\ASVspoof2019_LA_dev\flac\LA_D_4633338.flac,archive_(1)_ASVspoof2019_LA,audio,spoof,1,train,.flac
C:\Users\paruc\Downloads\archive (1)\LA\LA\ASVspoof2019_LA_dev\flac\LA_D_4701213.flac,archive_(1)_ASVspoof2019_LA,audio,bonafide,0,train,.flac
C:\Users\paruc\Downloads\archive (1)\LA\LA\ASVspoof2019_LA_dev\flac\LA_D_2322081.flac,archive_(1)_ASVspoof2019_LA,audio,bonafide,0,train,.flac
C:\Users\paruc\Downloads\archive (1)\LA\LA\ASVspoof2019_LA_dev\flac\LA_D_7579918.flac,archive_(1)_ASVspoof2019_LA,audio,bonafide,0,train,.flac
C:\Users\paruc\Downloads\archive (1)\LA\LA\ASVspoof2019_LA_dev\flac\LA_D_5845294.flac,archive_(1)_ASVspoof2019_LA,audio,spoof,1,train,.flac
C:\Users\paruc\Downloads\archive (1)\LA\LA\ASVspoof2019_LA_dev\flac\LA_D_7396958.flac,archive_(1)_ASVspoof2019_LA,audio,spoof,1,train,.flac
C:\Users\paruc\Downloads\archive (1)\LA\LA\ASVspoof2019_LA_dev\flac\LA_D_2799771.flac,archive_(1)_ASVspoof2019_LA,audio,spoof,1,train,.flac
C:\Users\paruc\Downloads\archive (1)\LA\LA\ASVspoof2019_LA_dev\flac\LA_D_5067672.flac,archive_(1)_ASVspoof2019_LA,audio,spoof,1,train,.flac
C:\Users\paruc\Downloads\archive (1)\LA\LA\ASVspoof2019_LA_dev\flac\LA_D_3369144.flac,archive_(1)_ASVspoof2019_LA,audio,bonafide,0,train,.flac
C:\Users\paruc\Downloads\archive (1)\LA\LA\ASVspoof2019_LA_dev\flac\LA_D_4354056.flac,archive_(1)_ASVspoof2019_LA,audio,bonafide,0,train,.flac
C:\Users\paruc\Downloads\archive (1)\LA\LA\ASVspoof2019_LA_dev\flac\LA_D_9222965.flac,archive_(1)_ASVspoof2019_LA,audio,bonafide,0,train,.flac
C:\Users\paruc\Downloads\archive (1)\LA\LA\ASVspoof2019_LA_dev\flac\LA_D_6363189.flac,archive_(1)_ASVspoof2019_LA,audio,spoof,1,train,.flac
C:\Users\paruc\Downloads\archive (1)\LA\LA\ASVspoof2019_LA_dev\flac\LA_D_3726485.flac,archive_(1)_ASVspoof2019_LA,audio,bonafide,0,train,.flac
C:\Users\paruc\Downloads\archive (1)\LA\LA\ASVspoof2019_LA_dev\flac\LA_D_1019359.flac,archive_(1)_ASVspoof2019_LA,audio,spoof,1,train,.flac
C:\Users\paruc\Downloads\archive (1)\LA\LA\ASVspoof2019_LA_dev\flac\LA_D_4965981.flac,archive_(1)_ASVspoof2019_LA,audio,spoof,1,train,.flac
C:\Users\paruc\Downloads\archive (1)\LA\LA\ASVspoof2019_LA_dev\flac\LA_D_6332014.flac,archive_(1)_ASVspoof2019_LA,audio,bonafide,0,train,.flac
C:\Users\paruc\Downloads\archive (1)\LA\LA\ASVspoof2019_LA_dev\flac\LA_D_7501952.flac,archive_(1)_ASVspoof2019_LA,audio,bonafide,0,train,.flac
C:\Users\paruc\Downloads\archive (1)\LA\LA\ASVspoof2019_LA_dev\flac\LA_D_4422512.flac,archive_(1)_ASVspoof2019_LA,audio,bonafide,0,train,.flac
C:\Users\paruc\Downloads\archive (1)\LA\LA\ASVspoof2019_LA_dev\flac\LA_D_3109790.flac,archive_(1)_ASVspoof2019_LA,audio,spoof,1,train,.flac
C:\Users\paruc\Downloads\archive (1)\LA\LA\ASVspoof2019_LA_dev\flac\LA_D_5455322.flac,archive_(1)_ASVspoof2019_LA,audio,spoof,1,train,.flac
C:\Users\paruc\Downloads\archive (1)\LA\LA\ASVspoof2019_LA_dev\flac\LA_D_7219660.flac,archive_(1)_ASVspoof2019_LA,audio,spoof,1,train,.flac
C:\Users\paruc\Downloads\archive (1)\LA\LA\ASVspoof2019_LA_dev\flac\LA_D_1071755.flac,archive_(1)_ASVspoof2019_LA,audio,spoof,1,train,.flac
C:\Users\paruc\Downloads\archive (1)\LA\LA\ASVspoof2019_LA_dev\flac\LA_D_2638842.flac,archive_(1)_ASVspoof2019_LA,audio,spoof,1,train,.flac
C:\Users\paruc\Downloads\archive (1)\LA\LA\ASVspoof2019_LA_dev\flac\LA_D_2151201.flac,archive_(1)_ASVspoof2019_LA,audio,spoof,1,train,.flac
C:\Users\paruc\Downloads\archive (1)\LA\LA\ASVspoof2019_LA_dev\flac\LA_D_7153745.flac,archive_(1)_ASVspoof2019_LA,audio,bonafide,0,train,.flac
C:\Users\paruc\Downloads\archive (1)\LA\LA\ASVspoof2019_LA_dev\flac\LA_D_8467174.flac,archive_(1)_ASVspoof2019_LA,audio,spoof,1,train,.flac
C:\Users\paruc\Downloads\archive (1)\LA\LA\ASVspoof2019_LA_dev\flac\LA_D_6938657.flac,archive_(1)_ASVspoof2019_LA,audio,spoof,1,train,.flac
C:\Users\paruc\Downloads\archive (1)\LA\LA\ASVspoof2019_LA_dev\flac\LA_D_7518457.flac,archive_(1)_ASVspoof2019_LA,audio,bonafide,0,train,.flac
C:\Users\paruc\Downloads\archive (1)\LA\LA\ASVspoof2019_LA_dev\flac\LA_D_2811662.flac,archive_(1)_ASVspoof2019_LA,audio,bonafide,0,train,.flac
C:\Users\paruc\Downloads\archive (1)\LA\LA\ASVspoof2019_LA_dev\flac\LA_D_1732752.flac,archive_(1)_ASVspoof2019_LA,audio,bonafide,0,train,.flac
C:\Users\paruc\Downloads\archive (1)\LA\LA\ASVspoof2019_LA_dev\flac\LA_D_6379116.flac,archive_(1)_ASVspoof2019_LA,audio,spoof,1,train,.flac
C:\Users\paruc\Downloads\archive (1)\LA\LA\ASVspoof2019_LA_dev\flac\LA_D_7471560.flac,archive_(1)_ASVspoof2019_LA,audio,bonafide,0,train,.flac
C:\Users\paruc\Downloads\archive (1)\LA\LA\ASVspoof2019_LA_dev\flac\LA_D_4413908.flac,archive_(1)_ASVspoof2019_LA,audio,spoof,1,train,.flac
C:\Users\paruc\Downloads\archive (1)\LA\LA\ASVspoof2019_LA_dev\flac\LA_D_6538501.flac,archive_(1)_ASVspoof2019_LA,audio,spoof,1,train,.flac
C:\Users\paruc\Downloads\archive (1)\LA\LA\ASVspoof2019_LA_dev\flac\LA_D_2112837.flac,archive_(1)_ASVspoof2019_LA,audio,bonafide,0,train,.flac
C:\Users\paruc\Downloads\archive (1)\LA\LA\ASVspoof2019_LA_dev\flac\LA_D_1976624.flac,archive_(1)_ASVspoof2019_LA,audio,spoof,1,train,.flac
C:\Users\paruc\Downloads\archive (1)\LA\LA\ASVspoof2019_LA_dev\flac\LA_D_5508177.flac,archive_(1)_ASVspoof2019_LA,audio,bonafide,0,train,.flac
C:\Users\paruc\Downloads\archive (1)\LA\LA\ASVspoof2019_LA_dev\flac\LA_D_4824900.flac,archive_(1)_ASVspoof2019_LA,audio,spoof,1,train,.flac
C:\Users\paruc\Downloads\archive (1)\LA\LA\ASVspoof2019_LA_dev\flac\LA_D_6704472.flac,archive_(1)_ASVspoof2019_LA,audio,bonafide,0,train,.flac
C:\Users\paruc\Downloads\archive (1)\LA\LA\ASVspoof2019_LA_dev\flac\LA_D_7213885.flac,archive_(1)_ASVspoof2019_LA,audio,bonafide,0,train,.flac
C:\Users\paruc\Downloads\archive (1)\LA\LA\ASVspoof2019_LA_dev\flac\LA_D_8863380.flac,archive_(1)_ASVspoof2019_LA,audio,bonafide,0,train,.flac
C:\Users\paruc\Downloads\archive (1)\LA\LA\ASVspoof2019_LA_dev\flac\LA_D_7874275.flac,archive_(1)_ASVspoof2019_LA,audio,bonafide,0,train,.flac
C:\Users\paruc\Downloads\archive (1)\LA\LA\ASVspoof2019_LA_dev\flac\LA_D_4239074.flac,archive_(1)_ASVspoof2019_LA,audio,bonafide,0,train,.flac
C:\Users\paruc\Downloads\archive (1)\LA\LA\ASVspoof2019_LA_dev\flac\LA_D_7704814.flac,archive_(1)_ASVspoof2019_LA,audio,spoof,1,train,.flac
C:\Users\paruc\Downloads\archive (1)\LA\LA\ASVspoof2019_LA_dev\flac\LA_D_6515867.flac,archive_(1)_ASVspoof2019_LA,audio,bonafide,0,train,.flac
C:\Users\paruc\Downloads\archive (1)\LA\LA\ASVspoof2019_LA_dev\flac\LA_D_9559588.flac,archive_(1)_ASVspoof2019_LA,audio,bonafide,0,train,.flac
C:\Users\paruc\Downloads\archive (1)\LA\LA\ASVspoof2019_LA_dev\flac\LA_D_8289729.flac,archive_(1)_ASVspoof2019_LA,audio,bonafide,0,train,.flac
C:\Users\paruc\Downloads\archive (1)\LA\LA\ASVspoof2019_LA_dev\flac\LA_D_3692559.flac,archive_(1)_ASVspoof2019_LA,audio,spoof,1,train,.flac
C:\Users\paruc\Downloads\archive (1)\LA\LA\ASVspoof2019_LA_dev\flac\LA_D_9521386.flac,archive_(1)_ASVspoof2019_LA,audio,spoof,1,train,.flac
C:\Users\paruc\Downloads\archive (1)\LA\LA\ASVspoof2019_LA_dev\flac\LA_D_1595036.flac,archive_(1)_ASVspoof2019_LA,audio,bonafide,0,train,.flac
C:\Users\paruc\Downloads\archive (1)\LA\LA\ASVspoof2019_LA_dev\flac\LA_D_1607104.flac,archive_(1)_ASVspoof2019_LA,audio,bonafide,0,train,.flac
C:\Users\paruc\Downloads\archive (1)\LA\LA\ASVspoof2019_LA_dev\flac\LA_D_9757460.flac,archive_(1)_ASVspoof2019_LA,audio,bonafide,0,train,.flac
C:\Users\paruc\Downloads\archive (1)\LA\LA\ASVspoof2019_LA_dev\flac\LA_D_9357270.flac,archive_(1)_ASVspoof2019_LA,audio,bonafide,0,train,.flac
C:\Users\paruc\Downloads\archive (1)\LA\LA\ASVspoof2019_LA_dev\flac\LA_D_9979102.flac,archive_(1)_ASVspoof2019_LA,audio,spoof,1,train,.flac
C:\Users\paruc\Downloads\archive (1)\LA\LA\ASVspoof2019_LA_dev\flac\LA_D_7251068.flac,archive_(1)_ASVspoof2019_LA,audio,spoof,1,train,.flac
C:\Users\paruc\Downloads\archive (1)\LA\LA\ASVspoof2019_LA_dev\flac\LA_D_9200045.flac,archive_(1)_ASVspoof2019_LA,audio,bonafide,0,train,.flac
C:\Users\paruc\Downloads\archive (1)\LA\LA\ASVspoof2019_LA_dev\flac\LA_D_3861154.flac,archive_(1)_ASVspoof2019_LA,audio,bonafide,0,train,.flac
C:\Users\paruc\Downloads\archive (1)\LA\LA\ASVspoof2019_LA_dev\flac\LA_D_1562732.flac,archive_(1)_ASVspoof2019_LA,audio,bonafide,0,train,.flac
C:\Users\paruc\Downloads\archive (1)\LA\LA\ASVspoof2019_LA_dev\flac\LA_D_1694628.flac,archive_(1)_ASVspoof2019_LA,audio,spoof,1,train,.flac
C:\Users\paruc\Downloads\archive (1)\LA\LA\ASVspoof2019_LA_dev\flac\LA_D_4273910.flac,archive_(1)_ASVspoof2019_LA,audio,spoof,1,train,.flac
C:\Users\paruc\Downloads\archive (1)\LA\LA\ASVspoof2019_LA_dev\flac\LA_D_7109425.flac,archive_(1)_ASVspoof2019_LA,audio,bonafide,0,train,.flac
C:\Users\paruc\Downloads\archive (1)\LA\LA\ASVspoof2019_LA_dev\flac\LA_D_8457325.flac,archive_(1)_ASVspoof2019_LA,audio,bonafide,0,train,.flac
C:\Users\paruc\Downloads\archive (1)\LA\LA\ASVspoof2019_LA_dev\flac\LA_D_8421891.flac,archive_(1)_ASVspoof2019_LA,audio,spoof,1,train,.flac
C:\Users\paruc\Downloads\archive (1)\LA\LA\ASVspoof2019_LA_dev\flac\LA_D_9159907.flac,archive_(1)_ASVspoof2019_LA,audio,bonafide,0,train,.flac
C:\Users\paruc\Downloads\archive (1)\LA\LA\ASVspoof2019_LA_dev\flac\LA_D_5837272.flac,archive_(1)_ASVspoof2019_LA,audio,bonafide,0,train,.flac
C:\Users\paruc\Downloads\archive (1)\LA\LA\ASVspoof2019_LA_dev\flac\LA_D_3050627.flac,archive_(1)_ASVspoof2019_LA,audio,bonafide,0,train,.flac
C:\Users\paruc\Downloads\archive (1)\LA\LA\ASVspoof2019_LA_dev\flac\LA_D_5901185.flac,archive_(1)_ASVspoof2019_LA,audio,spoof,1,train,.flac
C:\Users\paruc\Downloads\archive (1)\LA\LA\ASVspoof2019_LA_dev\flac\LA_D_6324927.flac,archive_(1)_ASVspoof2019_LA,audio,bonafide,0,train,.flac
C:\Users\paruc\Downloads\archive (1)\LA\LA\ASVspoof2019_LA_dev\flac\LA_D_6223286.flac,archive_(1)_ASVspoof2019_LA,audio,bonafide,0,train,.flac
C:\Users\paruc\Downloads\archive (1)\LA\LA\ASVspoof2019_LA_dev\flac\LA_D_9502258.flac,archive_(1)_ASVspoof2019_LA,audio,bonafide,0,train,.flac
C:\Users\paruc\Downloads\archive (1)\LA\LA\ASVspoof2019_LA_dev\flac\LA_D_3497759.flac,archive_(1)_ASVspoof2019_LA,audio,spoof,1,train,.flac
C:\Users\paruc\Downloads\archive (1)\LA\LA\ASVspoof2019_LA_dev\flac\LA_D_6624488.flac,archive_(1)_ASVspoof2019_LA,audio,spoof,1,train,.flac
C:\Users\paruc\Downloads\archive (1)\LA\LA\ASVspoof2019_LA_dev\flac\LA_D_7505292.flac,archive_(1)_ASVspoof2019_LA,audio,spoof,1,train,.flac
C:\Users\paruc\Downloads\archive (1)\LA\LA\ASVspoof2019_LA_dev\flac\LA_D_9568749.flac,archive_(1)_ASVspoof2019_LA,audio,bonafide,0,train,.flac
C:\Users\paruc\Downloads\archive (1)\LA\LA\ASVspoof2019_LA_dev\flac\LA_D_4763816.flac,archive_(1)_ASVspoof2019_LA,audio,spoof,1,train,.flac
C:\Users\paruc\Downloads\archive (1)\LA\LA\ASVspoof2019_LA_dev\flac\LA_D_9321479.flac,archive_(1)_ASVspoof2019_LA,audio,spoof,1,train,.flac
C:\Users\paruc\Downloads\archive (1)\LA\LA\ASVspoof2019_LA_dev\flac\LA_D_6882166.flac,archive_(1)_ASVspoof2019_LA,audio,spoof,1,train,.flac
C:\Users\paruc\Downloads\archive (1)\LA\LA\ASVspoof2019_LA_dev\flac\LA_D_4692458.flac,archive_(1)_ASVspoof2019_LA,audio,spoof,1,train,.flac
C:\Users\paruc\Downloads\archive (1)\LA\LA\ASVspoof2019_LA_dev\flac\LA_D_7399617.flac,archive_(1)_ASVspoof2019_LA,audio,bonafide,0,train,.flac
C:\Users\paruc\Downloads\archive (1)\LA\LA\ASVspoof2019_LA_dev\flac\LA_D_5677972.flac,archive_(1)_ASVspoof2019_LA,audio,bonafide,0,train,.flac
C:\Users\paruc\Downloads\archive (1)\LA\LA\ASVspoof2019_LA_dev\flac\LA_D_8432583.flac,archive_(1)_ASVspoof2019_LA,audio,bonafide,0,train,.flac
C:\Users\paruc\Downloads\archive (1)\LA\LA\ASVspoof2019_LA_dev\flac\LA_D_1168419.flac,archive_(1)_ASVspoof2019_LA,audio,spoof,1,train,.flac
C:\Users\paruc\Downloads\archive (1)\LA\LA\ASVspoof2019_LA_dev\flac\LA_D_4942819.flac,archive_(1)_ASVspoof2019_LA,audio,bonafide,0,train,.flac
C:\Users\paruc\Downloads\archive (1)\LA\LA\ASVspoof2019_LA_dev\flac\LA_D_8017626.flac,archive_(1)_ASVspoof2019_LA,audio,bonafide,0,train,.flac
C:\Users\paruc\Downloads\archive (1)\LA\LA\ASVspoof2019_LA_dev\flac\LA_D_9860564.flac,archive_(1)_ASVspoof2019_LA,audio,spoof,1,train,.flac
C:\Users\paruc\Downloads\archive (1)\LA\LA\ASVspoof2019_LA_dev\flac\LA_D_8031870.flac,archive_(1)_ASVspoof2019_LA,audio,bonafide,0,train,.flac
C:\Users\paruc\Downloads\archive (1)\LA\LA\ASVspoof2019_LA_dev\flac\LA_D_2597748.flac,archive_(1)_ASVspoof2019_LA,audio,bonafide,0,train,.flac
C:\Users\paruc\Downloads\archive (1)\LA\LA\ASVspoof2019_LA_dev\flac\LA_D_1961293.flac,archive_(1)_ASVspoof2019_LA,audio,bonafide,0,train,.flac
C:\Users\paruc\Downloads\archive (1)\LA\LA\ASVspoof2019_LA_dev\flac\LA_D_8593699.flac,archive_(1)_ASVspoof2019_LA,audio,spoof,1,train,.flac
C:\Users\paruc\Downloads\archive (1)\LA\LA\ASVspoof2019_LA_dev\flac\LA_D_4552327.flac,archive_(1)_ASVspoof2019_LA,audio,bonafide,0,train,.flac
C:\Users\paruc\Downloads\archive (1)\LA\LA\ASVspoof2019_LA_dev\flac\LA_D_8791449.flac,archive_(1)_ASVspoof2019_LA,audio,spoof,1,train,.flac
C:\Users\paruc\Downloads\archive (1)\LA\LA\ASVspoof2019_LA_dev\flac\LA_D_4670510.flac,archive_(1)_ASVspoof2019_LA,audio,bonafide,0,train,.flac
C:\Users\paruc\Downloads\archive (1)\LA\LA\ASVspoof2019_LA_dev\flac\LA_D_7871009.flac,archive_(1)_ASVspoof2019_LA,audio,bonafide,0,train,.flac
C:\Users\paruc\Downloads\archive (1)\LA\LA\ASVspoof2019_LA_dev\flac\LA_D_6701963.flac,archive_(1)_ASVspoof2019_LA,audio,bonafide,0,train,.flac
C:\Users\paruc\Downloads\archive (1)\LA\LA\ASVspoof2019_LA_dev\flac\LA_D_2496910.flac,archive_(1)_ASVspoof2019_LA,audio,bonafide,0,train,.flac
C:\Users\paruc\Downloads\archive (1)\LA\LA\ASVspoof2019_LA_dev\flac\LA_D_8397551.flac,archive_(1)_ASVspoof2019_LA,audio,bonafide,0,train,.flac
C:\Users\paruc\Downloads\archive (1)\LA\LA\ASVspoof2019_LA_dev\flac\LA_D_4037283.flac,archive_(1)_ASVspoof2019_LA,audio,bonafide,0,train,.flac
C:\Users\paruc\Downloads\archive (1)\LA\LA\ASVspoof2019_LA_dev\flac\LA_D_5814082.flac,archive_(1)_ASVspoof2019_LA,audio,spoof,1,train,.flac
C:\Users\paruc\Downloads\archive (1)\LA\LA\ASVspoof2019_LA_dev\flac\LA_D_2109062.flac,archive_(1)_ASVspoof2019_LA,audio,bonafide,0,train,.flac
C:\Users\paruc\Downloads\archive (1)\LA\LA\ASVspoof2019_LA_dev\flac\LA_D_3061471.flac,archive_(1)_ASVspoof2019_LA,audio,bonafide,0,train,.flac
C:\Users\paruc\Downloads\archive (1)\LA\LA\ASVspoof2019_LA_dev\flac\LA_D_3443703.flac,archive_(1)_ASVspoof2019_LA,audio,bonafide,0,train,.flac
C:\Users\paruc\Downloads\archive (1)\LA\LA\ASVspoof2019_LA_dev\flac\LA_D_9314069.flac,archive_(1)_ASVspoof2019_LA,audio,spoof,1,train,.flac
C:\Users\paruc\Downloads\archive (1)\LA\LA\ASVspoof2019_LA_dev\flac\LA_D_9243355.flac,archive_(1)_ASVspoof2019_LA,audio,bonafide,0,train,.flac
C:\Users\paruc\Downloads\archive (1)\LA\LA\ASVspoof2019_LA_dev\flac\LA_D_1710320.flac,archive_(1)_ASVspoof2019_LA,audio,bonafide,0,train,.flac
C:\Users\paruc\Downloads\archive (1)\LA\LA\ASVspoof2019_LA_dev\flac\LA_D_7351646.flac,archive_(1)_ASVspoof2019_LA,audio,spoof,1,train,.flac
C:\Users\paruc\Downloads\archive (1)\LA\LA\ASVspoof2019_LA_dev\flac\LA_D_9195670.flac,archive_(1)_ASVspoof2019_LA,audio,bonafide,0,train,.flac
C:\Users\paruc\Downloads\archive (1)\LA\LA\ASVspoof2019_LA_dev\flac\LA_D_9362120.flac,archive_(1)_ASVspoof2019_LA,audio,spoof,1,train,.flac
C:\Users\paruc\Downloads\archive (1)\LA\LA\ASVspoof2019_LA_dev\flac\LA_D_3084288.flac,archive_(1)_ASVspoof2019_LA,audio,spoof,1,train,.flac
C:\Users\paruc\Downloads\archive (1)\LA\LA\ASVspoof2019_LA_dev\flac\LA_D_9517414.flac,archive_(1)_ASVspoof2019_LA,audio,bonafide,0,train,.flac
C:\Users\paruc\Downloads\archive (1)\LA\LA\ASVspoof2019_LA_dev\flac\LA_D_4697959.flac,archive_(1)_ASVspoof2019_LA,audio,spoof,1,train,.flac
C:\Users\paruc\Downloads\archive (1)\LA\LA\ASVspoof2019_LA_dev\flac\LA_D_7787517.flac,archive_(1)_ASVspoof2019_LA,audio,bonafide,0,train,.flac
C:\Users\paruc\Downloads\archive (1)\LA\LA\ASVspoof2019_LA_dev\flac\LA_D_7319497.flac,archive_(1)_ASVspoof2019_LA,audio,bonafide,0,train,.flac
C:\Users\paruc\Downloads\archive (1)\LA\LA\ASVspoof2019_LA_dev\flac\LA_D_5136646.flac,archive_(1)_ASVspoof2019_LA,audio,bonafide,0,train,.flac
C:\Users\paruc\Downloads\archive (1)\LA\LA\ASVspoof2019_LA_dev\flac\LA_D_4110914.flac,archive_(1)_ASVspoof2019_LA,audio,spoof,1,train,.flac
C:\Users\paruc\Downloads\archive (1)\LA\LA\ASVspoof2019_LA_dev\flac\LA_D_5459367.flac,archive_(1)_ASVspoof2019_LA,audio,bonafide,0,train,.flac
C:\Users\paruc\Downloads\archive (1)\LA\LA\ASVspoof2019_LA_dev\flac\LA_D_1246607.flac,archive_(1)_ASVspoof2019_LA,audio,bonafide,0,train,.flac
C:\Users\paruc\Downloads\archive (1)\LA\LA\ASVspoof2019_LA_dev\flac\LA_D_1532705.flac,archive_(1)_ASVspoof2019_LA,audio,bonafide,0,train,.flac
C:\Users\paruc\Downloads\archive (1)\LA\LA\ASVspoof2019_LA_dev\flac\LA_D_3050700.flac,archive_(1)_ASVspoof2019_LA,audio,spoof,1,train,.flac
C:\Users\paruc\Downloads\archive (1)\LA\LA\ASVspoof2019_LA_dev\flac\LA_D_1462556.flac,archive_(1)_ASVspoof2019_LA,audio,spoof,1,train,.flac
C:\Users\paruc\Downloads\archive (1)\LA\LA\ASVspoof2019_LA_dev\flac\LA_D_2943260.flac,archive_(1)_ASVspoof2019_LA,audio,bonafide,0,train,.flac
C:\Users\paruc\Downloads\archive (1)\LA\LA\ASVspoof2019_LA_dev\flac\LA_D_7824275.flac,archive_(1)_ASVspoof2019_LA,audio,spoof,1,train,.flac
C:\Users\paruc\Downloads\archive (1)\LA\LA\ASVspoof2019_LA_dev\flac\LA_D_7901168.flac,archive_(1)_ASVspoof2019_LA,audio,spoof,1,train,.flac
C:\Users\paruc\Downloads\archive (1)\LA\LA\ASVspoof2019_LA_dev\flac\LA_D_5150969.flac,archive_(1)_ASVspoof2019_LA,audio,spoof,1,train,.flac
C:\Users\paruc\Downloads\archive (1)\LA\LA\ASVspoof2019_LA_dev\flac\LA_D_6323762.flac,archive_(1)_ASVspoof2019_LA,audio,bonafide,0,train,.flac
C:\Users\paruc\Downloads\archive (1)\LA\LA\ASVspoof2019_LA_dev\flac\LA_D_9668611.flac,archive_(1)_ASVspoof2019_LA,audio,bonafide,0,train,.flac
C:\Users\paruc\Downloads\archive (1)\LA\LA\ASVspoof2019_LA_dev\flac\LA_D_5950853.flac,archive_(1)_ASVspoof2019_LA,audio,bonafide,0,train,.flac
C:\Users\paruc\Downloads\archive (1)\LA\LA\ASVspoof2019_LA_dev\flac\LA_D_3913569.flac,archive_(1)_ASVspoof2019_LA,audio,spoof,1,train,.flac
C:\Users\paruc\Downloads\archive (1)\LA\LA\ASVspoof2019_LA_dev\flac\LA_D_3507167.flac,archive_(1)_ASVspoof2019_LA,audio,bonafide,0,train,.flac
C:\Users\paruc\Downloads\archive (1)\LA\LA\ASVspoof2019_LA_dev\flac\LA_D_2252677.flac,archive_(1)_ASVspoof2019_LA,audio,bonafide,0,train,.flac
C:\Users\paruc\Downloads\archive (1)\LA\LA\ASVspoof2019_LA_dev\flac\LA_D_7194660.flac,archive_(1)_ASVspoof2019_LA,audio,bonafide,0,train,.flac
C:\Users\paruc\Downloads\archive (1)\LA\LA\ASVspoof2019_LA_dev\flac\LA_D_4100618.flac,archive_(1)_ASVspoof2019_LA,audio,spoof,1,train,.flac
C:\Users\paruc\Downloads\archive (1)\LA\LA\ASVspoof2019_LA_dev\flac\LA_D_3258694.flac,archive_(1)_ASVspoof2019_LA,audio,bonafide,0,train,.flac
C:\Users\paruc\Downloads\archive (1)\LA\LA\ASVspoof2019_LA_dev\flac\LA_D_9039771.flac,archive_(1)_ASVspoof2019_LA,audio,bonafide,0,train,.flac
C:\Users\paruc\Downloads\archive (1)\LA\LA\ASVspoof2019_LA_dev\flac\LA_D_7045410.flac,archive_(1)_ASVspoof2019_LA,audio,spoof,1,train,.flac
C:\Users\paruc\Downloads\archive (1)\LA\LA\ASVspoof2019_LA_dev\flac\LA_D_7400680.flac,archive_(1)_ASVspoof2019_LA,audio,bonafide,0,train,.flac
C:\Users\paruc\Downloads\archive (1)\LA\LA\ASVspoof2019_LA_dev\flac\LA_D_5713417.flac,archive_(1)_ASVspoof2019_LA,audio,spoof,1,train,.flac
C:\Users\paruc\Downloads\archive (1)\LA\LA\ASVspoof2019_LA_dev\flac\LA_D_1513681.flac,archive_(1)_ASVspoof2019_LA,audio,spoof,1,train,.flac
C:\Users\paruc\Downloads\archive (1)\LA\LA\ASVspoof2019_LA_dev\flac\LA_D_1943271.flac,archive_(1)_ASVspoof2019_LA,audio,spoof,1,train,.flac
C:\Users\paruc\Downloads\archive (1)\LA\LA\ASVspoof2019_LA_dev\flac\LA_D_9124382.flac,archive_(1)_ASVspoof2019_LA,audio,bonafide,0,train,.flac
C:\Users\paruc\Downloads\archive (1)\LA\LA\ASVspoof2019_LA_dev\flac\LA_D_7985410.flac,archive_(1)_ASVspoof2019_LA,audio,spoof,1,train,.flac
C:\Users\paruc\Downloads\archive (1)\LA\LA\ASVspoof2019_LA_dev\flac\LA_D_4666647.flac,archive_(1)_ASVspoof2019_LA,audio,bonafide,0,train,.flac
C:\Users\paruc\Downloads\archive (1)\LA\LA\ASVspoof2019_LA_dev\flac\LA_D_6150120.flac,archive_(1)_ASVspoof2019_LA,audio,bonafide,0,train,.flac
C:\Users\paruc\Downloads\archive (1)\LA\LA\ASVspoof2019_LA_dev\flac\LA_D_7590299.flac,archive_(1)_ASVspoof2019_LA,audio,bonafide,0,train,.flac
C:\Users\paruc\Downloads\archive (1)\LA\LA\ASVspoof2019_LA_dev\flac\LA_D_2679873.flac,archive_(1)_ASVspoof2019_LA,audio,bonafide,0,train,.flac
C:\Users\paruc\Downloads\archive (1)\LA\LA\ASVspoof2019_LA_dev\flac\LA_D_9681106.flac,archive_(1)_ASVspoof2019_LA,audio,spoof,1,train,.flac
C:\Users\paruc\Downloads\archive (1)\LA\LA\ASVspoof2019_LA_dev\flac\LA_D_3930677.flac,archive_(1)_ASVspoof2019_LA,audio,spoof,1,train,.flac
C:\Users\paruc\Downloads\archive (1)\LA\LA\ASVspoof2019_LA_dev\flac\LA_D_5293101.flac,archive_(1)_ASVspoof2019_LA,audio,bonafide,0,train,.flac
C:\Users\paruc\Downloads\archive (1)\LA\LA\ASVspoof2019_LA_dev\flac\LA_D_4337768.flac,archive_(1)_ASVspoof2019_LA,audio,bonafide,0,train,.flac
C:\Users\paruc\Downloads\archive (1)\LA\LA\ASVspoof2019_LA_dev\flac\LA_D_4813149.flac,archive_(1)_ASVspoof2019_LA,audio,spoof,1,train,.flac
C:\Users\paruc\Downloads\archive (1)\LA\LA\ASVspoof2019_LA_dev\flac\LA_D_2324235.flac,archive_(1)_ASVspoof2019_LA,audio,bonafide,0,train,.flac
C:\Users\paruc\Downloads\archive (1)\LA\LA\ASVspoof2019_LA_dev\flac\LA_D_6128701.flac,archive_(1)_ASVspoof2019_LA,audio,spoof,1,train,.flac
C:\Users\paruc\Downloads\archive (1)\LA\LA\ASVspoof2019_LA_dev\flac\LA_D_5224129.flac,archive_(1)_ASVspoof2019_LA,audio,bonafide,0,train,.flac
C:\Users\paruc\Downloads\archive (1)\LA\LA\ASVspoof2019_LA_dev\flac\LA_D_2648600.flac,archive_(1)_ASVspoof2019_LA,audio,spoof,1,train,.flac
C:\Users\paruc\Downloads\archive (1)\LA\LA\ASVspoof2019_LA_dev\flac\LA_D_4149974.flac,archive_(1)_ASVspoof2019_LA,audio,bonafide,0,train,.flac
C:\Users\paruc\Downloads\archive (1)\LA\LA\ASVspoof2019_LA_dev\flac\LA_D_4487745.flac,archive_(1)_ASVspoof2019_LA,audio,spoof,1,train,.flac
C:\Users\paruc\Downloads\archive (1)\LA\LA\ASVspoof2019_LA_dev\flac\LA_D_6369583.flac,archive_(1)_ASVspoof2019_LA,audio,bonafide,0,train,.flac
C:\Users\paruc\Downloads\archive (1)\LA\LA\ASVspoof2019_LA_dev\flac\LA_D_8123213.flac,archive_(1)_ASVspoof2019_LA,audio,spoof,1,train,.flac
C:\Users\paruc\Downloads\archive (1)\LA\LA\ASVspoof2019_LA_dev\flac\LA_D_9837717.flac,archive_(1)_ASVspoof2019_LA,audio,bonafide,0,train,.flac
C:\Users\paruc\Downloads\archive (1)\LA\LA\ASVspoof2019_LA_dev\flac\LA_D_1306387.flac,archive_(1)_ASVspoof2019_LA,audio,bonafide,0,train,.flac
C:\Users\paruc\Downloads\archive (1)\LA\LA\ASVspoof2019_LA_dev\flac\LA_D_4168527.flac,archive_(1)_ASVspoof2019_LA,audio,bonafide,0,train,.flac
C:\Users\paruc\Downloads\archive (1)\LA\LA\ASVspoof2019_LA_dev\flac\LA_D_2905424.flac,archive_(1)_ASVspoof2019_LA,audio,bonafide,0,train,.flac
C:\Users\paruc\Downloads\archive (1)\LA\LA\ASVspoof2019_LA_dev\flac\LA_D_3020555.flac,archive_(1)_ASVspoof2019_LA,audio,spoof,1,train,.flac
C:\Users\paruc\Downloads\archive (1)\LA\LA\ASVspoof2019_LA_dev\flac\LA_D_3862795.flac,archive_(1)_ASVspoof2019_LA,audio,spoof,1,train,.flac
C:\Users\paruc\Downloads\archive (1)\LA\LA\ASVspoof2019_LA_dev\flac\LA_D_4766808.flac,archive_(1)_ASVspoof2019_LA,audio,bonafide,0,train,.flac
C:\Users\paruc\Downloads\archive (1)\LA\LA\ASVspoof2019_LA_dev\flac\LA_D_8582039.flac,archive_(1)_ASVspoof2019_LA,audio,bonafide,0,train,.flac
C:\Users\paruc\Downloads\archive (1)\LA\LA\ASVspoof2019_LA_dev\flac\LA_D_9829008.flac,archive_(1)_ASVspoof2019_LA,audio,bonafide,0,train,.flac
C:\Users\paruc\Downloads\archive (1)\LA\LA\ASVspoof2019_LA_dev\flac\LA_D_3596015.flac,archive_(1)_ASVspoof2019_LA,audio,bonafide,0,train,.flac
C:\Users\paruc\Downloads\archive (1)\LA\LA\ASVspoof2019_LA_dev\flac\LA_D_6283341.flac,archive_(1)_ASVspoof2019_LA,audio,bonafide,0,train,.flac
C:\Users\paruc\Downloads\archive (1)\LA\LA\ASVspoof2019_LA_dev\flac\LA_D_6383067.flac,archive_(1)_ASVspoof2019_LA,audio,spoof,1,train,.flac
C:\Users\paruc\Downloads\archive (1)\LA\LA\ASVspoof2019_LA_dev\flac\LA_D_9549607.flac,archive_(1)_ASVspoof2019_LA,audio,bonafide,0,train,.flac
C:\Users\paruc\Downloads\archive (1)\LA\LA\ASVspoof2019_LA_dev\flac\LA_D_2789932.flac,archive_(1)_ASVspoof2019_LA,audio,bonafide,0,train,.flac
C:\Users\paruc\Downloads\archive (1)\LA\LA\ASVspoof2019_LA_dev\flac\LA_D_8296034.flac,archive_(1)_ASVspoof2019_LA,audio,spoof,1,train,.flac
C:\Users\paruc\Downloads\archive (1)\LA\LA\ASVspoof2019_LA_dev\flac\LA_D_8191193.flac,archive_(1)_ASVspoof2019_LA,audio,spoof,1,train,.flac
C:\Users\paruc\Downloads\archive (1)\LA\LA\ASVspoof2019_LA_dev\flac\LA_D_7742504.flac,archive_(1)_ASVspoof2019_LA,audio,bonafide,0,train,.flac
C:\Users\paruc\Downloads\archive (1)\LA\LA\ASVspoof2019_LA_dev\flac\LA_D_3210739.flac,archive_(1)_ASVspoof2019_LA,audio,bonafide,0,train,.flac
C:\Users\paruc\Downloads\archive (1)\LA\LA\ASVspoof2019_LA_dev\flac\LA_D_5266068.flac,archive_(1)_ASVspoof2019_LA,audio,spoof,1,train,.flac
C:\Users\paruc\Downloads\archive (1)\LA\LA\ASVspoof2019_LA_dev\flac\LA_D_2421406.flac,archive_(1)_ASVspoof2019_LA,audio,spoof,1,train,.flac
C:\Users\paruc\Downloads\archive (1)\LA\LA\ASVspoof2019_LA_dev\flac\LA_D_2593161.flac,archive_(1)_ASVspoof2019_LA,audio,bonafide,0,train,.flac
C:\Users\paruc\Downloads\archive (1)\LA\LA\ASVspoof2019_LA_dev\flac\LA_D_7277373.flac,archive_(1)_ASVspoof2019_LA,audio,bonafide,0,train,.flac
C:\Users\paruc\Downloads\archive (1)\LA\LA\ASVspoof2019_LA_dev\flac\LA_D_7551004.flac,archive_(1)_ASVspoof2019_LA,audio,spoof,1,train,.flac
C:\Users\paruc\Downloads\archive (1)\LA\LA\ASVspoof2019_LA_dev\flac\LA_D_2866947.flac,archive_(1)_ASVspoof2019_LA,audio,bonafide,0,train,.flac
C:\Users\paruc\Downloads\archive (1)\LA\LA\ASVspoof2019_LA_dev\flac\LA_D_2984512.flac,archive_(1)_ASVspoof2019_LA,audio,spoof,1,train,.flac
C:\Users\paruc\Downloads\archive (1)\LA\LA\ASVspoof2019_LA_dev\flac\LA_D_5278285.flac,archive_(1)_ASVspoof2019_LA,audio,bonafide,0,train,.flac
C:\Users\paruc\Downloads\archive (1)\LA\LA\ASVspoof2019_LA_dev\flac\LA_D_4361968.flac,archive_(1)_ASVspoof2019_LA,audio,bonafide,0,train,.flac
C:\Users\paruc\Downloads\archive (1)\LA\LA\ASVspoof2019_LA_dev\flac\LA_D_9689549.flac,archive_(1)_ASVspoof2019_LA,audio,bonafide,0,train,.flac
C:\Users\paruc\Downloads\archive (1)\LA\LA\ASVspoof2019_LA_dev\flac\LA_D_7596619.flac,archive_(1)_ASVspoof2019_LA,audio,bonafide,0,train,.flac
C:\Users\paruc\Downloads\archive (1)\LA\LA\ASVspoof2019_LA_dev\flac\LA_D_4482667.flac,archive_(1)_ASVspoof2019_LA,audio,spoof,1,train,.flac
C:\Users\paruc\Downloads\archive (1)\LA\LA\ASVspoof2019_LA_dev\flac\LA_D_1160005.flac,archive_(1)_ASVspoof2019_LA,audio,spoof,1,train,.flac
C:\Users\paruc\Downloads\archive (1)\LA\LA\ASVspoof2019_LA_dev\flac\LA_D_6388357.flac,archive_(1)_ASVspoof2019_LA,audio,bonafide,0,train,.flac
C:\Users\paruc\Downloads\archive (1)\LA\LA\ASVspoof2019_LA_dev\flac\LA_D_6341313.flac,archive_(1)_ASVspoof2019_LA,audio,bonafide,0,train,.flac
C:\Users\paruc\Downloads\archive (1)\LA\LA\ASVspoof2019_LA_dev\flac\LA_D_3229215.flac,archive_(1)_ASVspoof2019_LA,audio,bonafide,0,train,.flac
C:\Users\paruc\Downloads\archive (1)\LA\LA\ASVspoof2019_LA_dev\flac\LA_D_7381015.flac,archive_(1)_ASVspoof2019_LA,audio,spoof,1,train,.flac
C:\Users\paruc\Downloads\archive (1)\LA\LA\ASVspoof2019_LA_dev\flac\LA_D_5738969.flac,archive_(1)_ASVspoof2019_LA,audio,bonafide,0,train,.flac
C:\Users\paruc\Downloads\archive (1)\LA\LA\ASVspoof2019_LA_dev\flac\LA_D_2878966.flac,archive_(1)_ASVspoof2019_LA,audio,spoof,1,train,.flac
C:\Users\paruc\Downloads\archive (1)\LA\LA\ASVspoof2019_LA_dev\flac\LA_D_7945965.flac,archive_(1)_ASVspoof2019_LA,audio,bonafide,0,train,.flac
C:\Users\paruc\Downloads\archive (1)\LA\LA\ASVspoof2019_LA_dev\flac\LA_D_6831922.flac,archive_(1)_ASVspoof2019_LA,audio,bonafide,0,train,.flac
C:\Users\paruc\Downloads\archive (1)\LA\LA\ASVspoof2019_LA_dev\flac\LA_D_4708413.flac,archive_(1)_ASVspoof2019_LA,audio,bonafide,0,train,.flac
C:\Users\paruc\Downloads\archive (1)\LA\LA\ASVspoof2019_LA_dev\flac\LA_D_9035942.flac,archive_(1)_ASVspoof2019_LA,audio,bonafide,0,train,.flac
C:\Users\paruc\Downloads\archive (1)\LA\LA\ASVspoof2019_LA_dev\flac\LA_D_4985835.flac,archive_(1)_ASVspoof2019_LA,audio,spoof,1,train,.flac
C:\Users\paruc\Downloads\archive (1)\LA\LA\ASVspoof2019_LA_dev\flac\LA_D_2294476.flac,archive_(1)_ASVspoof2019_LA,audio,bonafide,0,train,.flac
C:\Users\paruc\Downloads\archive (1)\LA\LA\ASVspoof2019_LA_dev\flac\LA_D_1895274.flac,archive_(1)_ASVspoof2019_LA,audio,bonafide,0,train,.flac
C:\Users\paruc\Downloads\archive (1)\LA\LA\ASVspoof2019_LA_dev\flac\LA_D_1477627.flac,archive_(1)_ASVspoof2019_LA,audio,spoof,1,train,.flac
C:\Users\paruc\Downloads\archive (1)\LA\LA\ASVspoof2019_LA_dev\flac\LA_D_8958444.flac,archive_(1)_ASVspoof2019_LA,audio,spoof,1,train,.flac
C:\Users\paruc\Downloads\archive (1)\LA\LA\ASVspoof2019_LA_dev\flac\LA_D_9374684.flac,archive_(1)_ASVspoof2019_LA,audio,bonafide,0,train,.flac
C:\Users\paruc\Downloads\archive (1)\LA\LA\ASVspoof2019_LA_dev\flac\LA_D_4847957.flac,archive_(1)_ASVspoof2019_LA,audio,spoof,1,train,.flac
C:\Users\paruc\Downloads\archive (1)\LA\LA\ASVspoof2019_LA_dev\flac\LA_D_9337299.flac,archive_(1)_ASVspoof2019_LA,audio,spoof,1,train,.flac
C:\Users\paruc\Downloads\archive (1)\LA\LA\ASVspoof2019_LA_dev\flac\LA_D_3553954.flac,archive_(1)_ASVspoof2019_LA,audio,bonafide,0,train,.flac
C:\Users\paruc\Downloads\archive (1)\LA\LA\ASVspoof2019_LA_dev\flac\LA_D_7094041.flac,archive_(1)_ASVspoof2019_LA,audio,spoof,1,train,.flac
C:\Users\paruc\Downloads\archive (1)\LA\LA\ASVspoof2019_LA_dev\flac\LA_D_1258579.flac,archive_(1)_ASVspoof2019_LA,audio,spoof,1,train,.flac
C:\Users\paruc\Downloads\archive (1)\LA\LA\ASVspoof2019_LA_dev\flac\LA_D_5463700.flac,archive_(1)_ASVspoof2019_LA,audio,spoof,1,train,.flac
C:\Users\paruc\Downloads\archive (1)\LA\LA\ASVspoof2019_LA_dev\flac\LA_D_8878312.flac,archive_(1)_ASVspoof2019_LA,audio,bonafide,0,train,.flac
C:\Users\paruc\Downloads\archive (1)\LA\LA\ASVspoof2019_LA_dev\flac\LA_D_6903853.flac,archive_(1)_ASVspoof2019_LA,audio,bonafide,0,train,.flac
C:\Users\paruc\Downloads\archive (1)\LA\LA\ASVspoof2019_LA_dev\flac\LA_D_7051341.flac,archive_(1)_ASVspoof2019_LA,audio,spoof,1,train,.flac
C:\Users\paruc\Downloads\archive (1)\LA\LA\ASVspoof2019_LA_dev\flac\LA_D_2660160.flac,archive_(1)_ASVspoof2019_LA,audio,bonafide,0,train,.flac
C:\Users\paruc\Downloads\archive (1)\LA\LA\ASVspoof2019_LA_dev\flac\LA_D_2869692.flac,archive_(1)_ASVspoof2019_LA,audio,spoof,1,train,.flac
C:\Users\paruc\Downloads\archive (1)\LA\LA\ASVspoof2019_LA_dev\flac\LA_D_3676961.flac,archive_(1)_ASVspoof2019_LA,audio,spoof,1,train,.flac
C:\Users\paruc\Downloads\archive (1)\LA\LA\ASVspoof2019_LA_dev\flac\LA_D_2264682.flac,archive_(1)_ASVspoof2019_LA,audio,bonafide,0,train,.flac
C:\Users\paruc\Downloads\archive (1)\LA\LA\ASVspoof2019_LA_dev\flac\LA_D_4782501.flac,archive_(1)_ASVspoof2019_LA,audio,spoof,1,train,.flac
C:\Users\paruc\Downloads\archive (1)\LA\LA\ASVspoof2019_LA_dev\flac\LA_D_5966849.flac,archive_(1)_ASVspoof2019_LA,audio,spoof,1,train,.flac
C:\Users\paruc\Downloads\archive (1)\LA\LA\ASVspoof2019_LA_dev\flac\LA_D_8621322.flac,archive_(1)_ASVspoof2019_LA,audio,bonafide,0,train,.flac
C:\Users\paruc\Downloads\archive (1)\LA\LA\ASVspoof2019_LA_dev\flac\LA_D_2731822.flac,archive_(1)_ASVspoof2019_LA,audio,spoof,1,train,.flac
C:\Users\paruc\Downloads\archive (1)\LA\LA\ASVspoof2019_LA_dev\flac\LA_D_3453232.flac,archive_(1)_ASVspoof2019_LA,audio,spoof,1,train,.flac
C:\Users\paruc\Downloads\archive (1)\LA\LA\ASVspoof2019_LA_dev\flac\LA_D_9846692.flac,archive_(1)_ASVspoof2019_LA,audio,spoof,1,train,.flac
C:\Users\paruc\Downloads\archive (1)\LA\LA\ASVspoof2019_LA_dev\flac\LA_D_3794629.flac,archive_(1)_ASVspoof2019_LA,audio,spoof,1,train,.flac
C:\Users\paruc\Downloads\archive (1)\LA\LA\ASVspoof2019_LA_dev\flac\LA_D_5416674.flac,archive_(1)_ASVspoof2019_LA,audio,bonafide,0,train,.flac
C:\Users\paruc\Downloads\archive (1)\LA\LA\ASVspoof2019_LA_dev\flac\LA_D_5792148.flac,archive_(1)_ASVspoof2019_LA,audio,spoof,1,train,.flac
C:\Users\paruc\Downloads\archive (1)\LA\LA\ASVspoof2019_LA_dev\flac\LA_D_2124484.flac,archive_(1)_ASVspoof2019_LA,audio,bonafide,0,train,.flac
C:\Users\paruc\Downloads\archive (1)\LA\LA\ASVspoof2019_LA_dev\flac\LA_D_2425839.flac,archive_(1)_ASVspoof2019_LA,audio,bonafide,0,train,.flac
C:\Users\paruc\Downloads\archive (1)\LA\LA\ASVspoof2019_LA_dev\flac\LA_D_8155318.flac,archive_(1)_ASVspoof2019_LA,audio,bonafide,0,train,.flac
C:\Users\paruc\Downloads\archive (1)\LA\LA\ASVspoof2019_LA_dev\flac\LA_D_2963867.flac,archive_(1)_ASVspoof2019_LA,audio,spoof,1,train,.flac
C:\Users\paruc\Downloads\archive (1)\LA\LA\ASVspoof2019_LA_dev\flac\LA_D_2252399.flac,archive_(1)_ASVspoof2019_LA,audio,spoof,1,train,.flac
C:\Users\paruc\Downloads\archive (1)\LA\LA\ASVspoof2019_LA_dev\flac\LA_D_3615500.flac,archive_(1)_ASVspoof2019_LA,audio,spoof,1,train,.flac
C:\Users\paruc\Downloads\archive (1)\LA\LA\ASVspoof2019_LA_dev\flac\LA_D_5724728.flac,archive_(1)_ASVspoof2019_LA,audio,bonafide,0,train,.flac
C:\Users\paruc\Downloads\archive (1)\LA\LA\ASVspoof2019_LA_dev\flac\LA_D_3806582.flac,archive_(1)_ASVspoof2019_LA,audio,spoof,1,train,.flac
C:\Users\paruc\Downloads\archive (1)\LA\LA\ASVspoof2019_LA_dev\flac\LA_D_7363764.flac,archive_(1)_ASVspoof2019_LA,audio,bonafide,0,train,.flac
C:\Users\paruc\Downloads\archive (1)\LA\LA\ASVspoof2019_LA_dev\flac\LA_D_7851594.flac,archive_(1)_ASVspoof2019_LA,audio,spoof,1,train,.flac
C:\Users\paruc\Downloads\archive (1)\LA\LA\ASVspoof2019_LA_dev\flac\LA_D_6204835.flac,archive_(1)_ASVspoof2019_LA,audio,spoof,1,train,.flac
C:\Users\paruc\Downloads\archive (1)\LA\LA\ASVspoof2019_LA_dev\flac\LA_D_3694891.flac,archive_(1)_ASVspoof2019_LA,audio,bonafide,0,train,.flac
C:\Users\paruc\Downloads\archive (1)\LA\LA\ASVspoof2019_LA_dev\flac\LA_D_3108882.flac,archive_(1)_ASVspoof2019_LA,audio,spoof,1,train,.flac
C:\Users\paruc\Downloads\archive (1)\LA\LA\ASVspoof2019_LA_dev\flac\LA_D_9781452.flac,archive_(1)_ASVspoof2019_LA,audio,spoof,1,train,.flac
C:\Users\paruc\Downloads\archive (1)\LA\LA\ASVspoof2019_LA_dev\flac\LA_D_8976086.flac,archive_(1)_ASVspoof2019_LA,audio,spoof,1,train,.flac
C:\Users\paruc\Downloads\archive (1)\LA\LA\ASVspoof2019_LA_dev\flac\LA_D_1918445.flac,archive_(1)_ASVspoof2019_LA,audio,bonafide,0,train,.flac
C:\Users\paruc\Downloads\archive (1)\LA\LA\ASVspoof2019_LA_dev\flac\LA_D_2399025.flac,archive_(1)_ASVspoof2019_LA,audio,spoof,1,train,.flac
C:\Users\paruc\Downloads\archive (1)\LA\LA\ASVspoof2019_LA_dev\flac\LA_D_6401070.flac,archive_(1)_ASVspoof2019_LA,audio,spoof,1,train,.flac
C:\Users\paruc\Downloads\archive (1)\LA\LA\ASVspoof2019_LA_dev\flac\LA_D_4601171.flac,archive_(1)_ASVspoof2019_LA,audio,spoof,1,train,.flac
C:\Users\paruc\Downloads\archive (1)\LA\LA\ASVspoof2019_LA_dev\flac\LA_D_8736165.flac,archive_(1)_ASVspoof2019_LA,audio,bonafide,0,train,.flac
C:\Users\paruc\Downloads\archive (1)\LA\LA\ASVspoof2019_LA_dev\flac\LA_D_4274975.flac,archive_(1)_ASVspoof2019_LA,audio,bonafide,0,train,.flac
C:\Users\paruc\Downloads\archive (1)\LA\LA\ASVspoof2019_LA_dev\flac\LA_D_4806480.flac,archive_(1)_ASVspoof2019_LA,audio,bonafide,0,train,.flac
C:\Users\paruc\Downloads\archive (1)\LA\LA\ASVspoof2019_LA_dev\flac\LA_D_1674536.flac,archive_(1)_ASVspoof2019_LA,audio,spoof,1,train,.flac
C:\Users\paruc\Downloads\archive (1)\LA\LA\ASVspoof2019_LA_dev\flac\LA_D_5925557.flac,archive_(1)_ASVspoof2019_LA,audio,bonafide,0,train,.flac
C:\Users\paruc\Downloads\archive (1)\LA\LA\ASVspoof2019_LA_dev\flac\LA_D_7114977.flac,archive_(1)_ASVspoof2019_LA,audio,bonafide,0,train,.flac
C:\Users\paruc\Downloads\archive (1)\LA\LA\ASVspoof2019_LA_dev\flac\LA_D_6013126.flac,archive_(1)_ASVspoof2019_LA,audio,bonafide,0,train,.flac
C:\Users\paruc\Downloads\archive (1)\LA\LA\ASVspoof2019_LA_dev\flac\LA_D_3307287.flac,archive_(1)_ASVspoof2019_LA,audio,spoof,1,train,.flac
C:\Users\paruc\Downloads\archive (1)\LA\LA\ASVspoof2019_LA_dev\flac\LA_D_3482661.flac,archive_(1)_ASVspoof2019_LA,audio,bonafide,0,train,.flac
C:\Users\paruc\Downloads\archive (1)\LA\LA\ASVspoof2019_LA_dev\flac\LA_D_3496584.flac,archive_(1)_ASVspoof2019_LA,audio,spoof,1,train,.flac
C:\Users\paruc\Downloads\archive (1)\LA\LA\ASVspoof2019_LA_dev\flac\LA_D_9062081.flac,archive_(1)_ASVspoof2019_LA,audio,bonafide,0,train,.flac
C:\Users\paruc\Downloads\archive (1)\LA\LA\ASVspoof2019_LA_dev\flac\LA_D_5390367.flac,archive_(1)_ASVspoof2019_LA,audio,bonafide,0,train,.flac
C:\Users\paruc\Downloads\archive (1)\LA\LA\ASVspoof2019_LA_dev\flac\LA_D_5759255.flac,archive_(1)_ASVspoof2019_LA,audio,spoof,1,train,.flac
C:\Users\paruc\Downloads\archive (1)\LA\LA\ASVspoof2019_LA_dev\flac\LA_D_5567251.flac,archive_(1)_ASVspoof2019_LA,audio,bonafide,0,train,.flac
C:\Users\paruc\Downloads\archive (1)\LA\LA\ASVspoof2019_LA_dev\flac\LA_D_3762985.flac,archive_(1)_ASVspoof2019_LA,audio,spoof,1,train,.flac
C:\Users\paruc\Downloads\archive (1)\LA\LA\ASVspoof2019_LA_dev\flac\LA_D_6032850.flac,archive_(1)_ASVspoof2019_LA,audio,spoof,1,train,.flac
C:\Users\paruc\Downloads\archive (1)\LA\LA\ASVspoof2019_LA_dev\flac\LA_D_8163895.flac,archive_(1)_ASVspoof2019_LA,audio,bonafide,0,train,.flac
C:\Users\paruc\Downloads\archive (1)\LA\LA\ASVspoof2019_LA_dev\flac\LA_D_6475261.flac,archive_(1)_ASVspoof2019_LA,audio,bonafide,0,train,.flac
C:\Users\paruc\Downloads\archive (1)\LA\LA\ASVspoof2019_LA_dev\flac\LA_D_1758807.flac,archive_(1)_ASVspoof2019_LA,audio,bonafide,0,train,.flac
C:\Users\paruc\Downloads\archive (1)\LA\LA\ASVspoof2019_LA_dev\flac\LA_D_8594051.flac,archive_(1)_ASVspoof2019_LA,audio,bonafide,0,train,.flac
C:\Users\paruc\Downloads\archive (1)\LA\LA\ASVspoof2019_LA_dev\flac\LA_D_7684667.flac,archive_(1)_ASVspoof2019_LA,audio,spoof,1,train,.flac
C:\Users\paruc\Downloads\archive (1)\LA\LA\ASVspoof2019_LA_dev\flac\LA_D_7891590.flac,archive_(1)_ASVspoof2019_LA,audio,bonafide,0,train,.flac
C:\Users\paruc\Downloads\archive (1)\LA\LA\ASVspoof2019_LA_dev\flac\LA_D_5507210.flac,archive_(1)_ASVspoof2019_LA,audio,bonafide,0,train,.flac
C:\Users\paruc\Downloads\archive (1)\LA\LA\ASVspoof2019_LA_dev\flac\LA_D_9708909.flac,archive_(1)_ASVspoof2019_LA,audio,spoof,1,train,.flac
C:\Users\paruc\Downloads\archive (1)\LA\LA\ASVspoof2019_LA_dev\flac\LA_D_8313453.flac,archive_(1)_ASVspoof2019_LA,audio,bonafide,0,train,.flac
C:\Users\paruc\Downloads\archive (1)\LA\LA\ASVspoof2019_LA_dev\flac\LA_D_1381057.flac,archive_(1)_ASVspoof2019_LA,audio,spoof,1,train,.flac
C:\Users\paruc\Downloads\archive (1)\LA\LA\ASVspoof2019_LA_dev\flac\LA_D_3352195.flac,archive_(1)_ASVspoof2019_LA,audio,bonafide,0,train,.flac
C:\Users\paruc\Downloads\archive (1)\LA\LA\ASVspoof2019_LA_dev\flac\LA_D_3581277.flac,archive_(1)_ASVspoof2019_LA,audio,spoof,1,train,.flac
C:\Users\paruc\Downloads\archive (1)\LA\LA\ASVspoof2019_LA_dev\flac\LA_D_1611581.flac,archive_(1)_ASVspoof2019_LA,audio,spoof,1,train,.flac
C:\Users\paruc\Downloads\archive (1)\LA\LA\ASVspoof2019_LA_dev\flac\LA_D_2327498.flac,archive_(1)_ASVspoof2019_LA,audio,spoof,1,train,.flac
C:\Users\paruc\Downloads\archive (1)\LA\LA\ASVspoof2019_LA_dev\flac\LA_D_1412931.flac,archive_(1)_ASVspoof2019_LA,audio,spoof,1,train,.flac
C:\Users\paruc\Downloads\archive (1)\LA\LA\ASVspoof2019_LA_dev\flac\LA_D_3655500.flac,archive_(1)_ASVspoof2019_LA,audio,bonafide,0,train,.flac
C:\Users\paruc\Downloads\archive (1)\LA\LA\ASVspoof2019_LA_dev\flac\LA_D_9352798.flac,archive_(1)_ASVspoof2019_LA,audio,bonafide,0,train,.flac
C:\Users\paruc\Downloads\archive (1)\LA\LA\ASVspoof2019_LA_dev\flac\LA_D_5039802.flac,archive_(1)_ASVspoof2019_LA,audio,bonafide,0,train,.flac
C:\Users\paruc\Downloads\archive (1)\LA\LA\ASVspoof2019_LA_dev\flac\LA_D_5100382.flac,archive_(1)_ASVspoof2019_LA,audio,spoof,1,train,.flac
C:\Users\paruc\Downloads\archive (1)\LA\LA\ASVspoof2019_LA_dev\flac\LA_D_1517076.flac,archive_(1)_ASVspoof2019_LA,audio,bonafide,0,train,.flac
C:\Users\paruc\Downloads\archive (1)\LA\LA\ASVspoof2019_LA_dev\flac\LA_D_1232613.flac,archive_(1)_ASVspoof2019_LA,audio,bonafide,0,train,.flac
C:\Users\paruc\Downloads\archive (1)\LA\LA\ASVspoof2019_LA_dev\flac\LA_D_3408690.flac,archive_(1)_ASVspoof2019_LA,audio,bonafide,0,train,.flac
C:\Users\paruc\Downloads\archive (1)\LA\LA\ASVspoof2019_LA_dev\flac\LA_D_8512928.flac,archive_(1)_ASVspoof2019_LA,audio,spoof,1,train,.flac
C:\Users\paruc\Downloads\archive (1)\LA\LA\ASVspoof2019_LA_dev\flac\LA_D_8502516.flac,archive_(1)_ASVspoof2019_LA,audio,spoof,1,train,.flac
C:\Users\paruc\Downloads\archive (1)\LA\LA\ASVspoof2019_LA_dev\flac\LA_D_7253261.flac,archive_(1)_ASVspoof2019_LA,audio,spoof,1,train,.flac
C:\Users\paruc\Downloads\archive (1)\LA\LA\ASVspoof2019_LA_dev\flac\LA_D_4767218.flac,archive_(1)_ASVspoof2019_LA,audio,bonafide,0,train,.flac
C:\Users\paruc\Downloads\archive (1)\LA\LA\ASVspoof2019_LA_dev\flac\LA_D_8966044.flac,archive_(1)_ASVspoof2019_LA,audio,bonafide,0,train,.flac
C:\Users\paruc\Downloads\archive (1)\LA\LA\ASVspoof2019_LA_dev\flac\LA_D_6220480.flac,archive_(1)_ASVspoof2019_LA,audio,bonafide,0,train,.flac
C:\Users\paruc\Downloads\archive (1)\LA\LA\ASVspoof2019_LA_dev\flac\LA_D_1821433.flac,archive_(1)_ASVspoof2019_LA,audio,spoof,1,train,.flac
C:\Users\paruc\Downloads\archive (1)\LA\LA\ASVspoof2019_LA_dev\flac\LA_D_6235547.flac,archive_(1)_ASVspoof2019_LA,audio,spoof,1,train,.flac
C:\Users\paruc\Downloads\archive (1)\LA\LA\ASVspoof2019_LA_dev\flac\LA_D_5734480.flac,archive_(1)_ASVspoof2019_LA,audio,bonafide,0,train,.flac
C:\Users\paruc\Downloads\archive (1)\LA\LA\ASVspoof2019_LA_dev\flac\LA_D_3744491.flac,archive_(1)_ASVspoof2019_LA,audio,spoof,1,train,.flac
C:\Users\paruc\Downloads\archive (1)\LA\LA\ASVspoof2019_LA_dev\flac\LA_D_6474870.flac,archive_(1)_ASVspoof2019_LA,audio,spoof,1,train,.flac
C:\Users\paruc\Downloads\archive (1)\LA\LA\ASVspoof2019_LA_dev\flac\LA_D_6646969.flac,archive_(1)_ASVspoof2019_LA,audio,bonafide,0,train,.flac
C:\Users\paruc\Downloads\archive (1)\LA\LA\ASVspoof2019_LA_dev\flac\LA_D_2972247.flac,archive_(1)_ASVspoof2019_LA,audio,bonafide,0,train,.flac
C:\Users\paruc\Downloads\archive (1)\LA\LA\ASVspoof2019_LA_dev\flac\LA_D_3685606.flac,archive_(1)_ASVspoof2019_LA,audio,spoof,1,train,.flac
C:\Users\paruc\Downloads\archive (1)\LA\LA\ASVspoof2019_LA_dev\flac\LA_D_7359011.flac,archive_(1)_ASVspoof2019_LA,audio,spoof,1,train,.flac
C:\Users\paruc\Downloads\archive (1)\LA\LA\ASVspoof2019_LA_dev\flac\LA_D_8762609.flac,archive_(1)_ASVspoof2019_LA,audio,bonafide,0,train,.flac
C:\Users\paruc\Downloads\archive (1)\LA\LA\ASVspoof2019_LA_dev\flac\LA_D_6785500.flac,archive_(1)_ASVspoof2019_LA,audio,bonafide,0,train,.flac
C:\Users\paruc\Downloads\archive (1)\LA\LA\ASVspoof2019_LA_dev\flac\LA_D_2748583.flac,archive_(1)_ASVspoof2019_LA,audio,bonafide,0,train,.flac
C:\Users\paruc\Downloads\archive (1)\LA\LA\ASVspoof2019_LA_dev\flac\LA_D_4688262.flac,archive_(1)_ASVspoof2019_LA,audio,spoof,1,train,.flac
C:\Users\paruc\Downloads\archive (1)\LA\LA\ASVspoof2019_LA_dev\flac\LA_D_6415819.flac,archive_(1)_ASVspoof2019_LA,audio,bonafide,0,train,.flac
C:\Users\paruc\Downloads\archive (1)\LA\LA\ASVspoof2019_LA_dev\flac\LA_D_6376535.flac,archive_(1)_ASVspoof2019_LA,audio,spoof,1,train,.flac
C:\Users\paruc\Downloads\archive (1)\LA\LA\ASVspoof2019_LA_dev\flac\LA_D_2876241.flac,archive_(1)_ASVspoof2019_LA,audio,spoof,1,train,.flac
C:\Users\paruc\Downloads\archive (1)\LA\LA\ASVspoof2019_LA_dev\flac\LA_D_1275044.flac,archive_(1)_ASVspoof2019_LA,audio,bonafide,0,train,.flac
C:\Users\paruc\Downloads\archive (1)\LA\LA\ASVspoof2019_LA_dev\flac\LA_D_3249552.flac,archive_(1)_ASVspoof2019_LA,audio,bonafide,0,train,.flac
C:\Users\paruc\Downloads\archive (1)\LA\LA\ASVspoof2019_LA_dev\flac\LA_D_8270902.flac,archive_(1)_ASVspoof2019_LA,audio,bonafide,0,train,.flac
C:\Users\paruc\Downloads\archive (1)\LA\LA\ASVspoof2019_LA_dev\flac\LA_D_1088912.flac,archive_(1)_ASVspoof2019_LA,audio,spoof,1,train,.flac
C:\Users\paruc\Downloads\archive (1)\LA\LA\ASVspoof2019_LA_dev\flac\LA_D_8220866.flac,archive_(1)_ASVspoof2019_LA,audio,bonafide,0,train,.flac
C:\Users\paruc\Downloads\archive (1)\LA\LA\ASVspoof2019_LA_dev\flac\LA_D_3262859.flac,archive_(1)_ASVspoof2019_LA,audio,bonafide,0,train,.flac
C:\Users\paruc\Downloads\archive (1)\LA\LA\ASVspoof2019_LA_dev\flac\LA_D_7756238.flac,archive_(1)_ASVspoof2019_LA,audio,spoof,1,train,.flac
C:\Users\paruc\Downloads\archive (1)\LA\LA\ASVspoof2019_LA_dev\flac\LA_D_9983276.flac,archive_(1)_ASVspoof2019_LA,audio,bonafide,0,train,.flac
C:\Users\paruc\Downloads\archive (1)\LA\LA\ASVspoof2019_LA_dev\flac\LA_D_9157281.flac,archive_(1)_ASVspoof2019_LA,audio,spoof,1,train,.flac
C:\Users\paruc\Downloads\archive (1)\LA\LA\ASVspoof2019_LA_dev\flac\LA_D_6089298.flac,archive_(1)_ASVspoof2019_LA,audio,spoof,1,train,.flac
C:\Users\paruc\Downloads\archive (1)\LA\LA\ASVspoof2019_LA_dev\flac\LA_D_9051118.flac,archive_(1)_ASVspoof2019_LA,audio,bonafide,0,train,.flac
C:\Users\paruc\Downloads\archive (1)\LA\LA\ASVspoof2019_LA_dev\flac\LA_D_6210490.flac,archive_(1)_ASVspoof2019_LA,audio,spoof,1,train,.flac
C:\Users\paruc\Downloads\archive (1)\LA\LA\ASVspoof2019_LA_dev\flac\LA_D_7984329.flac,archive_(1)_ASVspoof2019_LA,audio,bonafide,0,train,.flac
C:\Users\paruc\Downloads\archive (1)\LA\LA\ASVspoof2019_LA_dev\flac\LA_D_7879955.flac,archive_(1)_ASVspoof2019_LA,audio,bonafide,0,train,.flac
C:\Users\paruc\Downloads\archive (1)\LA\LA\ASVspoof2019_LA_dev\flac\LA_D_3075867.flac,archive_(1)_ASVspoof2019_LA,audio,bonafide,0,train,.flac
C:\Users\paruc\Downloads\archive (1)\LA\LA\ASVspoof2019_LA_dev\flac\LA_D_1195873.flac,archive_(1)_ASVspoof2019_LA,audio,spoof,1,train,.flac
C:\Users\paruc\Downloads\archive (1)\LA\LA\ASVspoof2019_LA_dev\flac\LA_D_8143136.flac,archive_(1)_ASVspoof2019_LA,audio,spoof,1,train,.flac
C:\Users\paruc\Downloads\archive (1)\LA\LA\ASVspoof2019_LA_dev\flac\LA_D_8697996.flac,archive_(1)_ASVspoof2019_LA,audio,bonafide,0,train,.flac
C:\Users\paruc\Downloads\archive (1)\LA\LA\ASVspoof2019_LA_dev\flac\LA_D_8785732.flac,archive_(1)_ASVspoof2019_LA,audio,spoof,1,train,.flac
C:\Users\paruc\Downloads\archive (1)\LA\LA\ASVspoof2019_LA_dev\flac\LA_D_6380295.flac,archive_(1)_ASVspoof2019_LA,audio,bonafide,0,train,.flac
C:\Users\paruc\Downloads\archive (1)\LA\LA\ASVspoof2019_LA_dev\flac\LA_D_5604871.flac,archive_(1)_ASVspoof2019_LA,audio,spoof,1,train,.flac
C:\Users\paruc\Downloads\archive (1)\LA\LA\ASVspoof2019_LA_dev\flac\LA_D_5488938.flac,archive_(1)_ASVspoof2019_LA,audio,spoof,1,train,.flac
C:\Users\paruc\Downloads\archive (1)\LA\LA\ASVspoof2019_LA_dev\flac\LA_D_7982514.flac,archive_(1)_ASVspoof2019_LA,audio,bonafide,0,train,.flac
C:\Users\paruc\Downloads\archive (1)\LA\LA\ASVspoof2019_LA_dev\flac\LA_D_2653207.flac,archive_(1)_ASVspoof2019_LA,audio,spoof,1,train,.flac
C:\Users\paruc\Downloads\archive (1)\LA\LA\ASVspoof2019_LA_dev\flac\LA_D_4944706.flac,archive_(1)_ASVspoof2019_LA,audio,spoof,1,train,.flac
C:\Users\paruc\Downloads\archive (1)\LA\LA\ASVspoof2019_LA_dev\flac\LA_D_1577384.flac,archive_(1)_ASVspoof2019_LA,audio,bonafide,0,train,.flac
C:\Users\paruc\Downloads\archive (1)\LA\LA\ASVspoof2019_LA_dev\flac\LA_D_2035158.flac,archive_(1)_ASVspoof2019_LA,audio,bonafide,0,train,.flac
C:\Users\paruc\Downloads\archive (1)\LA\LA\ASVspoof2019_LA_dev\flac\LA_D_6450379.flac,archive_(1)_ASVspoof2019_LA,audio,spoof,1,train,.flac
C:\Users\paruc\Downloads\archive (1)\LA\LA\ASVspoof2019_LA_dev\flac\LA_D_5385507.flac,archive_(1)_ASVspoof2019_LA,audio,spoof,1,train,.flac
C:\Users\paruc\Downloads\archive (1)\LA\LA\ASVspoof2019_LA_dev\flac\LA_D_3805241.flac,archive_(1)_ASVspoof2019_LA,audio,bonafide,0,train,.flac
C:\Users\paruc\Downloads\archive (1)\LA\LA\ASVspoof2019_LA_dev\flac\LA_D_5779977.flac,archive_(1)_ASVspoof2019_LA,audio,bonafide,0,train,.flac
C:\Users\paruc\Downloads\archive (1)\LA\LA\ASVspoof2019_LA_dev\flac\LA_D_1558714.flac,archive_(1)_ASVspoof2019_LA,audio,bonafide,0,train,.flac
C:\Users\paruc\Downloads\archive (1)\LA\LA\ASVspoof2019_LA_dev\flac\LA_D_3669578.flac,archive_(1)_ASVspoof2019_LA,audio,bonafide,0,train,.flac
C:\Users\paruc\Downloads\archive (1)\LA\LA\ASVspoof2019_LA_dev\flac\LA_D_3065174.flac,archive_(1)_ASVspoof2019_LA,audio,spoof,1,train,.flac
C:\Users\paruc\Downloads\archive (1)\LA\LA\ASVspoof2019_LA_dev\flac\LA_D_9482946.flac,archive_(1)_ASVspoof2019_LA,audio,spoof,1,train,.flac
C:\Users\paruc\Downloads\archive (1)\LA\LA\ASVspoof2019_LA_dev\flac\LA_D_3029513.flac,archive_(1)_ASVspoof2019_LA,audio,bonafide,0,train,.flac
C:\Users\paruc\Downloads\archive (1)\LA\LA\ASVspoof2019_LA_dev\flac\LA_D_6753200.flac,archive_(1)_ASVspoof2019_LA,audio,spoof,1,train,.flac
C:\Users\paruc\Downloads\archive (1)\LA\LA\ASVspoof2019_LA_dev\flac\LA_D_3416456.flac,archive_(1)_ASVspoof2019_LA,audio,spoof,1,train,.flac
C:\Users\paruc\Downloads\archive (1)\LA\LA\ASVspoof2019_LA_dev\flac\LA_D_4710815.flac,archive_(1)_ASVspoof2019_LA,audio,spoof,1,train,.flac
C:\Users\paruc\Downloads\archive (1)\LA\LA\ASVspoof2019_LA_dev\flac\LA_D_4296014.flac,archive_(1)_ASVspoof2019_LA,audio,bonafide,0,train,.flac
C:\Users\paruc\Downloads\archive (1)\LA\LA\ASVspoof2019_LA_dev\flac\LA_D_3951142.flac,archive_(1)_ASVspoof2019_LA,audio,spoof,1,train,.flac
C:\Users\paruc\Downloads\archive (1)\LA\LA\ASVspoof2019_LA_dev\flac\LA_D_3806476.flac,archive_(1)_ASVspoof2019_LA,audio,bonafide,0,train,.flac
C:\Users\paruc\Downloads\archive (1)\LA\LA\ASVspoof2019_LA_dev\flac\LA_D_9542497.flac,archive_(1)_ASVspoof2019_LA,audio,spoof,1,train,.flac
C:\Users\paruc\Downloads\archive (1)\LA\LA\ASVspoof2019_LA_dev\flac\LA_D_4821411.flac,archive_(1)_ASVspoof2019_LA,audio,bonafide,0,train,.flac
C:\Users\paruc\Downloads\archive (1)\LA\LA\ASVspoof2019_LA_dev\flac\LA_D_9124171.flac,archive_(1)_ASVspoof2019_LA,audio,bonafide,0,train,.flac
C:\Users\paruc\Downloads\archive (1)\LA\LA\ASVspoof2019_LA_dev\flac\LA_D_6240589.flac,archive_(1)_ASVspoof2019_LA,audio,spoof,1,train,.flac
C:\Users\paruc\Downloads\archive (1)\LA\LA\ASVspoof2019_LA_dev\flac\LA_D_8463557.flac,archive_(1)_ASVspoof2019_LA,audio,bonafide,0,train,.flac
C:\Users\paruc\Downloads\archive (1)\LA\LA\ASVspoof2019_LA_dev\flac\LA_D_6836003.flac,archive_(1)_ASVspoof2019_LA,audio,bonafide,0,train,.flac
C:\Users\paruc\Downloads\archive (1)\LA\LA\ASVspoof2019_LA_dev\flac\LA_D_6339881.flac,archive_(1)_ASVspoof2019_LA,audio,bonafide,0,train,.flac
C:\Users\paruc\Downloads\archive (1)\LA\LA\ASVspoof2019_LA_dev\flac\LA_D_7021117.flac,archive_(1)_ASVspoof2019_LA,audio,bonafide,0,train,.flac
C:\Users\paruc\Downloads\archive (1)\LA\LA\ASVspoof2019_LA_dev\flac\LA_D_1323454.flac,archive_(1)_ASVspoof2019_LA,audio,bonafide,0,train,.flac
C:\Users\paruc\Downloads\archive (1)\LA\LA\ASVspoof2019_LA_dev\flac\LA_D_9808796.flac,archive_(1)_ASVspoof2019_LA,audio,spoof,1,train,.flac
C:\Users\paruc\Downloads\archive (1)\LA\LA\ASVspoof2019_LA_dev\flac\LA_D_4782365.flac,archive_(1)_ASVspoof2019_LA,audio,spoof,1,train,.flac
C:\Users\paruc\Downloads\archive (1)\LA\LA\ASVspoof2019_LA_dev\flac\LA_D_8022264.flac,archive_(1)_ASVspoof2019_LA,audio,spoof,1,train,.flac
C:\Users\paruc\Downloads\archive (1)\LA\LA\ASVspoof2019_LA_dev\flac\LA_D_5611098.flac,archive_(1)_ASVspoof2019_LA,audio,bonafide,0,train,.flac
C:\Users\paruc\Downloads\archive (1)\LA\LA\ASVspoof2019_LA_dev\flac\LA_D_4047883.flac,archive_(1)_ASVspoof2019_LA,audio,spoof,1,train,.flac
C:\Users\paruc\Downloads\archive (1)\LA\LA\ASVspoof2019_LA_dev\flac\LA_D_6079595.flac,archive_(1)_ASVspoof2019_LA,audio,spoof,1,train,.flac
C:\Users\paruc\Downloads\archive (1)\LA\LA\ASVspoof2019_LA_dev\flac\LA_D_8017985.flac,archive_(1)_ASVspoof2019_LA,audio,bonafide,0,train,.flac
C:\Users\paruc\Downloads\archive (1)\LA\LA\ASVspoof2019_LA_dev\flac\LA_D_7573833.flac,archive_(1)_ASVspoof2019_LA,audio,spoof,1,train,.flac
C:\Users\paruc\Downloads\archive (1)\LA\LA\ASVspoof2019_LA_dev\flac\LA_D_8022584.flac,archive_(1)_ASVspoof2019_LA,audio,spoof,1,train,.flac
C:\Users\paruc\Downloads\archive (1)\LA\LA\ASVspoof2019_LA_dev\flac\LA_D_2262952.flac,archive_(1)_ASVspoof2019_LA,audio,spoof,1,train,.flac
C:\Users\paruc\Downloads\archive (1)\LA\LA\ASVspoof2019_LA_dev\flac\LA_D_9140799.flac,archive_(1)_ASVspoof2019_LA,audio,spoof,1,train,.flac
C:\Users\paruc\Downloads\archive (1)\LA\LA\ASVspoof2019_LA_dev\flac\LA_D_8122941.flac,archive_(1)_ASVspoof2019_LA,audio,spoof,1,train,.flac
C:\Users\paruc\Downloads\archive (1)\LA\LA\ASVspoof2019_LA_dev\flac\LA_D_9375342.flac,archive_(1)_ASVspoof2019_LA,audio,bonafide,0,train,.flac
C:\Users\paruc\Downloads\archive (1)\LA\LA\ASVspoof2019_LA_dev\flac\LA_D_3740186.flac,archive_(1)_ASVspoof2019_LA,audio,spoof,1,train,.flac
C:\Users\paruc\Downloads\archive (1)\LA\LA\ASVspoof2019_LA_dev\flac\LA_D_3377698.flac,archive_(1)_ASVspoof2019_LA,audio,bonafide,0,train,.flac
C:\Users\paruc\Downloads\archive (1)\LA\LA\ASVspoof2019_LA_dev\flac\LA_D_7890490.flac,archive_(1)_ASVspoof2019_LA,audio,spoof,1,train,.flac
C:\Users\paruc\Downloads\archive (1)\LA\LA\ASVspoof2019_LA_dev\flac\LA_D_5394501.flac,archive_(1)_ASVspoof2019_LA,audio,spoof,1,train,.flac
C:\Users\paruc\Downloads\archive (1)\LA\LA\ASVspoof2019_LA_dev\flac\LA_D_5863611.flac,archive_(1)_ASVspoof2019_LA,audio,bonafide,0,train,.flac
C:\Users\paruc\Downloads\archive (1)\LA\LA\ASVspoof2019_LA_dev\flac\LA_D_5703244.flac,archive_(1)_ASVspoof2019_LA,audio,spoof,1,train,.flac
C:\Users\paruc\Downloads\archive (1)\LA\LA\ASVspoof2019_LA_dev\flac\LA_D_3989236.flac,archive_(1)_ASVspoof2019_LA,audio,spoof,1,train,.flac
C:\Users\paruc\Downloads\archive (1)\LA\LA\ASVspoof2019_LA_dev\flac\LA_D_2873916.flac,archive_(1)_ASVspoof2019_LA,audio,spoof,1,train,.flac
C:\Users\paruc\Downloads\archive (1)\LA\LA\ASVspoof2019_LA_dev\flac\LA_D_6465138.flac,archive_(1)_ASVspoof2019_LA,audio,bonafide,0,train,.flac
C:\Users\paruc\Downloads\archive (1)\LA\LA\ASVspoof2019_LA_dev\flac\LA_D_3761549.flac,archive_(1)_ASVspoof2019_LA,audio,spoof,1,train,.flac
C:\Users\paruc\Downloads\archive (1)\LA\LA\ASVspoof2019_LA_dev\flac\LA_D_1353894.flac,archive_(1)_ASVspoof2019_LA,audio,bonafide,0,train,.flac
C:\Users\paruc\Downloads\archive (1)\LA\LA\ASVspoof2019_LA_dev\flac\LA_D_4540134.flac,archive_(1)_ASVspoof2019_LA,audio,spoof,1,train,.flac
C:\Users\paruc\Downloads\archive (1)\LA\LA\ASVspoof2019_LA_dev\flac\LA_D_2535161.flac,archive_(1)_ASVspoof2019_LA,audio,bonafide,0,train,.flac
C:\Users\paruc\Downloads\archive (1)\LA\LA\ASVspoof2019_LA_dev\flac\LA_D_4033472.flac,archive_(1)_ASVspoof2019_LA,audio,bonafide,0,train,.flac
C:\Users\paruc\Downloads\archive (1)\LA\LA\ASVspoof2019_LA_dev\flac\LA_D_7554234.flac,archive_(1)_ASVspoof2019_LA,audio,bonafide,0,train,.flac
C:\Users\paruc\Downloads\archive (1)\LA\LA\ASVspoof2019_LA_dev\flac\LA_D_4444384.flac,archive_(1)_ASVspoof2019_LA,audio,spoof,1,train,.flac
C:\Users\paruc\Downloads\archive (1)\LA\LA\ASVspoof2019_LA_dev\flac\LA_D_2404405.flac,archive_(1)_ASVspoof2019_LA,audio,bonafide,0,train,.flac
C:\Users\paruc\Downloads\archive (1)\LA\LA\ASVspoof2019_LA_dev\flac\LA_D_6057039.flac,archive_(1)_ASVspoof2019_LA,audio,spoof,1,train,.flac
C:\Users\paruc\Downloads\archive (1)\LA\LA\ASVspoof2019_LA_dev\flac\LA_D_8394417.flac,archive_(1)_ASVspoof2019_LA,audio,bonafide,0,train,.flac
C:\Users\paruc\Downloads\archive (1)\LA\LA\ASVspoof2019_LA_dev\flac\LA_D_9161520.flac,archive_(1)_ASVspoof2019_LA,audio,spoof,1,train,.flac
C:\Users\paruc\Downloads\archive (1)\LA\LA\ASVspoof2019_LA_dev\flac\LA_D_8931596.flac,archive_(1)_ASVspoof2019_LA,audio,bonafide,0,train,.flac
C:\Users\paruc\Downloads\archive (1)\LA\LA\ASVspoof2019_LA_dev\flac\LA_D_1614129.flac,archive_(1)_ASVspoof2019_LA,audio,bonafide,0,train,.flac
C:\Users\paruc\Downloads\archive (1)\LA\LA\ASVspoof2019_LA_dev\flac\LA_D_4744246.flac,archive_(1)_ASVspoof2019_LA,audio,spoof,1,train,.flac
C:\Users\paruc\Downloads\archive (1)\LA\LA\ASVspoof2019_LA_dev\flac\LA_D_1955388.flac,archive_(1)_ASVspoof2019_LA,audio,bonafide,0,train,.flac
C:\Users\paruc\Downloads\archive (1)\LA\LA\ASVspoof2019_LA_dev\flac\LA_D_3933506.flac,archive_(1)_ASVspoof2019_LA,audio,bonafide,0,train,.flac
C:\Users\paruc\Downloads\archive (1)\LA\LA\ASVspoof2019_LA_dev\flac\LA_D_1792486.flac,archive_(1)_ASVspoof2019_LA,audio,bonafide,0,train,.flac
C:\Users\paruc\Downloads\archive (1)\LA\LA\ASVspoof2019_LA_dev\flac\LA_D_5834045.flac,archive_(1)_ASVspoof2019_LA,audio,spoof,1,train,.flac
C:\Users\paruc\Downloads\archive (1)\LA\LA\ASVspoof2019_LA_dev\flac\LA_D_5936853.flac,archive_(1)_ASVspoof2019_LA,audio,spoof,1,train,.flac
C:\Users\paruc\Downloads\archive (1)\LA\LA\ASVspoof2019_LA_dev\flac\LA_D_6484000.flac,archive_(1)_ASVspoof2019_LA,audio,bonafide,0,train,.flac
C:\Users\paruc\Downloads\archive (1)\LA\LA\ASVspoof2019_LA_dev\flac\LA_D_7647812.flac,archive_(1)_ASVspoof2019_LA,audio,bonafide,0,train,.flac
C:\Users\paruc\Downloads\archive (1)\LA\LA\ASVspoof2019_LA_dev\flac\LA_D_2884522.flac,archive_(1)_ASVspoof2019_LA,audio,bonafide,0,train,.flac
C:\Users\paruc\Downloads\archive (1)\LA\LA\ASVspoof2019_LA_dev\flac\LA_D_7373710.flac,archive_(1)_ASVspoof2019_LA,audio,spoof,1,train,.flac
C:\Users\paruc\Downloads\archive (1)\LA\LA\ASVspoof2019_LA_dev\flac\LA_D_1096053.flac,archive_(1)_ASVspoof2019_LA,audio,bonafide,0,train,.flac
C:\Users\paruc\Downloads\archive (1)\LA\LA\ASVspoof2019_LA_dev\flac\LA_D_3222569.flac,archive_(1)_ASVspoof2019_LA,audio,bonafide,0,train,.flac
C:\Users\paruc\Downloads\archive (1)\LA\LA\ASVspoof2019_LA_dev\flac\LA_D_3983406.flac,archive_(1)_ASVspoof2019_LA,audio,bonafide,0,train,.flac
C:\Users\paruc\Downloads\archive (1)\LA\LA\ASVspoof2019_LA_dev\flac\LA_D_9709000.flac,archive_(1)_ASVspoof2019_LA,audio,spoof,1,train,.flac
C:\Users\paruc\Downloads\archive (1)\LA\LA\ASVspoof2019_LA_dev\flac\LA_D_7383599.flac,archive_(1)_ASVspoof2019_LA,audio,bonafide,0,train,.flac
C:\Users\paruc\Downloads\archive (1)\LA\LA\ASVspoof2019_LA_dev\flac\LA_D_9604966.flac,archive_(1)_ASVspoof2019_LA,audio,spoof,1,train,.flac
C:\Users\paruc\Downloads\archive (1)\LA\LA\ASVspoof2019_LA_dev\flac\LA_D_3143433.flac,archive_(1)_ASVspoof2019_LA,audio,spoof,1,train,.flac
C:\Users\paruc\Downloads\archive (1)\LA\LA\ASVspoof2019_LA_dev\flac\LA_D_5334517.flac,archive_(1)_ASVspoof2019_LA,audio,bonafide,0,train,.flac
C:\Users\paruc\Downloads\archive (1)\LA\LA\ASVspoof2019_LA_dev\flac\LA_D_6373554.flac,archive_(1)_ASVspoof2019_LA,audio,bonafide,0,train,.flac
C:\Users\paruc\Downloads\archive (1)\LA\LA\ASVspoof2019_LA_dev\flac\LA_D_2138850.flac,archive_(1)_ASVspoof2019_LA,audio,spoof,1,train,.flac
C:\Users\paruc\Downloads\archive (1)\LA\LA\ASVspoof2019_LA_dev\flac\LA_D_6622348.flac,archive_(1)_ASVspoof2019_LA,audio,bonafide,0,train,.flac
C:\Users\paruc\Downloads\archive (1)\LA\LA\ASVspoof2019_LA_dev\flac\LA_D_9223242.flac,archive_(1)_ASVspoof2019_LA,audio,bonafide,0,train,.flac
C:\Users\paruc\Downloads\archive (1)\LA\LA\ASVspoof2019_LA_dev\flac\LA_D_5253057.flac,archive_(1)_ASVspoof2019_LA,audio,spoof,1,train,.flac
C:\Users\paruc\Downloads\archive (1)\LA\LA\ASVspoof2019_LA_dev\flac\LA_D_2671129.flac,archive_(1)_ASVspoof2019_LA,audio,bonafide,0,train,.flac
C:\Users\paruc\Downloads\archive (1)\LA\LA\ASVspoof2019_LA_dev\flac\LA_D_8512598.flac,archive_(1)_ASVspoof2019_LA,audio,spoof,1,train,.flac
C:\Users\paruc\Downloads\archive (1)\LA\LA\ASVspoof2019_LA_dev\flac\LA_D_7253146.flac,archive_(1)_ASVspoof2019_LA,audio,bonafide,0,train,.flac
C:\Users\paruc\Downloads\archive (1)\LA\LA\ASVspoof2019_LA_dev\flac\LA_D_8503156.flac,archive_(1)_ASVspoof2019_LA,audio,spoof,1,train,.flac
C:\Users\paruc\Downloads\archive (1)\LA\LA\ASVspoof2019_LA_dev\flac\LA_D_4928049.flac,archive_(1)_ASVspoof2019_LA,audio,bonafide,0,train,.flac
C:\Users\paruc\Downloads\archive (1)\LA\LA\ASVspoof2019_LA_dev\flac\LA_D_8274485.flac,archive_(1)_ASVspoof2019_LA,audio,bonafide,0,train,.flac
C:\Users\paruc\Downloads\archive (1)\LA\LA\ASVspoof2019_LA_dev\flac\LA_D_9953476.flac,archive_(1)_ASVspoof2019_LA,audio,bonafide,0,train,.flac
C:\Users\paruc\Downloads\archive (1)\LA\LA\ASVspoof2019_LA_dev\flac\LA_D_1368126.flac,archive_(1)_ASVspoof2019_LA,audio,spoof,1,train,.flac
C:\Users\paruc\Downloads\archive (1)\LA\LA\ASVspoof2019_LA_dev\flac\LA_D_8765550.flac,archive_(1)_ASVspoof2019_LA,audio,spoof,1,train,.flac
C:\Users\paruc\Downloads\archive (1)\LA\LA\ASVspoof2019_LA_dev\flac\LA_D_7617208.flac,archive_(1)_ASVspoof2019_LA,audio,bonafide,0,train,.flac
C:\Users\paruc\Downloads\archive (1)\LA\LA\ASVspoof2019_LA_dev\flac\LA_D_4674650.flac,archive_(1)_ASVspoof2019_LA,audio,bonafide,0,train,.flac
C:\Users\paruc\Downloads\archive (1)\LA\LA\ASVspoof2019_LA_dev\flac\LA_D_6137641.flac,archive_(1)_ASVspoof2019_LA,audio,bonafide,0,train,.flac
C:\Users\paruc\Downloads\archive (1)\LA\LA\ASVspoof2019_LA_dev\flac\LA_D_4952493.flac,archive_(1)_ASVspoof2019_LA,audio,bonafide,0,train,.flac
C:\Users\paruc\Downloads\archive (1)\LA\LA\ASVspoof2019_LA_dev\flac\LA_D_5809161.flac,archive_(1)_ASVspoof2019_LA,audio,spoof,1,train,.flac
C:\Users\paruc\Downloads\archive (1)\LA\LA\ASVspoof2019_LA_dev\flac\LA_D_5503012.flac,archive_(1)_ASVspoof2019_LA,audio,bonafide,0,train,.flac
C:\Users\paruc\Downloads\archive (1)\LA\LA\ASVspoof2019_LA_dev\flac\LA_D_8688425.flac,archive_(1)_ASVspoof2019_LA,audio,bonafide,0,train,.flac
C:\Users\paruc\Downloads\archive (1)\LA\LA\ASVspoof2019_LA_dev\flac\LA_D_5685501.flac,archive_(1)_ASVspoof2019_LA,audio,spoof,1,train,.flac
C:\Users\paruc\Downloads\archive (1)\LA\LA\ASVspoof2019_LA_dev\flac\LA_D_6035951.flac,archive_(1)_ASVspoof2019_LA,audio,bonafide,0,train,.flac
C:\Users\paruc\Downloads\archive (1)\LA\LA\ASVspoof2019_LA_dev\flac\LA_D_6198746.flac,archive_(1)_ASVspoof2019_LA,audio,bonafide,0,train,.flac
C:\Users\paruc\Downloads\archive (1)\LA\LA\ASVspoof2019_LA_dev\flac\LA_D_9823996.flac,archive_(1)_ASVspoof2019_LA,audio,spoof,1,train,.flac
C:\Users\paruc\Downloads\archive (1)\LA\LA\ASVspoof2019_LA_dev\flac\LA_D_1101351.flac,archive_(1)_ASVspoof2019_LA,audio,bonafide,0,train,.flac
C:\Users\paruc\Downloads\archive (1)\LA\LA\ASVspoof2019_LA_dev\flac\LA_D_9260902.flac,archive_(1)_ASVspoof2019_LA,audio,bonafide,0,train,.flac
C:\Users\paruc\Downloads\archive (1)\LA\LA\ASVspoof2019_LA_dev\flac\LA_D_4796882.flac,archive_(1)_ASVspoof2019_LA,audio,bonafide,0,train,.flac
C:\Users\paruc\Downloads\archive (1)\LA\LA\ASVspoof2019_LA_dev\flac\LA_D_6816441.flac,archive_(1)_ASVspoof2019_LA,audio,spoof,1,train,.flac
C:\Users\paruc\Downloads\archive (1)\LA\LA\ASVspoof2019_LA_dev\flac\LA_D_5143230.flac,archive_(1)_ASVspoof2019_LA,audio,bonafide,0,train,.flac
C:\Users\paruc\Downloads\archive (1)\LA\LA\ASVspoof2019_LA_dev\flac\LA_D_9824861.flac,archive_(1)_ASVspoof2019_LA,audio,spoof,1,train,.flac
C:\Users\paruc\Downloads\archive (1)\LA\LA\ASVspoof2019_LA_dev\flac\LA_D_3215740.flac,archive_(1)_ASVspoof2019_LA,audio,bonafide,0,train,.flac
C:\Users\paruc\Downloads\archive (1)\LA\LA\ASVspoof2019_LA_dev\flac\LA_D_6690982.flac,archive_(1)_ASVspoof2019_LA,audio,spoof,1,train,.flac
C:\Users\paruc\Downloads\archive (1)\LA\LA\ASVspoof2019_LA_dev\flac\LA_D_1028589.flac,archive_(1)_ASVspoof2019_LA,audio,bonafide,0,train,.flac
C:\Users\paruc\Downloads\archive (1)\LA\LA\ASVspoof2019_LA_dev\flac\LA_D_1336215.flac,archive_(1)_ASVspoof2019_LA,audio,bonafide,0,train,.flac
C:\Users\paruc\Downloads\archive (1)\LA\LA\ASVspoof2019_LA_dev\flac\LA_D_5767805.flac,archive_(1)_ASVspoof2019_LA,audio,spoof,1,train,.flac
C:\Users\paruc\Downloads\archive (1)\LA\LA\ASVspoof2019_LA_dev\flac\LA_D_8199784.flac,archive_(1)_ASVspoof2019_LA,audio,bonafide,0,train,.flac
C:\Users\paruc\Downloads\archive (1)\LA\LA\ASVspoof2019_LA_dev\flac\LA_D_7109981.flac,archive_(1)_ASVspoof2019_LA,audio,bonafide,0,train,.flac
C:\Users\paruc\Downloads\archive (1)\LA\LA\ASVspoof2019_LA_dev\flac\LA_D_3652898.flac,archive_(1)_ASVspoof2019_LA,audio,spoof,1,train,.flac
C:\Users\paruc\Downloads\archive (1)\LA\LA\ASVspoof2019_LA_dev\flac\LA_D_7764878.flac,archive_(1)_ASVspoof2019_LA,audio,spoof,1,train,.flac
C:\Users\paruc\Downloads\archive (1)\LA\LA\ASVspoof2019_LA_dev\flac\LA_D_4279522.flac,archive_(1)_ASVspoof2019_LA,audio,bonafide,0,train,.flac
C:\Users\paruc\Downloads\archive (1)\LA\LA\ASVspoof2019_LA_dev\flac\LA_D_6343761.flac,archive_(1)_ASVspoof2019_LA,audio,bonafide,0,train,.flac
C:\Users\paruc\Downloads\archive (1)\LA\LA\ASVspoof2019_LA_dev\flac\LA_D_6429416.flac,archive_(1)_ASVspoof2019_LA,audio,spoof,1,train,.flac
C:\Users\paruc\Downloads\archive (1)\LA\LA\ASVspoof2019_LA_dev\flac\LA_D_5761294.flac,archive_(1)_ASVspoof2019_LA,audio,spoof,1,train,.flac
C:\Users\paruc\Downloads\archive (1)\LA\LA\ASVspoof2019_LA_dev\flac\LA_D_6255442.flac,archive_(1)_ASVspoof2019_LA,audio,spoof,1,train,.flac
C:\Users\paruc\Downloads\archive (1)\LA\LA\ASVspoof2019_LA_dev\flac\LA_D_7812459.flac,archive_(1)_ASVspoof2019_LA,audio,bonafide,0,train,.flac
C:\Users\paruc\Downloads\archive (1)\LA\LA\ASVspoof2019_LA_dev\flac\LA_D_7924795.flac,archive_(1)_ASVspoof2019_LA,audio,spoof,1,train,.flac
C:\Users\paruc\Downloads\archive (1)\LA\LA\ASVspoof2019_LA_dev\flac\LA_D_4008042.flac,archive_(1)_ASVspoof2019_LA,audio,spoof,1,train,.flac
C:\Users\paruc\Downloads\archive (1)\LA\LA\ASVspoof2019_LA_dev\flac\LA_D_6536188.flac,archive_(1)_ASVspoof2019_LA,audio,spoof,1,train,.flac
C:\Users\paruc\Downloads\archive (1)\LA\LA\ASVspoof2019_LA_dev\flac\LA_D_9452684.flac,archive_(1)_ASVspoof2019_LA,audio,spoof,1,train,.flac
C:\Users\paruc\Downloads\archive (1)\LA\LA\ASVspoof2019_LA_dev\flac\LA_D_6935031.flac,archive_(1)_ASVspoof2019_LA,audio,bonafide,0,train,.flac
C:\Users\paruc\Downloads\archive (1)\LA\LA\ASVspoof2019_LA_dev\flac\LA_D_6310267.flac,archive_(1)_ASVspoof2019_LA,audio,bonafide,0,train,.flac
C:\Users\paruc\Downloads\archive (1)\LA\LA\ASVspoof2019_LA_dev\flac\LA_D_2679014.flac,archive_(1)_ASVspoof2019_LA,audio,bonafide,0,train,.flac
C:\Users\paruc\Downloads\archive (1)\LA\LA\ASVspoof2019_LA_dev\flac\LA_D_4646934.flac,archive_(1)_ASVspoof2019_LA,audio,bonafide,0,train,.flac
C:\Users\paruc\Downloads\archive (1)\LA\LA\ASVspoof2019_LA_dev\flac\LA_D_8591419.flac,archive_(1)_ASVspoof2019_LA,audio,bonafide,0,train,.flac
C:\Users\paruc\Downloads\archive (1)\LA\LA\ASVspoof2019_LA_dev\flac\LA_D_6276227.flac,archive_(1)_ASVspoof2019_LA,audio,spoof,1,train,.flac
C:\Users\paruc\Downloads\archive (1)\LA\LA\ASVspoof2019_LA_dev\flac\LA_D_8476547.flac,archive_(1)_ASVspoof2019_LA,audio,bonafide,0,train,.flac
C:\Users\paruc\Downloads\archive (1)\LA\LA\ASVspoof2019_LA_dev\flac\LA_D_2059154.flac,archive_(1)_ASVspoof2019_LA,audio,bonafide,0,train,.flac
C:\Users\paruc\Downloads\archive (1)\LA\LA\ASVspoof2019_LA_dev\flac\LA_D_3939937.flac,archive_(1)_ASVspoof2019_LA,audio,spoof,1,train,.flac
C:\Users\paruc\Downloads\archive (1)\LA\LA\ASVspoof2019_LA_dev\flac\LA_D_9338180.flac,archive_(1)_ASVspoof2019_LA,audio,bonafide,0,train,.flac
C:\Users\paruc\Downloads\archive (1)\LA\LA\ASVspoof2019_LA_dev\flac\LA_D_9835881.flac,archive_(1)_ASVspoof2019_LA,audio,bonafide,0,train,.flac
C:\Users\paruc\Downloads\archive (1)\LA\LA\ASVspoof2019_LA_dev\flac\LA_D_4530613.flac,archive_(1)_ASVspoof2019_LA,audio,bonafide,0,train,.flac
C:\Users\paruc\Downloads\archive (1)\LA\LA\ASVspoof2019_LA_dev\flac\LA_D_5758976.flac,archive_(1)_ASVspoof2019_LA,audio,bonafide,0,train,.flac
C:\Users\paruc\Downloads\archive (1)\LA\LA\ASVspoof2019_LA_dev\flac\LA_D_8089175.flac,archive_(1)_ASVspoof2019_LA,audio,bonafide,0,train,.flac
C:\Users\paruc\Downloads\archive (1)\LA\LA\ASVspoof2019_LA_dev\flac\LA_D_5240657.flac,archive_(1)_ASVspoof2019_LA,audio,bonafide,0,train,.flac
C:\Users\paruc\Downloads\archive (1)\LA\LA\ASVspoof2019_LA_dev\flac\LA_D_5475950.flac,archive_(1)_ASVspoof2019_LA,audio,bonafide,0,train,.flac
C:\Users\paruc\Downloads\archive (1)\LA\LA\ASVspoof2019_LA_dev\flac\LA_D_2902957.flac,archive_(1)_ASVspoof2019_LA,audio,bonafide,0,train,.flac
C:\Users\paruc\Downloads\archive (1)\LA\LA\ASVspoof2019_LA_dev\flac\LA_D_3151376.flac,archive_(1)_ASVspoof2019_LA,audio,bonafide,0,train,.flac
C:\Users\paruc\Downloads\archive (1)\LA\LA\ASVspoof2019_LA_dev\flac\LA_D_1038259.flac,archive_(1)_ASVspoof2019_LA,audio,bonafide,0,train,.flac
C:\Users\paruc\Downloads\archive (1)\LA\LA\ASVspoof2019_LA_dev\flac\LA_D_3015558.flac,archive_(1)_ASVspoof2019_LA,audio,spoof,1,train,.flac
C:\Users\paruc\Downloads\archive (1)\LA\LA\ASVspoof2019_LA_dev\flac\LA_D_7331651.flac,archive_(1)_ASVspoof2019_LA,audio,spoof,1,train,.flac
C:\Users\paruc\Downloads\archive (1)\LA\LA\ASVspoof2019_LA_dev\flac\LA_D_9132872.flac,archive_(1)_ASVspoof2019_LA,audio,bonafide,0,train,.flac
C:\Users\paruc\Downloads\archive (1)\LA\LA\ASVspoof2019_LA_dev\flac\LA_D_3155689.flac,archive_(1)_ASVspoof2019_LA,audio,spoof,1,train,.flac
C:\Users\paruc\Downloads\archive (1)\LA\LA\ASVspoof2019_LA_dev\flac\LA_D_8931062.flac,archive_(1)_ASVspoof2019_LA,audio,spoof,1,train,.flac
C:\Users\paruc\Downloads\archive (1)\LA\LA\ASVspoof2019_LA_dev\flac\LA_D_3061231.flac,archive_(1)_ASVspoof2019_LA,audio,spoof,1,train,.flac
C:\Users\paruc\Downloads\archive (1)\LA\LA\ASVspoof2019_LA_dev\flac\LA_D_8076652.flac,archive_(1)_ASVspoof2019_LA,audio,bonafide,0,train,.flac
C:\Users\paruc\Downloads\archive (1)\LA\LA\ASVspoof2019_LA_dev\flac\LA_D_4338785.flac,archive_(1)_ASVspoof2019_LA,audio,bonafide,0,train,.flac
C:\Users\paruc\Downloads\archive (1)\LA\LA\ASVspoof2019_LA_dev\flac\LA_D_4661324.flac,archive_(1)_ASVspoof2019_LA,audio,bonafide,0,train,.flac
C:\Users\paruc\Downloads\archive (1)\LA\LA\ASVspoof2019_LA_dev\flac\LA_D_9328186.flac,archive_(1)_ASVspoof2019_LA,audio,spoof,1,train,.flac
C:\Users\paruc\Downloads\archive (1)\LA\LA\ASVspoof2019_LA_dev\flac\LA_D_5907410.flac,archive_(1)_ASVspoof2019_LA,audio,bonafide,0,train,.flac
C:\Users\paruc\Downloads\archive (1)\LA\LA\ASVspoof2019_LA_dev\flac\LA_D_3555723.flac,archive_(1)_ASVspoof2019_LA,audio,spoof,1,train,.flac
C:\Users\paruc\Downloads\archive (1)\LA\LA\ASVspoof2019_LA_dev\flac\LA_D_4799779.flac,archive_(1)_ASVspoof2019_LA,audio,bonafide,0,train,.flac
C:\Users\paruc\Downloads\archive (1)\LA\LA\ASVspoof2019_LA_dev\flac\LA_D_5071327.flac,archive_(1)_ASVspoof2019_LA,audio,spoof,1,train,.flac
C:\Users\paruc\Downloads\archive (1)\LA\LA\ASVspoof2019_LA_dev\flac\LA_D_5547400.flac,archive_(1)_ASVspoof2019_LA,audio,bonafide,0,train,.flac
C:\Users\paruc\Downloads\archive (1)\LA\LA\ASVspoof2019_LA_dev\flac\LA_D_5178609.flac,archive_(1)_ASVspoof2019_LA,audio,bonafide,0,train,.flac
C:\Users\paruc\Downloads\archive (1)\LA\LA\ASVspoof2019_LA_dev\flac\LA_D_9904937.flac,archive_(1)_ASVspoof2019_LA,audio,spoof,1,train,.flac
C:\Users\paruc\Downloads\archive (1)\LA\LA\ASVspoof2019_LA_dev\flac\LA_D_4599043.flac,archive_(1)_ASVspoof2019_LA,audio,bonafide,0,train,.flac
C:\Users\paruc\Downloads\archive (1)\LA\LA\ASVspoof2019_LA_dev\flac\LA_D_9834938.flac,archive_(1)_ASVspoof2019_LA,audio,bonafide,0,train,.flac
C:\Users\paruc\Downloads\archive (1)\LA\LA\ASVspoof2019_LA_dev\flac\LA_D_2106652.flac,archive_(1)_ASVspoof2019_LA,audio,spoof,1,train,.flac
C:\Users\paruc\Downloads\archive (1)\LA\LA\ASVspoof2019_LA_dev\flac\LA_D_9111429.flac,archive_(1)_ASVspoof2019_LA,audio,spoof,1,train,.flac
C:\Users\paruc\Downloads\archive (1)\LA\LA\ASVspoof2019_LA_dev\flac\LA_D_1152692.flac,archive_(1)_ASVspoof2019_LA,audio,bonafide,0,train,.flac
C:\Users\paruc\Downloads\archive (1)\LA\LA\ASVspoof2019_LA_dev\flac\LA_D_3476956.flac,archive_(1)_ASVspoof2019_LA,audio,bonafide,0,train,.flac
C:\Users\paruc\Downloads\archive (1)\LA\LA\ASVspoof2019_LA_dev\flac\LA_D_4745806.flac,archive_(1)_ASVspoof2019_LA,audio,bonafide,0,train,.flac
C:\Users\paruc\Downloads\archive (1)\LA\LA\ASVspoof2019_LA_dev\flac\LA_D_3731175.flac,archive_(1)_ASVspoof2019_LA,audio,bonafide,0,train,.flac
C:\Users\paruc\Downloads\archive (1)\LA\LA\ASVspoof2019_LA_dev\flac\LA_D_5540152.flac,archive_(1)_ASVspoof2019_LA,audio,bonafide,0,train,.flac
C:\Users\paruc\Downloads\archive (1)\LA\LA\ASVspoof2019_LA_dev\flac\LA_D_1590530.flac,archive_(1)_ASVspoof2019_LA,audio,bonafide,0,train,.flac
C:\Users\paruc\Downloads\archive (1)\LA\LA\ASVspoof2019_LA_dev\flac\LA_D_3151999.flac,archive_(1)_ASVspoof2019_LA,audio,spoof,1,train,.flac
C:\Users\paruc\Downloads\archive (1)\LA\LA\ASVspoof2019_LA_dev\flac\LA_D_4956039.flac,archive_(1)_ASVspoof2019_LA,audio,spoof,1,train,.flac
C:\Users\paruc\Downloads\archive (1)\LA\LA\ASVspoof2019_LA_dev\flac\LA_D_1919208.flac,archive_(1)_ASVspoof2019_LA,audio,spoof,1,train,.flac
C:\Users\paruc\Downloads\archive (1)\LA\LA\ASVspoof2019_LA_dev\flac\LA_D_6084606.flac,archive_(1)_ASVspoof2019_LA,audio,bonafide,0,train,.flac
C:\Users\paruc\Downloads\archive (1)\LA\LA\ASVspoof2019_LA_dev\flac\LA_D_5044136.flac,archive_(1)_ASVspoof2019_LA,audio,bonafide,0,train,.flac
C:\Users\paruc\Downloads\archive (1)\LA\LA\ASVspoof2019_LA_dev\flac\LA_D_3891696.flac,archive_(1)_ASVspoof2019_LA,audio,bonafide,0,train,.flac
C:\Users\paruc\Downloads\archive (1)\LA\LA\ASVspoof2019_LA_dev\flac\LA_D_1356035.flac,archive_(1)_ASVspoof2019_LA,audio,bonafide,0,train,.flac
C:\Users\paruc\Downloads\archive (1)\LA\LA\ASVspoof2019_LA_dev\flac\LA_D_4263714.flac,archive_(1)_ASVspoof2019_LA,audio,spoof,1,train,.flac
C:\Users\paruc\Downloads\archive (1)\LA\LA\ASVspoof2019_LA_dev\flac\LA_D_3117119.flac,archive_(1)_ASVspoof2019_LA,audio,bonafide,0,train,.flac
C:\Users\paruc\Downloads\archive (1)\LA\LA\ASVspoof2019_LA_dev\flac\LA_D_9658897.flac,archive_(1)_ASVspoof2019_LA,audio,spoof,1,train,.flac
C:\Users\paruc\Downloads\archive (1)\LA\LA\ASVspoof2019_LA_dev\flac\LA_D_4334642.flac,archive_(1)_ASVspoof2019_LA,audio,spoof,1,train,.flac
C:\Users\paruc\Downloads\archive (1)\LA\LA\ASVspoof2019_LA_dev\flac\LA_D_8052749.flac,archive_(1)_ASVspoof2019_LA,audio,spoof,1,train,.flac
C:\Users\paruc\Downloads\archive (1)\LA\LA\ASVspoof2019_LA_dev\flac\LA_D_5806611.flac,archive_(1)_ASVspoof2019_LA,audio,bonafide,0,train,.flac
C:\Users\paruc\Downloads\archive (1)\LA\LA\ASVspoof2019_LA_dev\flac\LA_D_7367187.flac,archive_(1)_ASVspoof2019_LA,audio,spoof,1,train,.flac
C:\Users\paruc\Downloads\archive (1)\LA\LA\ASVspoof2019_LA_dev\flac\LA_D_1444916.flac,archive_(1)_ASVspoof2019_LA,audio,bonafide,0,train,.flac
C:\Users\paruc\Downloads\archive (1)\LA\LA\ASVspoof2019_LA_dev\flac\LA_D_6258471.flac,archive_(1)_ASVspoof2019_LA,audio,bonafide,0,train,.flac
C:\Users\paruc\Downloads\archive (1)\LA\LA\ASVspoof2019_LA_dev\flac\LA_D_7742207.flac,archive_(1)_ASVspoof2019_LA,audio,spoof,1,train,.flac
C:\Users\paruc\Downloads\archive (1)\LA\LA\ASVspoof2019_LA_dev\flac\LA_D_3781670.flac,archive_(1)_ASVspoof2019_LA,audio,bonafide,0,train,.flac
C:\Users\paruc\Downloads\archive (1)\LA\LA\ASVspoof2019_LA_dev\flac\LA_D_7261120.flac,archive_(1)_ASVspoof2019_LA,audio,bonafide,0,train,.flac
C:\Users\paruc\Downloads\archive (1)\LA\LA\ASVspoof2019_LA_dev\flac\LA_D_5691072.flac,archive_(1)_ASVspoof2019_LA,audio,bonafide,0,train,.flac
C:\Users\paruc\Downloads\archive (1)\LA\LA\ASVspoof2019_LA_dev\flac\LA_D_2844885.flac,archive_(1)_ASVspoof2019_LA,audio,bonafide,0,train,.flac
C:\Users\paruc\Downloads\archive (1)\LA\LA\ASVspoof2019_LA_dev\flac\LA_D_2263211.flac,archive_(1)_ASVspoof2019_LA,audio,spoof,1,train,.flac
C:\Users\paruc\Downloads\archive (1)\LA\LA\ASVspoof2019_LA_dev\flac\LA_D_8081020.flac,archive_(1)_ASVspoof2019_LA,audio,spoof,1,train,.flac
C:\Users\paruc\Downloads\archive (1)\LA\LA\ASVspoof2019_LA_dev\flac\LA_D_4204929.flac,archive_(1)_ASVspoof2019_LA,audio,spoof,1,train,.flac
C:\Users\paruc\Downloads\archive (1)\LA\LA\ASVspoof2019_LA_dev\flac\LA_D_8611140.flac,archive_(1)_ASVspoof2019_LA,audio,spoof,1,train,.flac
C:\Users\paruc\Downloads\archive (1)\LA\LA\ASVspoof2019_LA_dev\flac\LA_D_1211631.flac,archive_(1)_ASVspoof2019_LA,audio,spoof,1,train,.flac
C:\Users\paruc\Downloads\archive (1)\LA\LA\ASVspoof2019_LA_dev\flac\LA_D_7374412.flac,archive_(1)_ASVspoof2019_LA,audio,spoof,1,train,.flac
C:\Users\paruc\Downloads\archive (1)\LA\LA\ASVspoof2019_LA_dev\flac\LA_D_3461825.flac,archive_(1)_ASVspoof2019_LA,audio,spoof,1,train,.flac
C:\Users\paruc\Downloads\archive (1)\LA\LA\ASVspoof2019_LA_dev\flac\LA_D_1245754.flac,archive_(1)_ASVspoof2019_LA,audio,bonafide,0,train,.flac
C:\Users\paruc\Downloads\archive (1)\LA\LA\ASVspoof2019_LA_dev\flac\LA_D_1463984.flac,archive_(1)_ASVspoof2019_LA,audio,spoof,1,train,.flac
C:\Users\paruc\Downloads\archive (1)\LA\LA\ASVspoof2019_LA_dev\flac\LA_D_9134485.flac,archive_(1)_ASVspoof2019_LA,audio,spoof,1,train,.flac
C:\Users\paruc\Downloads\archive (1)\LA\LA\ASVspoof2019_LA_dev\flac\LA_D_2923426.flac,archive_(1)_ASVspoof2019_LA,audio,bonafide,0,train,.flac
C:\Users\paruc\Downloads\archive (1)\LA\LA\ASVspoof2019_LA_dev\flac\LA_D_4954705.flac,archive_(1)_ASVspoof2019_LA,audio,spoof,1,train,.flac
C:\Users\paruc\Downloads\archive (1)\LA\LA\ASVspoof2019_LA_dev\flac\LA_D_6160000.flac,archive_(1)_ASVspoof2019_LA,audio,bonafide,0,train,.flac
C:\Users\paruc\Downloads\archive (1)\LA\LA\ASVspoof2019_LA_dev\flac\LA_D_3279100.flac,archive_(1)_ASVspoof2019_LA,audio,bonafide,0,train,.flac
C:\Users\paruc\Downloads\archive (1)\LA\LA\ASVspoof2019_LA_dev\flac\LA_D_8594739.flac,archive_(1)_ASVspoof2019_LA,audio,spoof,1,train,.flac
C:\Users\paruc\Downloads\archive (1)\LA\LA\ASVspoof2019_LA_dev\flac\LA_D_7704954.flac,archive_(1)_ASVspoof2019_LA,audio,bonafide,0,train,.flac
C:\Users\paruc\Downloads\archive (1)\LA\LA\ASVspoof2019_LA_dev\flac\LA_D_4235390.flac,archive_(1)_ASVspoof2019_LA,audio,bonafide,0,train,.flac
C:\Users\paruc\Downloads\archive (1)\LA\LA\ASVspoof2019_LA_dev\flac\LA_D_2017251.flac,archive_(1)_ASVspoof2019_LA,audio,bonafide,0,train,.flac
C:\Users\paruc\Downloads\archive (1)\LA\LA\ASVspoof2019_LA_dev\flac\LA_D_3526885.flac,archive_(1)_ASVspoof2019_LA,audio,bonafide,0,train,.flac
C:\Users\paruc\Downloads\archive (1)\LA\LA\ASVspoof2019_LA_dev\flac\LA_D_7269236.flac,archive_(1)_ASVspoof2019_LA,audio,bonafide,0,train,.flac
C:\Users\paruc\Downloads\archive (1)\LA\LA\ASVspoof2019_LA_dev\flac\LA_D_6304222.flac,archive_(1)_ASVspoof2019_LA,audio,bonafide,0,train,.flac
C:\Users\paruc\Downloads\archive (1)\LA\LA\ASVspoof2019_LA_dev\flac\LA_D_1943029.flac,archive_(1)_ASVspoof2019_LA,audio,bonafide,0,train,.flac
C:\Users\paruc\Downloads\archive (1)\LA\LA\ASVspoof2019_LA_dev\flac\LA_D_1240976.flac,archive_(1)_ASVspoof2019_LA,audio,bonafide,0,train,.flac
C:\Users\paruc\Downloads\archive (1)\LA\LA\ASVspoof2019_LA_dev\flac\LA_D_4106360.flac,archive_(1)_ASVspoof2019_LA,audio,bonafide,0,train,.flac
C:\Users\paruc\Downloads\archive (1)\LA\LA\ASVspoof2019_LA_dev\flac\LA_D_7150561.flac,archive_(1)_ASVspoof2019_LA,audio,bonafide,0,train,.flac
C:\Users\paruc\Downloads\archive (1)\LA\LA\ASVspoof2019_LA_dev\flac\LA_D_4764117.flac,archive_(1)_ASVspoof2019_LA,audio,spoof,1,train,.flac
C:\Users\paruc\Downloads\archive (1)\LA\LA\ASVspoof2019_LA_dev\flac\LA_D_2407623.flac,archive_(1)_ASVspoof2019_LA,audio,bonafide,0,train,.flac
C:\Users\paruc\Downloads\archive (1)\LA\LA\ASVspoof2019_LA_dev\flac\LA_D_7308100.flac,archive_(1)_ASVspoof2019_LA,audio,spoof,1,train,.flac
C:\Users\paruc\Downloads\archive (1)\LA\LA\ASVspoof2019_LA_dev\flac\LA_D_4124707.flac,archive_(1)_ASVspoof2019_LA,audio,bonafide,0,train,.flac
C:\Users\paruc\Downloads\archive (1)\LA\LA\ASVspoof2019_LA_dev\flac\LA_D_5128130.flac,archive_(1)_ASVspoof2019_LA,audio,spoof,1,train,.flac
C:\Users\paruc\Downloads\archive (1)\LA\LA\ASVspoof2019_LA_dev\flac\LA_D_1853465.flac,archive_(1)_ASVspoof2019_LA,audio,spoof,1,train,.flac
C:\Users\paruc\Downloads\archive (1)\LA\LA\ASVspoof2019_LA_dev\flac\LA_D_7623757.flac,archive_(1)_ASVspoof2019_LA,audio,spoof,1,train,.flac
C:\Users\paruc\Downloads\archive (1)\LA\LA\ASVspoof2019_LA_dev\flac\LA_D_6548870.flac,archive_(1)_ASVspoof2019_LA,audio,bonafide,0,train,.flac
C:\Users\paruc\Downloads\archive (1)\LA\LA\ASVspoof2019_LA_dev\flac\LA_D_5484649.flac,archive_(1)_ASVspoof2019_LA,audio,spoof,1,train,.flac
C:\Users\paruc\Downloads\archive (1)\LA\LA\ASVspoof2019_LA_dev\flac\LA_D_9043493.flac,archive_(1)_ASVspoof2019_LA,audio,spoof,1,train,.flac
C:\Users\paruc\Downloads\archive (1)\LA\LA\ASVspoof2019_LA_dev\flac\LA_D_3332120.flac,archive_(1)_ASVspoof2019_LA,audio,spoof,1,train,.flac
C:\Users\paruc\Downloads\archive (1)\LA\LA\ASVspoof2019_LA_dev\flac\LA_D_5539710.flac,archive_(1)_ASVspoof2019_LA,audio,bonafide,0,train,.flac
C:\Users\paruc\Downloads\archive (1)\LA\LA\ASVspoof2019_LA_dev\flac\LA_D_3794623.flac,archive_(1)_ASVspoof2019_LA,audio,spoof,1,train,.flac
C:\Users\paruc\Downloads\archive (1)\LA\LA\ASVspoof2019_LA_dev\flac\LA_D_4758741.flac,archive_(1)_ASVspoof2019_LA,audio,spoof,1,train,.flac
C:\Users\paruc\Downloads\archive (1)\LA\LA\ASVspoof2019_LA_dev\flac\LA_D_4428897.flac,archive_(1)_ASVspoof2019_LA,audio,bonafide,0,train,.flac
C:\Users\paruc\Downloads\archive (1)\LA\LA\ASVspoof2019_LA_dev\flac\LA_D_5651240.flac,archive_(1)_ASVspoof2019_LA,audio,bonafide,0,train,.flac
C:\Users\paruc\Downloads\archive (1)\LA\LA\ASVspoof2019_LA_dev\flac\LA_D_5273164.flac,archive_(1)_ASVspoof2019_LA,audio,bonafide,0,train,.flac
C:\Users\paruc\Downloads\archive (1)\LA\LA\ASVspoof2019_LA_dev\flac\LA_D_7160972.flac,archive_(1)_ASVspoof2019_LA,audio,bonafide,0,train,.flac
C:\Users\paruc\Downloads\archive (1)\LA\LA\ASVspoof2019_LA_dev\flac\LA_D_2815191.flac,archive_(1)_ASVspoof2019_LA,audio,spoof,1,train,.flac
C:\Users\paruc\Downloads\archive (1)\LA\LA\ASVspoof2019_LA_dev\flac\LA_D_5431156.flac,archive_(1)_ASVspoof2019_LA,audio,bonafide,0,train,.flac
C:\Users\paruc\Downloads\archive (1)\LA\LA\ASVspoof2019_LA_dev\flac\LA_D_1946747.flac,archive_(1)_ASVspoof2019_LA,audio,spoof,1,train,.flac
C:\Users\paruc\Downloads\archive (1)\LA\LA\ASVspoof2019_LA_dev\flac\LA_D_5110502.flac,archive_(1)_ASVspoof2019_LA,audio,bonafide,0,train,.flac
C:\Users\paruc\Downloads\archive (1)\LA\LA\ASVspoof2019_LA_dev\flac\LA_D_4156717.flac,archive_(1)_ASVspoof2019_LA,audio,spoof,1,train,.flac
C:\Users\paruc\Downloads\archive (1)\LA\LA\ASVspoof2019_LA_dev\flac\LA_D_2723178.flac,archive_(1)_ASVspoof2019_LA,audio,bonafide,0,train,.flac
C:\Users\paruc\Downloads\archive (1)\LA\LA\ASVspoof2019_LA_dev\flac\LA_D_8116371.flac,archive_(1)_ASVspoof2019_LA,audio,spoof,1,train,.flac
C:\Users\paruc\Downloads\archive (1)\LA\LA\ASVspoof2019_LA_dev\flac\LA_D_8168878.flac,archive_(1)_ASVspoof2019_LA,audio,spoof,1,train,.flac
C:\Users\paruc\Downloads\archive (1)\LA\LA\ASVspoof2019_LA_dev\flac\LA_D_8572375.flac,archive_(1)_ASVspoof2019_LA,audio,bonafide,0,train,.flac
C:\Users\paruc\Downloads\archive (1)\LA\LA\ASVspoof2019_LA_dev\flac\LA_D_5093056.flac,archive_(1)_ASVspoof2019_LA,audio,bonafide,0,train,.flac
C:\Users\paruc\Downloads\archive (1)\LA\LA\ASVspoof2019_LA_dev\flac\LA_D_5199254.flac,archive_(1)_ASVspoof2019_LA,audio,spoof,1,train,.flac
C:\Users\paruc\Downloads\archive (1)\LA\LA\ASVspoof2019_LA_dev\flac\LA_D_5005167.flac,archive_(1)_ASVspoof2019_LA,audio,spoof,1,train,.flac
C:\Users\paruc\Downloads\archive (1)\LA\LA\ASVspoof2019_LA_dev\flac\LA_D_7612426.flac,archive_(1)_ASVspoof2019_LA,audio,bonafide,0,train,.flac
C:\Users\paruc\Downloads\archive (1)\LA\LA\ASVspoof2019_LA_dev\flac\LA_D_5246247.flac,archive_(1)_ASVspoof2019_LA,audio,spoof,1,train,.flac
C:\Users\paruc\Downloads\archive (1)\LA\LA\ASVspoof2019_LA_dev\flac\LA_D_7039466.flac,archive_(1)_ASVspoof2019_LA,audio,bonafide,0,train,.flac
C:\Users\paruc\Downloads\archive (1)\LA\LA\ASVspoof2019_LA_dev\flac\LA_D_7559615.flac,archive_(1)_ASVspoof2019_LA,audio,spoof,1,train,.flac
C:\Users\paruc\Downloads\archive (1)\LA\LA\ASVspoof2019_LA_dev\flac\LA_D_4223627.flac,archive_(1)_ASVspoof2019_LA,audio,bonafide,0,train,.flac
C:\Users\paruc\Downloads\archive (1)\LA\LA\ASVspoof2019_LA_dev\flac\LA_D_6353335.flac,archive_(1)_ASVspoof2019_LA,audio,bonafide,0,train,.flac
C:\Users\paruc\Downloads\archive (1)\LA\LA\ASVspoof2019_LA_dev\flac\LA_D_7389015.flac,archive_(1)_ASVspoof2019_LA,audio,spoof,1,train,.flac
C:\Users\paruc\Downloads\archive (1)\LA\LA\ASVspoof2019_LA_dev\flac\LA_D_5383174.flac,archive_(1)_ASVspoof2019_LA,audio,bonafide,0,train,.flac
C:\Users\paruc\Downloads\archive (1)\LA\LA\ASVspoof2019_LA_dev\flac\LA_D_6212794.flac,archive_(1)_ASVspoof2019_LA,audio,spoof,1,train,.flac
C:\Users\paruc\Downloads\archive (1)\LA\LA\ASVspoof2019_LA_dev\flac\LA_D_4551946.flac,archive_(1)_ASVspoof2019_LA,audio,spoof,1,train,.flac
C:\Users\paruc\Downloads\archive (1)\LA\LA\ASVspoof2019_LA_dev\flac\LA_D_5262821.flac,archive_(1)_ASVspoof2019_LA,audio,bonafide,0,train,.flac
C:\Users\paruc\Downloads\archive (1)\LA\LA\ASVspoof2019_LA_dev\flac\LA_D_6338898.flac,archive_(1)_ASVspoof2019_LA,audio,bonafide,0,train,.flac
C:\Users\paruc\Downloads\archive (1)\LA\LA\ASVspoof2019_LA_dev\flac\LA_D_9384056.flac,archive_(1)_ASVspoof2019_LA,audio,spoof,1,train,.flac
C:\Users\paruc\Downloads\archive (1)\LA\LA\ASVspoof2019_LA_dev\flac\LA_D_1072893.flac,archive_(1)_ASVspoof2019_LA,audio,bonafide,0,train,.flac
C:\Users\paruc\Downloads\archive (1)\LA\LA\ASVspoof2019_LA_dev\flac\LA_D_9884114.flac,archive_(1)_ASVspoof2019_LA,audio,bonafide,0,train,.flac
C:\Users\paruc\Downloads\archive (1)\LA\LA\ASVspoof2019_LA_dev\flac\LA_D_1411178.flac,archive_(1)_ASVspoof2019_LA,audio,spoof,1,train,.flac
C:\Users\paruc\Downloads\archive (1)\LA\LA\ASVspoof2019_LA_dev\flac\LA_D_4014487.flac,archive_(1)_ASVspoof2019_LA,audio,bonafide,0,train,.flac
C:\Users\paruc\Downloads\archive (1)\LA\LA\ASVspoof2019_LA_dev\flac\LA_D_7130250.flac,archive_(1)_ASVspoof2019_LA,audio,bonafide,0,train,.flac
C:\Users\paruc\Downloads\archive (1)\LA\LA\ASVspoof2019_LA_dev\flac\LA_D_2759665.flac,archive_(1)_ASVspoof2019_LA,audio,spoof,1,train,.flac
C:\Users\paruc\Downloads\archive (1)\LA\LA\ASVspoof2019_LA_dev\flac\LA_D_7368863.flac,archive_(1)_ASVspoof2019_LA,audio,spoof,1,train,.flac
C:\Users\paruc\Downloads\archive (1)\LA\LA\ASVspoof2019_LA_dev\flac\LA_D_5518780.flac,archive_(1)_ASVspoof2019_LA,audio,spoof,1,train,.flac
C:\Users\paruc\Downloads\archive (1)\LA\LA\ASVspoof2019_LA_dev\flac\LA_D_4606004.flac,archive_(1)_ASVspoof2019_LA,audio,bonafide,0,train,.flac
C:\Users\paruc\Downloads\archive (1)\LA\LA\ASVspoof2019_LA_dev\flac\LA_D_7620311.flac,archive_(1)_ASVspoof2019_LA,audio,spoof,1,train,.flac
C:\Users\paruc\Downloads\archive (1)\LA\LA\ASVspoof2019_LA_dev\flac\LA_D_4041525.flac,archive_(1)_ASVspoof2019_LA,audio,bonafide,0,train,.flac
C:\Users\paruc\Downloads\archive (1)\LA\LA\ASVspoof2019_LA_dev\flac\LA_D_6972066.flac,archive_(1)_ASVspoof2019_LA,audio,bonafide,0,train,.flac
C:\Users\paruc\Downloads\archive (1)\LA\LA\ASVspoof2019_LA_dev\flac\LA_D_6516226.flac,archive_(1)_ASVspoof2019_LA,audio,bonafide,0,train,.flac
C:\Users\paruc\Downloads\archive (1)\LA\LA\ASVspoof2019_LA_dev\flac\LA_D_4321631.flac,archive_(1)_ASVspoof2019_LA,audio,spoof,1,train,.flac
C:\Users\paruc\Downloads\archive (1)\LA\LA\ASVspoof2019_LA_dev\flac\LA_D_2939086.flac,archive_(1)_ASVspoof2019_LA,audio,spoof,1,train,.flac
C:\Users\paruc\Downloads\archive (1)\LA\LA\ASVspoof2019_LA_dev\flac\LA_D_6639331.flac,archive_(1)_ASVspoof2019_LA,audio,bonafide,0,train,.flac
C:\Users\paruc\Downloads\archive (1)\LA\LA\ASVspoof2019_LA_dev\flac\LA_D_3053810.flac,archive_(1)_ASVspoof2019_LA,audio,spoof,1,train,.flac
C:\Users\paruc\Downloads\archive (1)\LA\LA\ASVspoof2019_LA_dev\flac\LA_D_6253995.flac,archive_(1)_ASVspoof2019_LA,audio,spoof,1,train,.flac
C:\Users\paruc\Downloads\archive (1)\LA\LA\ASVspoof2019_LA_dev\flac\LA_D_2966111.flac,archive_(1)_ASVspoof2019_LA,audio,spoof,1,train,.flac
C:\Users\paruc\Downloads\archive (1)\LA\LA\ASVspoof2019_LA_dev\flac\LA_D_5674440.flac,archive_(1)_ASVspoof2019_LA,audio,bonafide,0,train,.flac
C:\Users\paruc\Downloads\archive (1)\LA\LA\ASVspoof2019_LA_dev\flac\LA_D_9092221.flac,archive_(1)_ASVspoof2019_LA,audio,spoof,1,train,.flac
C:\Users\paruc\Downloads\archive (1)\LA\LA\ASVspoof2019_LA_dev\flac\LA_D_5332246.flac,archive_(1)_ASVspoof2019_LA,audio,spoof,1,train,.flac
C:\Users\paruc\Downloads\archive (1)\LA\LA\ASVspoof2019_LA_dev\flac\LA_D_4362559.flac,archive_(1)_ASVspoof2019_LA,audio,spoof,1,train,.flac
C:\Users\paruc\Downloads\archive (1)\LA\LA\ASVspoof2019_LA_dev\flac\LA_D_8592862.flac,archive_(1)_ASVspoof2019_LA,audio,spoof,1,train,.flac
C:\Users\paruc\Downloads\archive (1)\LA\LA\ASVspoof2019_LA_dev\flac\LA_D_5520997.flac,archive_(1)_ASVspoof2019_LA,audio,spoof,1,train,.flac
C:\Users\paruc\Downloads\archive (1)\LA\LA\ASVspoof2019_LA_dev\flac\LA_D_3519840.flac,archive_(1)_ASVspoof2019_LA,audio,bonafide,0,train,.flac
C:\Users\paruc\Downloads\archive (1)\LA\LA\ASVspoof2019_LA_dev\flac\LA_D_6529379.flac,archive_(1)_ASVspoof2019_LA,audio,bonafide,0,train,.flac
C:\Users\paruc\Downloads\archive (1)\LA\LA\ASVspoof2019_LA_dev\flac\LA_D_6495848.flac,archive_(1)_ASVspoof2019_LA,audio,bonafide,0,train,.flac
C:\Users\paruc\Downloads\archive (1)\LA\LA\ASVspoof2019_LA_dev\flac\LA_D_5621483.flac,archive_(1)_ASVspoof2019_LA,audio,spoof,1,train,.flac
C:\Users\paruc\Downloads\archive (1)\LA\LA\ASVspoof2019_LA_dev\flac\LA_D_1264718.flac,archive_(1)_ASVspoof2019_LA,audio,spoof,1,train,.flac
C:\Users\paruc\Downloads\archive (1)\LA\LA\ASVspoof2019_LA_dev\flac\LA_D_8302640.flac,archive_(1)_ASVspoof2019_LA,audio,bonafide,0,train,.flac
C:\Users\paruc\Downloads\archive (1)\LA\LA\ASVspoof2019_LA_dev\flac\LA_D_2613151.flac,archive_(1)_ASVspoof2019_LA,audio,spoof,1,train,.flac
C:\Users\paruc\Downloads\archive (1)\LA\LA\ASVspoof2019_LA_dev\flac\LA_D_5629651.flac,archive_(1)_ASVspoof2019_LA,audio,spoof,1,train,.flac
C:\Users\paruc\Downloads\archive (1)\LA\LA\ASVspoof2019_LA_dev\flac\LA_D_2156985.flac,archive_(1)_ASVspoof2019_LA,audio,bonafide,0,train,.flac
C:\Users\paruc\Downloads\archive (1)\LA\LA\ASVspoof2019_LA_dev\flac\LA_D_1523483.flac,archive_(1)_ASVspoof2019_LA,audio,bonafide,0,train,.flac
C:\Users\paruc\Downloads\archive (1)\LA\LA\ASVspoof2019_LA_dev\flac\LA_D_4134720.flac,archive_(1)_ASVspoof2019_LA,audio,spoof,1,train,.flac
C:\Users\paruc\Downloads\archive (1)\LA\LA\ASVspoof2019_LA_dev\flac\LA_D_3448074.flac,archive_(1)_ASVspoof2019_LA,audio,bonafide,0,train,.flac
C:\Users\paruc\Downloads\archive (1)\LA\LA\ASVspoof2019_LA_dev\flac\LA_D_5456485.flac,archive_(1)_ASVspoof2019_LA,audio,spoof,1,train,.flac
C:\Users\paruc\Downloads\archive (1)\LA\LA\ASVspoof2019_LA_dev\flac\LA_D_3206059.flac,archive_(1)_ASVspoof2019_LA,audio,spoof,1,train,.flac
C:\Users\paruc\Downloads\archive (1)\LA\LA\ASVspoof2019_LA_dev\flac\LA_D_3673082.flac,archive_(1)_ASVspoof2019_LA,audio,spoof,1,train,.flac
C:\Users\paruc\Downloads\archive (1)\LA\LA\ASVspoof2019_LA_dev\flac\LA_D_6302480.flac,archive_(1)_ASVspoof2019_LA,audio,bonafide,0,train,.flac
C:\Users\paruc\Downloads\archive (1)\LA\LA\ASVspoof2019_LA_dev\flac\LA_D_9954386.flac,archive_(1)_ASVspoof2019_LA,audio,bonafide,0,train,.flac
C:\Users\paruc\Downloads\archive (1)\LA\LA\ASVspoof2019_LA_dev\flac\LA_D_3542619.flac,archive_(1)_ASVspoof2019_LA,audio,bonafide,0,train,.flac
C:\Users\paruc\Downloads\archive (1)\LA\LA\ASVspoof2019_LA_dev\flac\LA_D_5497034.flac,archive_(1)_ASVspoof2019_LA,audio,bonafide,0,train,.flac
C:\Users\paruc\Downloads\archive (1)\LA\LA\ASVspoof2019_LA_dev\flac\LA_D_5558598.flac,archive_(1)_ASVspoof2019_LA,audio,spoof,1,train,.flac
C:\Users\paruc\Downloads\archive (1)\LA\LA\ASVspoof2019_LA_dev\flac\LA_D_2808846.flac,archive_(1)_ASVspoof2019_LA,audio,spoof,1,train,.flac
C:\Users\paruc\Downloads\archive (1)\LA\LA\ASVspoof2019_LA_dev\flac\LA_D_7559885.flac,archive_(1)_ASVspoof2019_LA,audio,bonafide,0,train,.flac
C:\Users\paruc\Downloads\archive (1)\LA\LA\ASVspoof2019_LA_dev\flac\LA_D_1081764.flac,archive_(1)_ASVspoof2019_LA,audio,spoof,1,train,.flac
C:\Users\paruc\Downloads\archive (1)\LA\LA\ASVspoof2019_LA_dev\flac\LA_D_1882065.flac,archive_(1)_ASVspoof2019_LA,audio,bonafide,0,train,.flac
C:\Users\paruc\Downloads\archive (1)\LA\LA\ASVspoof2019_LA_dev\flac\LA_D_1433129.flac,archive_(1)_ASVspoof2019_LA,audio,spoof,1,train,.flac
C:\Users\paruc\Downloads\archive (1)\LA\LA\ASVspoof2019_LA_dev\flac\LA_D_9841018.flac,archive_(1)_ASVspoof2019_LA,audio,spoof,1,train,.flac
C:\Users\paruc\Downloads\archive (1)\LA\LA\ASVspoof2019_LA_dev\flac\LA_D_1042553.flac,archive_(1)_ASVspoof2019_LA,audio,spoof,1,train,.flac
C:\Users\paruc\Downloads\archive (1)\LA\LA\ASVspoof2019_LA_dev\flac\LA_D_2658622.flac,archive_(1)_ASVspoof2019_LA,audio,bonafide,0,train,.flac
C:\Users\paruc\Downloads\archive (1)\LA\LA\ASVspoof2019_LA_dev\flac\LA_D_9706957.flac,archive_(1)_ASVspoof2019_LA,audio,bonafide,0,train,.flac
C:\Users\paruc\Downloads\archive (1)\LA\LA\ASVspoof2019_LA_dev\flac\LA_D_1179848.flac,archive_(1)_ASVspoof2019_LA,audio,bonafide,0,train,.flac
C:\Users\paruc\Downloads\archive (1)\LA\LA\ASVspoof2019_LA_dev\flac\LA_D_7878150.flac,archive_(1)_ASVspoof2019_LA,audio,spoof,1,train,.flac
C:\Users\paruc\Downloads\archive (1)\LA\LA\ASVspoof2019_LA_dev\flac\LA_D_8874413.flac,archive_(1)_ASVspoof2019_LA,audio,spoof,1,train,.flac
C:\Users\paruc\Downloads\archive (1)\LA\LA\ASVspoof2019_LA_dev\flac\LA_D_4876121.flac,archive_(1)_ASVspoof2019_LA,audio,bonafide,0,train,.flac
C:\Users\paruc\Downloads\archive (1)\LA\LA\ASVspoof2019_LA_dev\flac\LA_D_6434693.flac,archive_(1)_ASVspoof2019_LA,audio,bonafide,0,train,.flac
C:\Users\paruc\Downloads\archive (1)\LA\LA\ASVspoof2019_LA_dev\flac\LA_D_1330775.flac,archive_(1)_ASVspoof2019_LA,audio,bonafide,0,train,.flac
C:\Users\paruc\Downloads\archive (1)\LA\LA\ASVspoof2019_LA_dev\flac\LA_D_8099644.flac,archive_(1)_ASVspoof2019_LA,audio,bonafide,0,train,.flac
C:\Users\paruc\Downloads\archive (1)\LA\LA\ASVspoof2019_LA_dev\flac\LA_D_8088423.flac,archive_(1)_ASVspoof2019_LA,audio,spoof,1,train,.flac
C:\Users\paruc\Downloads\archive (1)\LA\LA\ASVspoof2019_LA_dev\flac\LA_D_5401021.flac,archive_(1)_ASVspoof2019_LA,audio,spoof,1,train,.flac
C:\Users\paruc\Downloads\archive (1)\LA\LA\ASVspoof2019_LA_dev\flac\LA_D_6700006.flac,archive_(1)_ASVspoof2019_LA,audio,bonafide,0,train,.flac
C:\Users\paruc\Downloads\archive (1)\LA\LA\ASVspoof2019_LA_dev\flac\LA_D_4740253.flac,archive_(1)_ASVspoof2019_LA,audio,spoof,1,train,.flac
C:\Users\paruc\Downloads\archive (1)\LA\LA\ASVspoof2019_LA_dev\flac\LA_D_4158867.flac,archive_(1)_ASVspoof2019_LA,audio,spoof,1,train,.flac
C:\Users\paruc\Downloads\archive (1)\LA\LA\ASVspoof2019_LA_dev\flac\LA_D_9325677.flac,archive_(1)_ASVspoof2019_LA,audio,spoof,1,train,.flac
C:\Users\paruc\Downloads\archive (1)\LA\LA\ASVspoof2019_LA_dev\flac\LA_D_2266995.flac,archive_(1)_ASVspoof2019_LA,audio,spoof,1,train,.flac
C:\Users\paruc\Downloads\archive (1)\LA\LA\ASVspoof2019_LA_dev\flac\LA_D_4500243.flac,archive_(1)_ASVspoof2019_LA,audio,bonafide,0,train,.flac
C:\Users\paruc\Downloads\archive (1)\LA\LA\ASVspoof2019_LA_dev\flac\LA_D_1993949.flac,archive_(1)_ASVspoof2019_LA,audio,bonafide,0,train,.flac
C:\Users\paruc\Downloads\archive (1)\LA\LA\ASVspoof2019_LA_dev\flac\LA_D_6123683.flac,archive_(1)_ASVspoof2019_LA,audio,spoof,1,train,.flac
C:\Users\paruc\Downloads\archive (1)\LA\LA\ASVspoof2019_LA_dev\flac\LA_D_8008117.flac,archive_(1)_ASVspoof2019_LA,audio,bonafide,0,train,.flac
C:\Users\paruc\Downloads\archive (1)\LA\LA\ASVspoof2019_LA_dev\flac\LA_D_2480484.flac,archive_(1)_ASVspoof2019_LA,audio,spoof,1,train,.flac
C:\Users\paruc\Downloads\archive (1)\LA\LA\ASVspoof2019_LA_dev\flac\LA_D_6626918.flac,archive_(1)_ASVspoof2019_LA,audio,spoof,1,train,.flac
C:\Users\paruc\Downloads\archive (1)\LA\LA\ASVspoof2019_LA_dev\flac\LA_D_6308295.flac,archive_(1)_ASVspoof2019_LA,audio,bonafide,0,train,.flac
C:\Users\paruc\Downloads\archive (1)\LA\LA\ASVspoof2019_LA_dev\flac\LA_D_5851479.flac,archive_(1)_ASVspoof2019_LA,audio,spoof,1,train,.flac
C:\Users\paruc\Downloads\archive (1)\LA\LA\ASVspoof2019_LA_dev\flac\LA_D_3547565.flac,archive_(1)_ASVspoof2019_LA,audio,bonafide,0,train,.flac
C:\Users\paruc\Downloads\archive (1)\LA\LA\ASVspoof2019_LA_dev\flac\LA_D_7097849.flac,archive_(1)_ASVspoof2019_LA,audio,bonafide,0,train,.flac
C:\Users\paruc\Downloads\archive (1)\LA\LA\ASVspoof2019_LA_dev\flac\LA_D_4130767.flac,archive_(1)_ASVspoof2019_LA,audio,bonafide,0,train,.flac
C:\Users\paruc\Downloads\archive (1)\LA\LA\ASVspoof2019_LA_dev\flac\LA_D_4367665.flac,archive_(1)_ASVspoof2019_LA,audio,bonafide,0,train,.flac
C:\Users\paruc\Downloads\archive (1)\LA\LA\ASVspoof2019_LA_dev\flac\LA_D_6553349.flac,archive_(1)_ASVspoof2019_LA,audio,spoof,1,train,.flac
C:\Users\paruc\Downloads\archive (1)\LA\LA\ASVspoof2019_LA_dev\flac\LA_D_6838449.flac,archive_(1)_ASVspoof2019_LA,audio,bonafide,0,train,.flac
C:\Users\paruc\Downloads\archive (1)\LA\LA\ASVspoof2019_LA_dev\flac\LA_D_2062744.flac,archive_(1)_ASVspoof2019_LA,audio,bonafide,0,train,.flac
C:\Users\paruc\Downloads\archive (1)\LA\LA\ASVspoof2019_LA_dev\flac\LA_D_1722779.flac,archive_(1)_ASVspoof2019_LA,audio,bonafide,0,train,.flac
C:\Users\paruc\Downloads\archive (1)\LA\LA\ASVspoof2019_LA_dev\flac\LA_D_1158260.flac,archive_(1)_ASVspoof2019_LA,audio,spoof,1,train,.flac
C:\Users\paruc\Downloads\archive (1)\LA\LA\ASVspoof2019_LA_dev\flac\LA_D_5437365.flac,archive_(1)_ASVspoof2019_LA,audio,spoof,1,train,.flac
C:\Users\paruc\Downloads\archive (1)\LA\LA\ASVspoof2019_LA_dev\flac\LA_D_3770674.flac,archive_(1)_ASVspoof2019_LA,audio,bonafide,0,train,.flac
C:\Users\paruc\Downloads\archive (1)\LA\LA\ASVspoof2019_LA_dev\flac\LA_D_5267968.flac,archive_(1)_ASVspoof2019_LA,audio,spoof,1,train,.flac
C:\Users\paruc\Downloads\archive (1)\LA\LA\ASVspoof2019_LA_dev\flac\LA_D_3444243.flac,archive_(1)_ASVspoof2019_LA,audio,spoof,1,train,.flac
C:\Users\paruc\Downloads\archive (1)\LA\LA\ASVspoof2019_LA_dev\flac\LA_D_1879957.flac,archive_(1)_ASVspoof2019_LA,audio,bonafide,0,train,.flac
C:\Users\paruc\Downloads\archive (1)\LA\LA\ASVspoof2019_LA_dev\flac\LA_D_7400234.flac,archive_(1)_ASVspoof2019_LA,audio,spoof,1,train,.flac
C:\Users\paruc\Downloads\archive (1)\LA\LA\ASVspoof2019_LA_dev\flac\LA_D_6539878.flac,archive_(1)_ASVspoof2019_LA,audio,bonafide,0,train,.flac
C:\Users\paruc\Downloads\archive (1)\LA\LA\ASVspoof2019_LA_dev\flac\LA_D_2311237.flac,archive_(1)_ASVspoof2019_LA,audio,bonafide,0,train,.flac
C:\Users\paruc\Downloads\archive (1)\LA\LA\ASVspoof2019_LA_dev\flac\LA_D_8037358.flac,archive_(1)_ASVspoof2019_LA,audio,bonafide,0,train,.flac
C:\Users\paruc\Downloads\archive (1)\LA\LA\ASVspoof2019_LA_dev\flac\LA_D_4723558.flac,archive_(1)_ASVspoof2019_LA,audio,bonafide,0,train,.flac
C:\Users\paruc\Downloads\archive (1)\LA\LA\ASVspoof2019_LA_dev\flac\LA_D_6662010.flac,archive_(1)_ASVspoof2019_LA,audio,spoof,1,train,.flac
C:\Users\paruc\Downloads\archive (1)\LA\LA\ASVspoof2019_LA_dev\flac\LA_D_7207516.flac,archive_(1)_ASVspoof2019_LA,audio,spoof,1,train,.flac
C:\Users\paruc\Downloads\archive (1)\LA\LA\ASVspoof2019_LA_dev\flac\LA_D_7350476.flac,archive_(1)_ASVspoof2019_LA,audio,spoof,1,train,.flac
C:\Users\paruc\Downloads\archive (1)\LA\LA\ASVspoof2019_LA_dev\flac\LA_D_3836344.flac,archive_(1)_ASVspoof2019_LA,audio,bonafide,0,train,.flac
C:\Users\paruc\Downloads\archive (1)\LA\LA\ASVspoof2019_LA_dev\flac\LA_D_2777831.flac,archive_(1)_ASVspoof2019_LA,audio,spoof,1,train,.flac
C:\Users\paruc\Downloads\archive (1)\LA\LA\ASVspoof2019_LA_dev\flac\LA_D_6273410.flac,archive_(1)_ASVspoof2019_LA,audio,spoof,1,train,.flac
C:\Users\paruc\Downloads\archive (1)\LA\LA\ASVspoof2019_LA_dev\flac\LA_D_9821908.flac,archive_(1)_ASVspoof2019_LA,audio,bonafide,0,train,.flac
C:\Users\paruc\Downloads\archive (1)\LA\LA\ASVspoof2019_LA_dev\flac\LA_D_7481545.flac,archive_(1)_ASVspoof2019_LA,audio,spoof,1,train,.flac
C:\Users\paruc\Downloads\archive (1)\LA\LA\ASVspoof2019_LA_dev\flac\LA_D_2512075.flac,archive_(1)_ASVspoof2019_LA,audio,bonafide,0,train,.flac
C:\Users\paruc\Downloads\archive (1)\LA\LA\ASVspoof2019_LA_dev\flac\LA_D_8389167.flac,archive_(1)_ASVspoof2019_LA,audio,spoof,1,train,.flac
C:\Users\paruc\Downloads\archive (1)\LA\LA\ASVspoof2019_LA_dev\flac\LA_D_2991667.flac,archive_(1)_ASVspoof2019_LA,audio,bonafide,0,train,.flac
C:\Users\paruc\Downloads\archive (1)\LA\LA\ASVspoof2019_LA_dev\flac\LA_D_3587114.flac,archive_(1)_ASVspoof2019_LA,audio,spoof,1,train,.flac
C:\Users\paruc\Downloads\archive (1)\LA\LA\ASVspoof2019_LA_dev\flac\LA_D_5564267.flac,archive_(1)_ASVspoof2019_LA,audio,spoof,1,train,.flac
C:\Users\paruc\Downloads\archive (1)\LA\LA\ASVspoof2019_LA_dev\flac\LA_D_5069139.flac,archive_(1)_ASVspoof2019_LA,audio,spoof,1,train,.flac
C:\Users\paruc\Downloads\archive (1)\LA\LA\ASVspoof2019_LA_dev\flac\LA_D_3467485.flac,archive_(1)_ASVspoof2019_LA,audio,bonafide,0,train,.flac
C:\Users\paruc\Downloads\archive (1)\LA\LA\ASVspoof2019_LA_dev\flac\LA_D_3240983.flac,archive_(1)_ASVspoof2019_LA,audio,spoof,1,train,.flac
C:\Users\paruc\Downloads\archive (1)\LA\LA\ASVspoof2019_LA_dev\flac\LA_D_4807296.flac,archive_(1)_ASVspoof2019_LA,audio,bonafide,0,train,.flac
C:\Users\paruc\Downloads\archive (1)\LA\LA\ASVspoof2019_LA_dev\flac\LA_D_5809254.flac,archive_(1)_ASVspoof2019_LA,audio,bonafide,0,train,.flac
C:\Users\paruc\Downloads\archive (1)\LA\LA\ASVspoof2019_LA_dev\flac\LA_D_2230362.flac,archive_(1)_ASVspoof2019_LA,audio,spoof,1,train,.flac
C:\Users\paruc\Downloads\archive (1)\LA\LA\ASVspoof2019_LA_dev\flac\LA_D_9036232.flac,archive_(1)_ASVspoof2019_LA,audio,spoof,1,train,.flac
C:\Users\paruc\Downloads\archive (1)\LA\LA\ASVspoof2019_LA_dev\flac\LA_D_9942874.flac,archive_(1)_ASVspoof2019_LA,audio,bonafide,0,train,.flac
C:\Users\paruc\Downloads\archive (1)\LA\LA\ASVspoof2019_LA_dev\flac\LA_D_3174543.flac,archive_(1)_ASVspoof2019_LA,audio,bonafide,0,train,.flac
C:\Users\paruc\Downloads\archive (1)\LA\LA\ASVspoof2019_LA_dev\flac\LA_D_4046660.flac,archive_(1)_ASVspoof2019_LA,audio,spoof,1,train,.flac
C:\Users\paruc\Downloads\archive (1)\LA\LA\ASVspoof2019_LA_dev\flac\LA_D_9980740.flac,archive_(1)_ASVspoof2019_LA,audio,bonafide,0,train,.flac
C:\Users\paruc\Downloads\archive (1)\LA\LA\ASVspoof2019_LA_dev\flac\LA_D_3842728.flac,archive_(1)_ASVspoof2019_LA,audio,bonafide,0,train,.flac
C:\Users\paruc\Downloads\archive (1)\LA\LA\ASVspoof2019_LA_dev\flac\LA_D_8274833.flac,archive_(1)_ASVspoof2019_LA,audio,bonafide,0,train,.flac
C:\Users\paruc\Downloads\archive (1)\LA\LA\ASVspoof2019_LA_dev\flac\LA_D_3317945.flac,archive_(1)_ASVspoof2019_LA,audio,bonafide,0,train,.flac
C:\Users\paruc\Downloads\archive (1)\LA\LA\ASVspoof2019_LA_dev\flac\LA_D_8652044.flac,archive_(1)_ASVspoof2019_LA,audio,spoof,1,train,.flac
C:\Users\paruc\Downloads\archive (1)\LA\LA\ASVspoof2019_LA_dev\flac\LA_D_8844357.flac,archive_(1)_ASVspoof2019_LA,audio,bonafide,0,train,.flac
C:\Users\paruc\Downloads\archive (1)\LA\LA\ASVspoof2019_LA_dev\flac\LA_D_9937608.flac,archive_(1)_ASVspoof2019_LA,audio,bonafide,0,train,.flac
C:\Users\paruc\Downloads\archive (1)\LA\LA\ASVspoof2019_LA_dev\flac\LA_D_4019987.flac,archive_(1)_ASVspoof2019_LA,audio,spoof,1,train,.flac
C:\Users\paruc\Downloads\archive (1)\LA\LA\ASVspoof2019_LA_dev\flac\LA_D_6799496.flac,archive_(1)_ASVspoof2019_LA,audio,bonafide,0,train,.flac
C:\Users\paruc\Downloads\archive (1)\LA\LA\ASVspoof2019_LA_dev\flac\LA_D_1837988.flac,archive_(1)_ASVspoof2019_LA,audio,bonafide,0,train,.flac
C:\Users\paruc\Downloads\archive (1)\LA\LA\ASVspoof2019_LA_dev\flac\LA_D_1697470.flac,archive_(1)_ASVspoof2019_LA,audio,bonafide,0,train,.flac
C:\Users\paruc\Downloads\archive (1)\LA\LA\ASVspoof2019_LA_dev\flac\LA_D_1580841.flac,archive_(1)_ASVspoof2019_LA,audio,spoof,1,train,.flac
C:\Users\paruc\Downloads\archive (1)\LA\LA\ASVspoof2019_LA_dev\flac\LA_D_4655594.flac,archive_(1)_ASVspoof2019_LA,audio,bonafide,0,train,.flac
C:\Users\paruc\Downloads\archive (1)\LA\LA\ASVspoof2019_LA_dev\flac\LA_D_2889500.flac,archive_(1)_ASVspoof2019_LA,audio,spoof,1,train,.flac
C:\Users\paruc\Downloads\archive (1)\LA\LA\ASVspoof2019_LA_dev\flac\LA_D_2490231.flac,archive_(1)_ASVspoof2019_LA,audio,spoof,1,train,.flac
C:\Users\paruc\Downloads\archive (1)\LA\LA\ASVspoof2019_LA_dev\flac\LA_D_7224171.flac,archive_(1)_ASVspoof2019_LA,audio,spoof,1,train,.flac
C:\Users\paruc\Downloads\archive (1)\LA\LA\ASVspoof2019_LA_dev\flac\LA_D_4574274.flac,archive_(1)_ASVspoof2019_LA,audio,bonafide,0,train,.flac
C:\Users\paruc\Downloads\archive (1)\LA\LA\ASVspoof2019_LA_dev\flac\LA_D_9584404.flac,archive_(1)_ASVspoof2019_LA,audio,bonafide,0,train,.flac
C:\Users\paruc\Downloads\archive (1)\LA\LA\ASVspoof2019_LA_dev\flac\LA_D_9311350.flac,archive_(1)_ASVspoof2019_LA,audio,bonafide,0,train,.flac
C:\Users\paruc\Downloads\archive (1)\LA\LA\ASVspoof2019_LA_dev\flac\LA_D_8087859.flac,archive_(1)_ASVspoof2019_LA,audio,bonafide,0,train,.flac
C:\Users\paruc\Downloads\archive (1)\LA\LA\ASVspoof2019_LA_dev\flac\LA_D_2172148.flac,archive_(1)_ASVspoof2019_LA,audio,bonafide,0,train,.flac
C:\Users\paruc\Downloads\archive (1)\LA\LA\ASVspoof2019_LA_dev\flac\LA_D_4278292.flac,archive_(1)_ASVspoof2019_LA,audio,spoof,1,train,.flac
C:\Users\paruc\Downloads\archive (1)\LA\LA\ASVspoof2019_LA_dev\flac\LA_D_1144331.flac,archive_(1)_ASVspoof2019_LA,audio,bonafide,0,train,.flac
C:\Users\paruc\Downloads\archive (1)\LA\LA\ASVspoof2019_LA_dev\flac\LA_D_3450019.flac,archive_(1)_ASVspoof2019_LA,audio,spoof,1,train,.flac
C:\Users\paruc\Downloads\archive (1)\LA\LA\ASVspoof2019_LA_dev\flac\LA_D_8905184.flac,archive_(1)_ASVspoof2019_LA,audio,bonafide,0,train,.flac
C:\Users\paruc\Downloads\archive (1)\LA\LA\ASVspoof2019_LA_dev\flac\LA_D_6022982.flac,archive_(1)_ASVspoof2019_LA,audio,bonafide,0,train,.flac
C:\Users\paruc\Downloads\archive (1)\LA\LA\ASVspoof2019_LA_dev\flac\LA_D_9525782.flac,archive_(1)_ASVspoof2019_LA,audio,spoof,1,train,.flac
C:\Users\paruc\Downloads\archive (1)\LA\LA\ASVspoof2019_LA_dev\flac\LA_D_8418660.flac,archive_(1)_ASVspoof2019_LA,audio,spoof,1,train,.flac
C:\Users\paruc\Downloads\archive (1)\LA\LA\ASVspoof2019_LA_dev\flac\LA_D_8633579.flac,archive_(1)_ASVspoof2019_LA,audio,bonafide,0,train,.flac
C:\Users\paruc\Downloads\archive (1)\LA\LA\ASVspoof2019_LA_dev\flac\LA_D_2517022.flac,archive_(1)_ASVspoof2019_LA,audio,bonafide,0,train,.flac
C:\Users\paruc\Downloads\archive (1)\LA\LA\ASVspoof2019_LA_dev\flac\LA_D_3044060.flac,archive_(1)_ASVspoof2019_LA,audio,spoof,1,train,.flac
C:\Users\paruc\Downloads\archive (1)\LA\LA\ASVspoof2019_LA_dev\flac\LA_D_8207116.flac,archive_(1)_ASVspoof2019_LA,audio,spoof,1,train,.flac
C:\Users\paruc\Downloads\archive (1)\LA\LA\ASVspoof2019_LA_dev\flac\LA_D_6092752.flac,archive_(1)_ASVspoof2019_LA,audio,bonafide,0,train,.flac
C:\Users\paruc\Downloads\archive (1)\LA\LA\ASVspoof2019_LA_dev\flac\LA_D_4284194.flac,archive_(1)_ASVspoof2019_LA,audio,spoof,1,train,.flac
C:\Users\paruc\Downloads\archive (1)\LA\LA\ASVspoof2019_LA_dev\flac\LA_D_1830846.flac,archive_(1)_ASVspoof2019_LA,audio,spoof,1,train,.flac
C:\Users\paruc\Downloads\archive (1)\LA\LA\ASVspoof2019_LA_dev\flac\LA_D_6863380.flac,archive_(1)_ASVspoof2019_LA,audio,spoof,1,train,.flac
C:\Users\paruc\Downloads\archive (1)\LA\LA\ASVspoof2019_LA_dev\flac\LA_D_2333541.flac,archive_(1)_ASVspoof2019_LA,audio,spoof,1,train,.flac
C:\Users\paruc\Downloads\archive (1)\LA\LA\ASVspoof2019_LA_dev\flac\LA_D_3497637.flac,archive_(1)_ASVspoof2019_LA,audio,bonafide,0,train,.flac
C:\Users\paruc\Downloads\archive (1)\LA\LA\ASVspoof2019_LA_dev\flac\LA_D_8307917.flac,archive_(1)_ASVspoof2019_LA,audio,spoof,1,train,.flac
C:\Users\paruc\Downloads\archive (1)\LA\LA\ASVspoof2019_LA_dev\flac\LA_D_7559932.flac,archive_(1)_ASVspoof2019_LA,audio,spoof,1,train,.flac
C:\Users\paruc\Downloads\archive (1)\LA\LA\ASVspoof2019_LA_dev\flac\LA_D_1173765.flac,archive_(1)_ASVspoof2019_LA,audio,bonafide,0,train,.flac
C:\Users\paruc\Downloads\archive (1)\LA\LA\ASVspoof2019_LA_dev\flac\LA_D_2046001.flac,archive_(1)_ASVspoof2019_LA,audio,spoof,1,train,.flac
C:\Users\paruc\Downloads\archive (1)\LA\LA\ASVspoof2019_LA_dev\flac\LA_D_7932604.flac,archive_(1)_ASVspoof2019_LA,audio,bonafide,0,train,.flac
C:\Users\paruc\Downloads\archive (1)\LA\LA\ASVspoof2019_LA_dev\flac\LA_D_5242820.flac,archive_(1)_ASVspoof2019_LA,audio,spoof,1,train,.flac
C:\Users\paruc\Downloads\archive (1)\LA\LA\ASVspoof2019_LA_dev\flac\LA_D_4180571.flac,archive_(1)_ASVspoof2019_LA,audio,bonafide,0,train,.flac
C:\Users\paruc\Downloads\archive (1)\LA\LA\ASVspoof2019_LA_dev\flac\LA_D_8569313.flac,archive_(1)_ASVspoof2019_LA,audio,spoof,1,train,.flac
C:\Users\paruc\Downloads\archive (1)\LA\LA\ASVspoof2019_LA_dev\flac\LA_D_2421665.flac,archive_(1)_ASVspoof2019_LA,audio,spoof,1,train,.flac
C:\Users\paruc\Downloads\archive (1)\LA\LA\ASVspoof2019_LA_dev\flac\LA_D_5337615.flac,archive_(1)_ASVspoof2019_LA,audio,bonafide,0,train,.flac
C:\Users\paruc\Downloads\archive (1)\LA\LA\ASVspoof2019_LA_dev\flac\LA_D_2826776.flac,archive_(1)_ASVspoof2019_LA,audio,spoof,1,train,.flac
C:\Users\paruc\Downloads\archive (1)\LA\LA\ASVspoof2019_LA_dev\flac\LA_D_4548869.flac,archive_(1)_ASVspoof2019_LA,audio,spoof,1,train,.flac
C:\Users\paruc\Downloads\archive (1)\LA\LA\ASVspoof2019_LA_dev\flac\LA_D_9465437.flac,archive_(1)_ASVspoof2019_LA,audio,spoof,1,train,.flac
C:\Users\paruc\Downloads\archive (1)\LA\LA\ASVspoof2019_LA_dev\flac\LA_D_9515167.flac,archive_(1)_ASVspoof2019_LA,audio,bonafide,0,train,.flac
C:\Users\paruc\Downloads\archive (1)\LA\LA\ASVspoof2019_LA_dev\flac\LA_D_4748747.flac,archive_(1)_ASVspoof2019_LA,audio,bonafide,0,train,.flac
C:\Users\paruc\Downloads\archive (1)\LA\LA\ASVspoof2019_LA_dev\flac\LA_D_3205943.flac,archive_(1)_ASVspoof2019_LA,audio,bonafide,0,train,.flac
C:\Users\paruc\Downloads\archive (1)\LA\LA\ASVspoof2019_LA_dev\flac\LA_D_9584720.flac,archive_(1)_ASVspoof2019_LA,audio,spoof,1,train,.flac
C:\Users\paruc\Downloads\archive (1)\LA\LA\ASVspoof2019_LA_dev\flac\LA_D_3617757.flac,archive_(1)_ASVspoof2019_LA,audio,spoof,1,train,.flac
C:\Users\paruc\Downloads\archive (1)\LA\LA\ASVspoof2019_LA_dev\flac\LA_D_9697774.flac,archive_(1)_ASVspoof2019_LA,audio,bonafide,0,train,.flac
C:\Users\paruc\Downloads\archive (1)\LA\LA\ASVspoof2019_LA_dev\flac\LA_D_5018258.flac,archive_(1)_ASVspoof2019_LA,audio,bonafide,0,train,.flac
C:\Users\paruc\Downloads\archive (1)\LA\LA\ASVspoof2019_LA_dev\flac\LA_D_5522312.flac,archive_(1)_ASVspoof2019_LA,audio,bonafide,0,train,.flac
C:\Users\paruc\Downloads\archive (1)\LA\LA\ASVspoof2019_LA_dev\flac\LA_D_5712579.flac,archive_(1)_ASVspoof2019_LA,audio,bonafide,0,train,.flac
C:\Users\paruc\Downloads\archive (1)\LA\LA\ASVspoof2019_LA_dev\flac\LA_D_8537448.flac,archive_(1)_ASVspoof2019_LA,audio,bonafide,0,train,.flac
C:\Users\paruc\Downloads\archive (1)\LA\LA\ASVspoof2019_LA_dev\flac\LA_D_8626873.flac,archive_(1)_ASVspoof2019_LA,audio,spoof,1,train,.flac
C:\Users\paruc\Downloads\archive (1)\LA\LA\ASVspoof2019_LA_dev\flac\LA_D_5453346.flac,archive_(1)_ASVspoof2019_LA,audio,spoof,1,train,.flac
C:\Users\paruc\Downloads\archive (1)\LA\LA\ASVspoof2019_LA_dev\flac\LA_D_6741986.flac,archive_(1)_ASVspoof2019_LA,audio,bonafide,0,train,.flac
C:\Users\paruc\Downloads\archive (1)\LA\LA\ASVspoof2019_LA_dev\flac\LA_D_4520104.flac,archive_(1)_ASVspoof2019_LA,audio,bonafide,0,train,.flac
C:\Users\paruc\Downloads\archive (1)\LA\LA\ASVspoof2019_LA_dev\flac\LA_D_8924553.flac,archive_(1)_ASVspoof2019_LA,audio,bonafide,0,train,.flac
C:\Users\paruc\Downloads\archive (1)\LA\LA\ASVspoof2019_LA_dev\flac\LA_D_9366582.flac,archive_(1)_ASVspoof2019_LA,audio,bonafide,0,train,.flac
C:\Users\paruc\Downloads\archive (1)\LA\LA\ASVspoof2019_LA_dev\flac\LA_D_5666784.flac,archive_(1)_ASVspoof2019_LA,audio,bonafide,0,train,.flac
C:\Users\paruc\Downloads\archive (1)\LA\LA\ASVspoof2019_LA_dev\flac\LA_D_8620622.flac,archive_(1)_ASVspoof2019_LA,audio,bonafide,0,train,.flac
C:\Users\paruc\Downloads\archive (1)\LA\LA\ASVspoof2019_LA_dev\flac\LA_D_2958472.flac,archive_(1)_ASVspoof2019_LA,audio,bonafide,0,train,.flac
C:\Users\paruc\Downloads\archive (1)\LA\LA\ASVspoof2019_LA_dev\flac\LA_D_4781086.flac,archive_(1)_ASVspoof2019_LA,audio,bonafide,0,train,.flac
C:\Users\paruc\Downloads\archive (1)\LA\LA\ASVspoof2019_LA_dev\flac\LA_D_4951542.flac,archive_(1)_ASVspoof2019_LA,audio,spoof,1,train,.flac
C:\Users\paruc\Downloads\archive (1)\LA\LA\ASVspoof2019_LA_dev\flac\LA_D_4574130.flac,archive_(1)_ASVspoof2019_LA,audio,spoof,1,train,.flac
C:\Users\paruc\Downloads\archive (1)\LA\LA\ASVspoof2019_LA_dev\flac\LA_D_2691745.flac,archive_(1)_ASVspoof2019_LA,audio,spoof,1,train,.flac
C:\Users\paruc\Downloads\archive (1)\LA\LA\ASVspoof2019_LA_dev\flac\LA_D_3000565.flac,archive_(1)_ASVspoof2019_LA,audio,bonafide,0,train,.flac
C:\Users\paruc\Downloads\archive (1)\LA\LA\ASVspoof2019_LA_dev\flac\LA_D_6066874.flac,archive_(1)_ASVspoof2019_LA,audio,bonafide,0,train,.flac
C:\Users\paruc\Downloads\archive (1)\LA\LA\ASVspoof2019_LA_dev\flac\LA_D_4055715.flac,archive_(1)_ASVspoof2019_LA,audio,spoof,1,train,.flac
C:\Users\paruc\Downloads\archive (1)\LA\LA\ASVspoof2019_LA_dev\flac\LA_D_7720126.flac,archive_(1)_ASVspoof2019_LA,audio,bonafide,0,train,.flac
C:\Users\paruc\Downloads\archive (1)\LA\LA\ASVspoof2019_LA_dev\flac\LA_D_6117748.flac,archive_(1)_ASVspoof2019_LA,audio,bonafide,0,train,.flac
C:\Users\paruc\Downloads\archive (1)\LA\LA\ASVspoof2019_LA_dev\flac\LA_D_6400271.flac,archive_(1)_ASVspoof2019_LA,audio,spoof,1,train,.flac
C:\Users\paruc\Downloads\archive (1)\LA\LA\ASVspoof2019_LA_dev\flac\LA_D_3554499.flac,archive_(1)_ASVspoof2019_LA,audio,bonafide,0,train,.flac
C:\Users\paruc\Downloads\archive (1)\LA\LA\ASVspoof2019_LA_dev\flac\LA_D_6462902.flac,archive_(1)_ASVspoof2019_LA,audio,spoof,1,train,.flac
C:\Users\paruc\Downloads\archive (1)\LA\LA\ASVspoof2019_LA_dev\flac\LA_D_7279989.flac,archive_(1)_ASVspoof2019_LA,audio,spoof,1,train,.flac
C:\Users\paruc\Downloads\archive (1)\LA\LA\ASVspoof2019_LA_dev\flac\LA_D_3250830.flac,archive_(1)_ASVspoof2019_LA,audio,bonafide,0,train,.flac
C:\Users\paruc\Downloads\archive (1)\LA\LA\ASVspoof2019_LA_dev\flac\LA_D_2064757.flac,archive_(1)_ASVspoof2019_LA,audio,spoof,1,train,.flac
C:\Users\paruc\Downloads\archive (1)\LA\LA\ASVspoof2019_LA_dev\flac\LA_D_9648319.flac,archive_(1)_ASVspoof2019_LA,audio,spoof,1,train,.flac
C:\Users\paruc\Downloads\archive (1)\LA\LA\ASVspoof2019_LA_dev\flac\LA_D_6077981.flac,archive_(1)_ASVspoof2019_LA,audio,bonafide,0,train,.flac
C:\Users\paruc\Downloads\archive (1)\LA\LA\ASVspoof2019_LA_dev\flac\LA_D_4836375.flac,archive_(1)_ASVspoof2019_LA,audio,spoof,1,train,.flac
C:\Users\paruc\Downloads\archive (1)\LA\LA\ASVspoof2019_LA_dev\flac\LA_D_1440908.flac,archive_(1)_ASVspoof2019_LA,audio,spoof,1,train,.flac
C:\Users\paruc\Downloads\archive (1)\LA\LA\ASVspoof2019_LA_dev\flac\LA_D_7220301.flac,archive_(1)_ASVspoof2019_LA,audio,spoof,1,train,.flac
C:\Users\paruc\Downloads\archive (1)\LA\LA\ASVspoof2019_LA_dev\flac\LA_D_6035174.flac,archive_(1)_ASVspoof2019_LA,audio,spoof,1,train,.flac
C:\Users\paruc\Downloads\archive (1)\LA\LA\ASVspoof2019_LA_dev\flac\LA_D_8758498.flac,archive_(1)_ASVspoof2019_LA,audio,spoof,1,train,.flac
C:\Users\paruc\Downloads\archive (1)\LA\LA\ASVspoof2019_LA_dev\flac\LA_D_9300277.flac,archive_(1)_ASVspoof2019_LA,audio,bonafide,0,train,.flac
C:\Users\paruc\Downloads\archive (1)\LA\LA\ASVspoof2019_LA_dev\flac\LA_D_3093310.flac,archive_(1)_ASVspoof2019_LA,audio,bonafide,0,train,.flac
C:\Users\paruc\Downloads\archive (1)\LA\LA\ASVspoof2019_LA_dev\flac\LA_D_5824998.flac,archive_(1)_ASVspoof2019_LA,audio,bonafide,0,train,.flac
C:\Users\paruc\Downloads\archive (1)\LA\LA\ASVspoof2019_LA_dev\flac\LA_D_9915811.flac,archive_(1)_ASVspoof2019_LA,audio,spoof,1,train,.flac
C:\Users\paruc\Downloads\archive (1)\LA\LA\ASVspoof2019_LA_dev\flac\LA_D_2718909.flac,archive_(1)_ASVspoof2019_LA,audio,bonafide,0,train,.flac
C:\Users\paruc\Downloads\archive (1)\LA\LA\ASVspoof2019_LA_dev\flac\LA_D_1002626.flac,archive_(1)_ASVspoof2019_LA,audio,spoof,1,train,.flac
C:\Users\paruc\Downloads\archive (1)\LA\LA\ASVspoof2019_LA_dev\flac\LA_D_8267383.flac,archive_(1)_ASVspoof2019_LA,audio,bonafide,0,train,.flac
C:\Users\paruc\Downloads\archive (1)\LA\LA\ASVspoof2019_LA_dev\flac\LA_D_6226652.flac,archive_(1)_ASVspoof2019_LA,audio,spoof,1,train,.flac
C:\Users\paruc\Downloads\archive (1)\LA\LA\ASVspoof2019_LA_dev\flac\LA_D_2146246.flac,archive_(1)_ASVspoof2019_LA,audio,bonafide,0,train,.flac
C:\Users\paruc\Downloads\archive (1)\LA\LA\ASVspoof2019_LA_dev\flac\LA_D_1287088.flac,archive_(1)_ASVspoof2019_LA,audio,spoof,1,train,.flac
C:\Users\paruc\Downloads\archive (1)\LA\LA\ASVspoof2019_LA_dev\flac\LA_D_7656709.flac,archive_(1)_ASVspoof2019_LA,audio,spoof,1,train,.flac
C:\Users\paruc\Downloads\archive (1)\LA\LA\ASVspoof2019_LA_dev\flac\LA_D_3366735.flac,archive_(1)_ASVspoof2019_LA,audio,bonafide,0,train,.flac
C:\Users\paruc\Downloads\archive (1)\LA\LA\ASVspoof2019_LA_dev\flac\LA_D_5824362.flac,archive_(1)_ASVspoof2019_LA,audio,spoof,1,train,.flac
C:\Users\paruc\Downloads\archive (1)\LA\LA\ASVspoof2019_LA_dev\flac\LA_D_2753362.flac,archive_(1)_ASVspoof2019_LA,audio,spoof,1,train,.flac
C:\Users\paruc\Downloads\archive (1)\LA\LA\ASVspoof2019_LA_dev\flac\LA_D_6577918.flac,archive_(1)_ASVspoof2019_LA,audio,spoof,1,train,.flac
C:\Users\paruc\Downloads\archive (1)\LA\LA\ASVspoof2019_LA_dev\flac\LA_D_5463444.flac,archive_(1)_ASVspoof2019_LA,audio,bonafide,0,train,.flac
C:\Users\paruc\Downloads\archive (1)\LA\LA\ASVspoof2019_LA_dev\flac\LA_D_7015174.flac,archive_(1)_ASVspoof2019_LA,audio,bonafide,0,train,.flac
C:\Users\paruc\Downloads\archive (1)\LA\LA\ASVspoof2019_LA_dev\flac\LA_D_9700666.flac,archive_(1)_ASVspoof2019_LA,audio,bonafide,0,train,.flac
C:\Users\paruc\Downloads\archive (1)\LA\LA\ASVspoof2019_LA_dev\flac\LA_D_7423342.flac,archive_(1)_ASVspoof2019_LA,audio,bonafide,0,train,.flac
C:\Users\paruc\Downloads\archive (1)\LA\LA\ASVspoof2019_LA_dev\flac\LA_D_1969568.flac,archive_(1)_ASVspoof2019_LA,audio,bonafide,0,train,.flac
C:\Users\paruc\Downloads\archive (1)\LA\LA\ASVspoof2019_LA_dev\flac\LA_D_7751409.flac,archive_(1)_ASVspoof2019_LA,audio,spoof,1,train,.flac
C:\Users\paruc\Downloads\archive (1)\LA\LA\ASVspoof2019_LA_dev\flac\LA_D_4350271.flac,archive_(1)_ASVspoof2019_LA,audio,bonafide,0,train,.flac
C:\Users\paruc\Downloads\archive (1)\LA\LA\ASVspoof2019_LA_dev\flac\LA_D_7002192.flac,archive_(1)_ASVspoof2019_LA,audio,bonafide,0,train,.flac
C:\Users\paruc\Downloads\archive (1)\LA\LA\ASVspoof2019_LA_dev\flac\LA_D_8596053.flac,archive_(1)_ASVspoof2019_LA,audio,bonafide,0,train,.flac
C:\Users\paruc\Downloads\archive (1)\LA\LA\ASVspoof2019_LA_dev\flac\LA_D_8114692.flac,archive_(1)_ASVspoof2019_LA,audio,spoof,1,train,.flac
C:\Users\paruc\Downloads\archive (1)\LA\LA\ASVspoof2019_LA_dev\flac\LA_D_5731221.flac,archive_(1)_ASVspoof2019_LA,audio,spoof,1,train,.flac
C:\Users\paruc\Downloads\archive (1)\LA\LA\ASVspoof2019_LA_dev\flac\LA_D_2530860.flac,archive_(1)_ASVspoof2019_LA,audio,spoof,1,train,.flac
C:\Users\paruc\Downloads\archive (1)\LA\LA\ASVspoof2019_LA_dev\flac\LA_D_1859048.flac,archive_(1)_ASVspoof2019_LA,audio,bonafide,0,train,.flac
C:\Users\paruc\Downloads\archive (1)\LA\LA\ASVspoof2019_LA_dev\flac\LA_D_3190273.flac,archive_(1)_ASVspoof2019_LA,audio,spoof,1,train,.flac
C:\Users\paruc\Downloads\archive (1)\LA\LA\ASVspoof2019_LA_dev\flac\LA_D_2248370.flac,archive_(1)_ASVspoof2019_LA,audio,spoof,1,train,.flac
C:\Users\paruc\Downloads\archive (1)\LA\LA\ASVspoof2019_LA_dev\flac\LA_D_5957210.flac,archive_(1)_ASVspoof2019_LA,audio,bonafide,0,train,.flac
C:\Users\paruc\Downloads\archive (1)\LA\LA\ASVspoof2019_LA_dev\flac\LA_D_7728140.flac,archive_(1)_ASVspoof2019_LA,audio,spoof,1,train,.flac
C:\Users\paruc\Downloads\archive (1)\LA\LA\ASVspoof2019_LA_dev\flac\LA_D_4293112.flac,archive_(1)_ASVspoof2019_LA,audio,bonafide,0,train,.flac
C:\Users\paruc\Downloads\archive (1)\LA\LA\ASVspoof2019_LA_dev\flac\LA_D_4437561.flac,archive_(1)_ASVspoof2019_LA,audio,spoof,1,train,.flac
C:\Users\paruc\Downloads\archive (1)\LA\LA\ASVspoof2019_LA_dev\flac\LA_D_3170323.flac,archive_(1)_ASVspoof2019_LA,audio,bonafide,0,train,.flac
C:\Users\paruc\Downloads\archive (1)\LA\LA\ASVspoof2019_LA_dev\flac\LA_D_2865796.flac,archive_(1)_ASVspoof2019_LA,audio,bonafide,0,train,.flac
C:\Users\paruc\Downloads\archive (1)\LA\LA\ASVspoof2019_LA_dev\flac\LA_D_8271714.flac,archive_(1)_ASVspoof2019_LA,audio,spoof,1,train,.flac
C:\Users\paruc\Downloads\archive (1)\LA\LA\ASVspoof2019_LA_dev\flac\LA_D_4789764.flac,archive_(1)_ASVspoof2019_LA,audio,bonafide,0,train,.flac
C:\Users\paruc\Downloads\archive (1)\LA\LA\ASVspoof2019_LA_dev\flac\LA_D_1930138.flac,archive_(1)_ASVspoof2019_LA,audio,bonafide,0,train,.flac
C:\Users\paruc\Downloads\archive (1)\LA\LA\ASVspoof2019_LA_dev\flac\LA_D_9098890.flac,archive_(1)_ASVspoof2019_LA,audio,spoof,1,train,.flac
C:\Users\paruc\Downloads\archive (1)\LA\LA\ASVspoof2019_LA_dev\flac\LA_D_2230194.flac,archive_(1)_ASVspoof2019_LA,audio,spoof,1,train,.flac
C:\Users\paruc\Downloads\archive (1)\LA\LA\ASVspoof2019_LA_dev\flac\LA_D_8512243.flac,archive_(1)_ASVspoof2019_LA,audio,spoof,1,train,.flac
C:\Users\paruc\Downloads\archive (1)\LA\LA\ASVspoof2019_LA_dev\flac\LA_D_3158608.flac,archive_(1)_ASVspoof2019_LA,audio,spoof,1,train,.flac
C:\Users\paruc\Downloads\archive (1)\LA\LA\ASVspoof2019_LA_dev\flac\LA_D_7714357.flac,archive_(1)_ASVspoof2019_LA,audio,spoof,1,train,.flac
C:\Users\paruc\Downloads\archive (1)\LA\LA\ASVspoof2019_LA_dev\flac\LA_D_5948925.flac,archive_(1)_ASVspoof2019_LA,audio,spoof,1,train,.flac
C:\Users\paruc\Downloads\archive (1)\LA\LA\ASVspoof2019_LA_dev\flac\LA_D_8260762.flac,archive_(1)_ASVspoof2019_LA,audio,bonafide,0,train,.flac
C:\Users\paruc\Downloads\archive (1)\LA\LA\ASVspoof2019_LA_dev\flac\LA_D_4137927.flac,archive_(1)_ASVspoof2019_LA,audio,bonafide,0,train,.flac
C:\Users\paruc\Downloads\archive (1)\LA\LA\ASVspoof2019_LA_dev\flac\LA_D_6953406.flac,archive_(1)_ASVspoof2019_LA,audio,spoof,1,train,.flac
C:\Users\paruc\Downloads\archive (1)\LA\LA\ASVspoof2019_LA_dev\flac\LA_D_7824709.flac,archive_(1)_ASVspoof2019_LA,audio,spoof,1,train,.flac
C:\Users\paruc\Downloads\archive (1)\LA\LA\ASVspoof2019_LA_dev\flac\LA_D_1393609.flac,archive_(1)_ASVspoof2019_LA,audio,spoof,1,train,.flac
C:\Users\paruc\Downloads\archive (1)\LA\LA\ASVspoof2019_LA_dev\flac\LA_D_2415228.flac,archive_(1)_ASVspoof2019_LA,audio,bonafide,0,train,.flac
C:\Users\paruc\Downloads\archive (1)\LA\LA\ASVspoof2019_LA_dev\flac\LA_D_6693826.flac,archive_(1)_ASVspoof2019_LA,audio,spoof,1,train,.flac
C:\Users\paruc\Downloads\archive (1)\LA\LA\ASVspoof2019_LA_dev\flac\LA_D_2459392.flac,archive_(1)_ASVspoof2019_LA,audio,spoof,1,train,.flac
C:\Users\paruc\Downloads\archive (1)\LA\LA\ASVspoof2019_LA_dev\flac\LA_D_4394502.flac,archive_(1)_ASVspoof2019_LA,audio,spoof,1,train,.flac
C:\Users\paruc\Downloads\archive (1)\LA\LA\ASVspoof2019_LA_dev\flac\LA_D_9350860.flac,archive_(1)_ASVspoof2019_LA,audio,bonafide,0,train,.flac
C:\Users\paruc\Downloads\archive (1)\LA\LA\ASVspoof2019_LA_dev\flac\LA_D_1940772.flac,archive_(1)_ASVspoof2019_LA,audio,spoof,1,train,.flac
C:\Users\paruc\Downloads\archive (1)\LA\LA\ASVspoof2019_LA_dev\flac\LA_D_3348941.flac,archive_(1)_ASVspoof2019_LA,audio,bonafide,0,train,.flac
C:\Users\paruc\Downloads\archive (1)\LA\LA\ASVspoof2019_LA_dev\flac\LA_D_8342132.flac,archive_(1)_ASVspoof2019_LA,audio,bonafide,0,train,.flac
C:\Users\paruc\Downloads\archive (1)\LA\LA\ASVspoof2019_LA_dev\flac\LA_D_8151945.flac,archive_(1)_ASVspoof2019_LA,audio,spoof,1,train,.flac
C:\Users\paruc\Downloads\archive (1)\LA\LA\ASVspoof2019_LA_dev\flac\LA_D_2511835.flac,archive_(1)_ASVspoof2019_LA,audio,spoof,1,train,.flac
C:\Users\paruc\Downloads\archive (1)\LA\LA\ASVspoof2019_LA_dev\flac\LA_D_5212614.flac,archive_(1)_ASVspoof2019_LA,audio,bonafide,0,train,.flac
C:\Users\paruc\Downloads\archive (1)\LA\LA\ASVspoof2019_LA_dev\flac\LA_D_9305138.flac,archive_(1)_ASVspoof2019_LA,audio,spoof,1,train,.flac
C:\Users\paruc\Downloads\archive (1)\LA\LA\ASVspoof2019_LA_dev\flac\LA_D_6287239.flac,archive_(1)_ASVspoof2019_LA,audio,bonafide,0,train,.flac
C:\Users\paruc\Downloads\archive (1)\LA\LA\ASVspoof2019_LA_dev\flac\LA_D_2672793.flac,archive_(1)_ASVspoof2019_LA,audio,spoof,1,train,.flac
C:\Users\paruc\Downloads\archive (1)\LA\LA\ASVspoof2019_LA_dev\flac\LA_D_7755990.flac,archive_(1)_ASVspoof2019_LA,audio,bonafide,0,train,.flac
C:\Users\paruc\Downloads\archive (1)\LA\LA\ASVspoof2019_LA_dev\flac\LA_D_1782314.flac,archive_(1)_ASVspoof2019_LA,audio,bonafide,0,train,.flac
C:\Users\paruc\Downloads\archive (1)\LA\LA\ASVspoof2019_LA_dev\flac\LA_D_4046755.flac,archive_(1)_ASVspoof2019_LA,audio,spoof,1,train,.flac
C:\Users\paruc\Downloads\archive (1)\LA\LA\ASVspoof2019_LA_dev\flac\LA_D_7581183.flac,archive_(1)_ASVspoof2019_LA,audio,spoof,1,train,.flac
C:\Users\paruc\Downloads\archive (1)\LA\LA\ASVspoof2019_LA_dev\flac\LA_D_7018313.flac,archive_(1)_ASVspoof2019_LA,audio,spoof,1,train,.flac
C:\Users\paruc\Downloads\archive (1)\LA\LA\ASVspoof2019_LA_dev\flac\LA_D_2006889.flac,archive_(1)_ASVspoof2019_LA,audio,spoof,1,train,.flac
C:\Users\paruc\Downloads\archive (1)\LA\LA\ASVspoof2019_LA_dev\flac\LA_D_6239035.flac,archive_(1)_ASVspoof2019_LA,audio,spoof,1,train,.flac
C:\Users\paruc\Downloads\archive (1)\LA\LA\ASVspoof2019_LA_dev\flac\LA_D_1571783.flac,archive_(1)_ASVspoof2019_LA,audio,spoof,1,train,.flac
C:\Users\paruc\Downloads\archive (1)\LA\LA\ASVspoof2019_LA_dev\flac\LA_D_8775645.flac,archive_(1)_ASVspoof2019_LA,audio,spoof,1,train,.flac
C:\Users\paruc\Downloads\archive (1)\LA\LA\ASVspoof2019_LA_dev\flac\LA_D_9615915.flac,archive_(1)_ASVspoof2019_LA,audio,bonafide,0,train,.flac
C:\Users\paruc\Downloads\archive (1)\LA\LA\ASVspoof2019_LA_dev\flac\LA_D_9216147.flac,archive_(1)_ASVspoof2019_LA,audio,bonafide,0,train,.flac
C:\Users\paruc\Downloads\archive (1)\LA\LA\ASVspoof2019_LA_dev\flac\LA_D_5972627.flac,archive_(1)_ASVspoof2019_LA,audio,bonafide,0,train,.flac
C:\Users\paruc\Downloads\archive (1)\LA\LA\ASVspoof2019_LA_dev\flac\LA_D_1132441.flac,archive_(1)_ASVspoof2019_LA,audio,spoof,1,train,.flac
C:\Users\paruc\Downloads\archive (1)\LA\LA\ASVspoof2019_LA_dev\flac\LA_D_3596872.flac,archive_(1)_ASVspoof2019_LA,audio,bonafide,0,train,.flac
C:\Users\paruc\Downloads\archive (1)\LA\LA\ASVspoof2019_LA_dev\flac\LA_D_3720476.flac,archive_(1)_ASVspoof2019_LA,audio,spoof,1,train,.flac
C:\Users\paruc\Downloads\archive (1)\LA\LA\ASVspoof2019_LA_dev\flac\LA_D_3796498.flac,archive_(1)_ASVspoof2019_LA,audio,bonafide,0,train,.flac
C:\Users\paruc\Downloads\archive (1)\LA\LA\ASVspoof2019_LA_dev\flac\LA_D_7467158.flac,archive_(1)_ASVspoof2019_LA,audio,bonafide,0,train,.flac
C:\Users\paruc\Downloads\archive (1)\LA\LA\ASVspoof2019_LA_dev\flac\LA_D_5945817.flac,archive_(1)_ASVspoof2019_LA,audio,bonafide,0,train,.flac
C:\Users\paruc\Downloads\archive (1)\LA\LA\ASVspoof2019_LA_dev\flac\LA_D_5016919.flac,archive_(1)_ASVspoof2019_LA,audio,bonafide,0,train,.flac
C:\Users\paruc\Downloads\archive (1)\LA\LA\ASVspoof2019_LA_dev\flac\LA_D_1084356.flac,archive_(1)_ASVspoof2019_LA,audio,bonafide,0,train,.flac
C:\Users\paruc\Downloads\archive (1)\LA\LA\ASVspoof2019_LA_dev\flac\LA_D_8704297.flac,archive_(1)_ASVspoof2019_LA,audio,spoof,1,train,.flac
C:\Users\paruc\Downloads\archive (1)\LA\LA\ASVspoof2019_LA_dev\flac\LA_D_7455119.flac,archive_(1)_ASVspoof2019_LA,audio,bonafide,0,train,.flac
C:\Users\paruc\Downloads\archive (1)\LA\LA\ASVspoof2019_LA_dev\flac\LA_D_7355156.flac,archive_(1)_ASVspoof2019_LA,audio,spoof,1,train,.flac
C:\Users\paruc\Downloads\archive (1)\LA\LA\ASVspoof2019_LA_dev\flac\LA_D_9052609.flac,archive_(1)_ASVspoof2019_LA,audio,spoof,1,train,.flac
C:\Users\paruc\Downloads\archive (1)\LA\LA\ASVspoof2019_LA_dev\flac\LA_D_5055165.flac,archive_(1)_ASVspoof2019_LA,audio,spoof,1,train,.flac
C:\Users\paruc\Downloads\archive (1)\LA\LA\ASVspoof2019_LA_dev\flac\LA_D_3762413.flac,archive_(1)_ASVspoof2019_LA,audio,spoof,1,train,.flac
C:\Users\paruc\Downloads\archive (1)\LA\LA\ASVspoof2019_LA_dev\flac\LA_D_7373087.flac,archive_(1)_ASVspoof2019_LA,audio,spoof,1,train,.flac
C:\Users\paruc\Downloads\archive (1)\LA\LA\ASVspoof2019_LA_dev\flac\LA_D_7878191.flac,archive_(1)_ASVspoof2019_LA,audio,bonafide,0,train,.flac
C:\Users\paruc\Downloads\archive (1)\LA\LA\ASVspoof2019_LA_dev\flac\LA_D_4850290.flac,archive_(1)_ASVspoof2019_LA,audio,spoof,1,train,.flac
C:\Users\paruc\Downloads\archive (1)\LA\LA\ASVspoof2019_LA_dev\flac\LA_D_7292869.flac,archive_(1)_ASVspoof2019_LA,audio,spoof,1,train,.flac
C:\Users\paruc\Downloads\archive (1)\LA\LA\ASVspoof2019_LA_dev\flac\LA_D_2720782.flac,archive_(1)_ASVspoof2019_LA,audio,spoof,1,train,.flac
C:\Users\paruc\Downloads\archive (1)\LA\LA\ASVspoof2019_LA_dev\flac\LA_D_3630229.flac,archive_(1)_ASVspoof2019_LA,audio,spoof,1,train,.flac
C:\Users\paruc\Downloads\archive (1)\LA\LA\ASVspoof2019_LA_dev\flac\LA_D_9270193.flac,archive_(1)_ASVspoof2019_LA,audio,spoof,1,train,.flac
C:\Users\paruc\Downloads\archive (1)\LA\LA\ASVspoof2019_LA_dev\flac\LA_D_3761724.flac,archive_(1)_ASVspoof2019_LA,audio,bonafide,0,train,.flac
C:\Users\paruc\Downloads\archive (1)\LA\LA\ASVspoof2019_LA_dev\flac\LA_D_6568071.flac,archive_(1)_ASVspoof2019_LA,audio,bonafide,0,train,.flac
C:\Users\paruc\Downloads\archive (1)\LA\LA\ASVspoof2019_LA_dev\flac\LA_D_6777944.flac,archive_(1)_ASVspoof2019_LA,audio,spoof,1,train,.flac
C:\Users\paruc\Downloads\archive (1)\LA\LA\ASVspoof2019_LA_dev\flac\LA_D_7900736.flac,archive_(1)_ASVspoof2019_LA,audio,bonafide,0,train,.flac
C:\Users\paruc\Downloads\archive (1)\LA\LA\ASVspoof2019_LA_dev\flac\LA_D_3940913.flac,archive_(1)_ASVspoof2019_LA,audio,bonafide,0,train,.flac
C:\Users\paruc\Downloads\archive (1)\LA\LA\ASVspoof2019_LA_dev\flac\LA_D_3280853.flac,archive_(1)_ASVspoof2019_LA,audio,bonafide,0,train,.flac
C:\Users\paruc\Downloads\archive (1)\LA\LA\ASVspoof2019_LA_dev\flac\LA_D_7469644.flac,archive_(1)_ASVspoof2019_LA,audio,spoof,1,train,.flac
C:\Users\paruc\Downloads\archive (1)\LA\LA\ASVspoof2019_LA_dev\flac\LA_D_1592884.flac,archive_(1)_ASVspoof2019_LA,audio,bonafide,0,train,.flac
C:\Users\paruc\Downloads\archive (1)\LA\LA\ASVspoof2019_LA_dev\flac\LA_D_8210164.flac,archive_(1)_ASVspoof2019_LA,audio,bonafide,0,train,.flac
C:\Users\paruc\Downloads\archive (1)\LA\LA\ASVspoof2019_LA_dev\flac\LA_D_8024735.flac,archive_(1)_ASVspoof2019_LA,audio,spoof,1,train,.flac
C:\Users\paruc\Downloads\archive (1)\LA\LA\ASVspoof2019_LA_dev\flac\LA_D_1661775.flac,archive_(1)_ASVspoof2019_LA,audio,bonafide,0,train,.flac
C:\Users\paruc\Downloads\archive (1)\LA\LA\ASVspoof2019_LA_dev\flac\LA_D_5113023.flac,archive_(1)_ASVspoof2019_LA,audio,bonafide,0,train,.flac
C:\Users\paruc\Downloads\archive (1)\LA\LA\ASVspoof2019_LA_dev\flac\LA_D_5604089.flac,archive_(1)_ASVspoof2019_LA,audio,bonafide,0,train,.flac
C:\Users\paruc\Downloads\archive (1)\LA\LA\ASVspoof2019_LA_dev\flac\LA_D_7999736.flac,archive_(1)_ASVspoof2019_LA,audio,spoof,1,train,.flac
C:\Users\paruc\Downloads\archive (1)\LA\LA\ASVspoof2019_LA_dev\flac\LA_D_6886899.flac,archive_(1)_ASVspoof2019_LA,audio,spoof,1,train,.flac
C:\Users\paruc\Downloads\archive (1)\LA\LA\ASVspoof2019_LA_dev\flac\LA_D_6412670.flac,archive_(1)_ASVspoof2019_LA,audio,spoof,1,train,.flac
C:\Users\paruc\Downloads\archive (1)\LA\LA\ASVspoof2019_LA_dev\flac\LA_D_6549233.flac,archive_(1)_ASVspoof2019_LA,audio,bonafide,0,train,.flac
C:\Users\paruc\Downloads\archive (1)\LA\LA\ASVspoof2019_LA_dev\flac\LA_D_6931611.flac,archive_(1)_ASVspoof2019_LA,audio,bonafide,0,train,.flac
C:\Users\paruc\Downloads\archive (1)\LA\LA\ASVspoof2019_LA_dev\flac\LA_D_7998982.flac,archive_(1)_ASVspoof2019_LA,audio,spoof,1,train,.flac
C:\Users\paruc\Downloads\archive (1)\LA\LA\ASVspoof2019_LA_dev\flac\LA_D_3866941.flac,archive_(1)_ASVspoof2019_LA,audio,spoof,1,train,.flac
C:\Users\paruc\Downloads\archive (1)\LA\LA\ASVspoof2019_LA_dev\flac\LA_D_3156192.flac,archive_(1)_ASVspoof2019_LA,audio,spoof,1,train,.flac
C:\Users\paruc\Downloads\archive (1)\LA\LA\ASVspoof2019_LA_dev\flac\LA_D_9224096.flac,archive_(1)_ASVspoof2019_LA,audio,bonafide,0,train,.flac
C:\Users\paruc\Downloads\archive (1)\LA\LA\ASVspoof2019_LA_dev\flac\LA_D_9292862.flac,archive_(1)_ASVspoof2019_LA,audio,spoof,1,train,.flac
C:\Users\paruc\Downloads\archive (1)\LA\LA\ASVspoof2019_LA_dev\flac\LA_D_1317890.flac,archive_(1)_ASVspoof2019_LA,audio,bonafide,0,train,.flac
C:\Users\paruc\Downloads\archive (1)\LA\LA\ASVspoof2019_LA_dev\flac\LA_D_7549839.flac,archive_(1)_ASVspoof2019_LA,audio,spoof,1,train,.flac
C:\Users\paruc\Downloads\archive (1)\LA\LA\ASVspoof2019_LA_dev\flac\LA_D_7459649.flac,archive_(1)_ASVspoof2019_LA,audio,bonafide,0,train,.flac
C:\Users\paruc\Downloads\archive (1)\LA\LA\ASVspoof2019_LA_dev\flac\LA_D_4149358.flac,archive_(1)_ASVspoof2019_LA,audio,spoof,1,train,.flac
C:\Users\paruc\Downloads\archive (1)\LA\LA\ASVspoof2019_LA_dev\flac\LA_D_3117348.flac,archive_(1)_ASVspoof2019_LA,audio,spoof,1,train,.flac
C:\Users\paruc\Downloads\archive (1)\LA\LA\ASVspoof2019_LA_dev\flac\LA_D_4355155.flac,archive_(1)_ASVspoof2019_LA,audio,spoof,1,train,.flac
C:\Users\paruc\Downloads\archive (1)\LA\LA\ASVspoof2019_LA_dev\flac\LA_D_1459930.flac,archive_(1)_ASVspoof2019_LA,audio,bonafide,0,train,.flac
C:\Users\paruc\Downloads\archive (1)\LA\LA\ASVspoof2019_LA_dev\flac\LA_D_8178518.flac,archive_(1)_ASVspoof2019_LA,audio,spoof,1,train,.flac
C:\Users\paruc\Downloads\archive (1)\LA\LA\ASVspoof2019_LA_dev\flac\LA_D_5792469.flac,archive_(1)_ASVspoof2019_LA,audio,spoof,1,train,.flac
C:\Users\paruc\Downloads\archive (1)\LA\LA\ASVspoof2019_LA_dev\flac\LA_D_3616666.flac,archive_(1)_ASVspoof2019_LA,audio,spoof,1,train,.flac
C:\Users\paruc\Downloads\archive (1)\LA\LA\ASVspoof2019_LA_dev\flac\LA_D_7896930.flac,archive_(1)_ASVspoof2019_LA,audio,spoof,1,train,.flac
C:\Users\paruc\Downloads\archive (1)\LA\LA\ASVspoof2019_LA_dev\flac\LA_D_7349597.flac,archive_(1)_ASVspoof2019_LA,audio,bonafide,0,train,.flac
C:\Users\paruc\Downloads\archive (1)\LA\LA\ASVspoof2019_LA_dev\flac\LA_D_1290841.flac,archive_(1)_ASVspoof2019_LA,audio,spoof,1,train,.flac
C:\Users\paruc\Downloads\archive (1)\LA\LA\ASVspoof2019_LA_dev\flac\LA_D_3571681.flac,archive_(1)_ASVspoof2019_LA,audio,spoof,1,train,.flac
C:\Users\paruc\Downloads\archive (1)\LA\LA\ASVspoof2019_LA_dev\flac\LA_D_4452476.flac,archive_(1)_ASVspoof2019_LA,audio,spoof,1,train,.flac
C:\Users\paruc\Downloads\archive (1)\LA\LA\ASVspoof2019_LA_dev\flac\LA_D_6292935.flac,archive_(1)_ASVspoof2019_LA,audio,spoof,1,train,.flac
C:\Users\paruc\Downloads\archive (1)\LA\LA\ASVspoof2019_LA_dev\flac\LA_D_3892057.flac,archive_(1)_ASVspoof2019_LA,audio,bonafide,0,train,.flac
C:\Users\paruc\Downloads\archive (1)\LA\LA\ASVspoof2019_LA_dev\flac\LA_D_8371178.flac,archive_(1)_ASVspoof2019_LA,audio,bonafide,0,train,.flac
C:\Users\paruc\Downloads\archive (1)\LA\LA\ASVspoof2019_LA_dev\flac\LA_D_9686838.flac,archive_(1)_ASVspoof2019_LA,audio,spoof,1,train,.flac
C:\Users\paruc\Downloads\archive (1)\LA\LA\ASVspoof2019_LA_dev\flac\LA_D_2284017.flac,archive_(1)_ASVspoof2019_LA,audio,spoof,1,train,.flac
C:\Users\paruc\Downloads\archive (1)\LA\LA\ASVspoof2019_LA_dev\flac\LA_D_9334822.flac,archive_(1)_ASVspoof2019_LA,audio,spoof,1,train,.flac
C:\Users\paruc\Downloads\archive (1)\LA\LA\ASVspoof2019_LA_dev\flac\LA_D_2188345.flac,archive_(1)_ASVspoof2019_LA,audio,spoof,1,train,.flac
C:\Users\paruc\Downloads\archive (1)\LA\LA\ASVspoof2019_LA_dev\flac\LA_D_6316902.flac,archive_(1)_ASVspoof2019_LA,audio,bonafide,0,train,.flac
C:\Users\paruc\Downloads\archive (1)\LA\LA\ASVspoof2019_LA_dev\flac\LA_D_8410808.flac,archive_(1)_ASVspoof2019_LA,audio,spoof,1,train,.flac
C:\Users\paruc\Downloads\archive (1)\LA\LA\ASVspoof2019_LA_dev\flac\LA_D_3065072.flac,archive_(1)_ASVspoof2019_LA,audio,spoof,1,train,.flac
C:\Users\paruc\Downloads\archive (1)\LA\LA\ASVspoof2019_LA_dev\flac\LA_D_2255247.flac,archive_(1)_ASVspoof2019_LA,audio,bonafide,0,train,.flac
C:\Users\paruc\Downloads\archive (1)\LA\LA\ASVspoof2019_LA_dev\flac\LA_D_3404272.flac,archive_(1)_ASVspoof2019_LA,audio,bonafide,0,train,.flac
C:\Users\paruc\Downloads\archive (1)\LA\LA\ASVspoof2019_LA_dev\flac\LA_D_7711976.flac,archive_(1)_ASVspoof2019_LA,audio,spoof,1,train,.flac
C:\Users\paruc\Downloads\archive (1)\LA\LA\ASVspoof2019_LA_dev\flac\LA_D_6117485.flac,archive_(1)_ASVspoof2019_LA,audio,spoof,1,train,.flac
C:\Users\paruc\Downloads\archive (1)\LA\LA\ASVspoof2019_LA_dev\flac\LA_D_4798310.flac,archive_(1)_ASVspoof2019_LA,audio,spoof,1,train,.flac
C:\Users\paruc\Downloads\archive (1)\LA\LA\ASVspoof2019_LA_dev\flac\LA_D_2230192.flac,archive_(1)_ASVspoof2019_LA,audio,bonafide,0,train,.flac
C:\Users\paruc\Downloads\archive (1)\LA\LA\ASVspoof2019_LA_dev\flac\LA_D_9641619.flac,archive_(1)_ASVspoof2019_LA,audio,spoof,1,train,.flac
C:\Users\paruc\Downloads\archive (1)\LA\LA\ASVspoof2019_LA_dev\flac\LA_D_5095873.flac,archive_(1)_ASVspoof2019_LA,audio,spoof,1,train,.flac
C:\Users\paruc\Downloads\archive (1)\LA\LA\ASVspoof2019_LA_dev\flac\LA_D_9039359.flac,archive_(1)_ASVspoof2019_LA,audio,spoof,1,train,.flac
C:\Users\paruc\Downloads\archive (1)\LA\LA\ASVspoof2019_LA_dev\flac\LA_D_1367406.flac,archive_(1)_ASVspoof2019_LA,audio,bonafide,0,train,.flac
C:\Users\paruc\Downloads\archive (1)\LA\LA\ASVspoof2019_LA_dev\flac\LA_D_5332359.flac,archive_(1)_ASVspoof2019_LA,audio,bonafide,0,train,.flac
C:\Users\paruc\Downloads\archive (1)\LA\LA\ASVspoof2019_LA_dev\flac\LA_D_4052746.flac,archive_(1)_ASVspoof2019_LA,audio,bonafide,0,train,.flac
C:\Users\paruc\Downloads\archive (1)\LA\LA\ASVspoof2019_LA_dev\flac\LA_D_7512294.flac,archive_(1)_ASVspoof2019_LA,audio,bonafide,0,train,.flac
C:\Users\paruc\Downloads\archive (1)\LA\LA\ASVspoof2019_LA_dev\flac\LA_D_7167011.flac,archive_(1)_ASVspoof2019_LA,audio,spoof,1,train,.flac
C:\Users\paruc\Downloads\archive (1)\LA\LA\ASVspoof2019_LA_dev\flac\LA_D_6073354.flac,archive_(1)_ASVspoof2019_LA,audio,bonafide,0,train,.flac
C:\Users\paruc\Downloads\archive (1)\LA\LA\ASVspoof2019_LA_dev\flac\LA_D_8564097.flac,archive_(1)_ASVspoof2019_LA,audio,spoof,1,train,.flac
C:\Users\paruc\Downloads\archive (1)\LA\LA\ASVspoof2019_LA_dev\flac\LA_D_4113491.flac,archive_(1)_ASVspoof2019_LA,audio,spoof,1,train,.flac
C:\Users\paruc\Downloads\archive (1)\LA\LA\ASVspoof2019_LA_dev\flac\LA_D_5397319.flac,archive_(1)_ASVspoof2019_LA,audio,bonafide,0,train,.flac
C:\Users\paruc\Downloads\archive (1)\LA\LA\ASVspoof2019_LA_dev\flac\LA_D_8798580.flac,archive_(1)_ASVspoof2019_LA,audio,spoof,1,train,.flac
C:\Users\paruc\Downloads\archive (1)\LA\LA\ASVspoof2019_LA_dev\flac\LA_D_6153942.flac,archive_(1)_ASVspoof2019_LA,audio,bonafide,0,train,.flac
C:\Users\paruc\Downloads\archive (1)\LA\LA\ASVspoof2019_LA_dev\flac\LA_D_8006339.flac,archive_(1)_ASVspoof2019_LA,audio,bonafide,0,train,.flac
C:\Users\paruc\Downloads\archive (1)\LA\LA\ASVspoof2019_LA_dev\flac\LA_D_9382979.flac,archive_(1)_ASVspoof2019_LA,audio,bonafide,0,train,.flac
C:\Users\paruc\Downloads\archive (1)\LA\LA\ASVspoof2019_LA_dev\flac\LA_D_8284994.flac,archive_(1)_ASVspoof2019_LA,audio,bonafide,0,train,.flac
C:\Users\paruc\Downloads\archive (1)\LA\LA\ASVspoof2019_LA_dev\flac\LA_D_2052753.flac,archive_(1)_ASVspoof2019_LA,audio,spoof,1,train,.flac
C:\Users\paruc\Downloads\archive (1)\LA\LA\ASVspoof2019_LA_dev\flac\LA_D_4042844.flac,archive_(1)_ASVspoof2019_LA,audio,spoof,1,train,.flac
C:\Users\paruc\Downloads\archive (1)\LA\LA\ASVspoof2019_LA_dev\flac\LA_D_8374831.flac,archive_(1)_ASVspoof2019_LA,audio,spoof,1,train,.flac
C:\Users\paruc\Downloads\archive (1)\LA\LA\ASVspoof2019_LA_dev\flac\LA_D_2196619.flac,archive_(1)_ASVspoof2019_LA,audio,spoof,1,train,.flac
C:\Users\paruc\Downloads\archive (1)\LA\LA\ASVspoof2019_LA_dev\flac\LA_D_1505756.flac,archive_(1)_ASVspoof2019_LA,audio,bonafide,0,train,.flac
C:\Users\paruc\Downloads\archive (1)\LA\LA\ASVspoof2019_LA_dev\flac\LA_D_4462615.flac,archive_(1)_ASVspoof2019_LA,audio,bonafide,0,train,.flac
C:\Users\paruc\Downloads\archive (1)\LA\LA\ASVspoof2019_LA_dev\flac\LA_D_3332353.flac,archive_(1)_ASVspoof2019_LA,audio,spoof,1,train,.flac
C:\Users\paruc\Downloads\archive (1)\LA\LA\ASVspoof2019_LA_dev\flac\LA_D_4673595.flac,archive_(1)_ASVspoof2019_LA,audio,spoof,1,train,.flac
C:\Users\paruc\Downloads\archive (1)\LA\LA\ASVspoof2019_LA_dev\flac\LA_D_5470214.flac,archive_(1)_ASVspoof2019_LA,audio,spoof,1,train,.flac
C:\Users\paruc\Downloads\archive (1)\LA\LA\ASVspoof2019_LA_dev\flac\LA_D_6876630.flac,archive_(1)_ASVspoof2019_LA,audio,bonafide,0,train,.flac
C:\Users\paruc\Downloads\archive (1)\LA\LA\ASVspoof2019_LA_dev\flac\LA_D_5658035.flac,archive_(1)_ASVspoof2019_LA,audio,spoof,1,train,.flac
C:\Users\paruc\Downloads\archive (1)\LA\LA\ASVspoof2019_LA_dev\flac\LA_D_1462484.flac,archive_(1)_ASVspoof2019_LA,audio,bonafide,0,train,.flac
C:\Users\paruc\Downloads\archive (1)\LA\LA\ASVspoof2019_LA_dev\flac\LA_D_8553650.flac,archive_(1)_ASVspoof2019_LA,audio,bonafide,0,train,.flac
C:\Users\paruc\Downloads\archive (1)\LA\LA\ASVspoof2019_LA_dev\flac\LA_D_3941447.flac,archive_(1)_ASVspoof2019_LA,audio,bonafide,0,train,.flac
C:\Users\paruc\Downloads\archive (1)\LA\LA\ASVspoof2019_LA_dev\flac\LA_D_2934981.flac,archive_(1)_ASVspoof2019_LA,audio,bonafide,0,train,.flac
C:\Users\paruc\Downloads\archive (1)\LA\LA\ASVspoof2019_LA_dev\flac\LA_D_2302005.flac,archive_(1)_ASVspoof2019_LA,audio,bonafide,0,train,.flac
C:\Users\paruc\Downloads\archive (1)\LA\LA\ASVspoof2019_LA_dev\flac\LA_D_5258398.flac,archive_(1)_ASVspoof2019_LA,audio,spoof,1,train,.flac
C:\Users\paruc\Downloads\archive (1)\LA\LA\ASVspoof2019_LA_dev\flac\LA_D_4577893.flac,archive_(1)_ASVspoof2019_LA,audio,spoof,1,train,.flac
C:\Users\paruc\Downloads\archive (1)\LA\LA\ASVspoof2019_LA_dev\flac\LA_D_5759383.flac,archive_(1)_ASVspoof2019_LA,audio,bonafide,0,train,.flac
C:\Users\paruc\Downloads\archive (1)\LA\LA\ASVspoof2019_LA_dev\flac\LA_D_7877117.flac,archive_(1)_ASVspoof2019_LA,audio,spoof,1,train,.flac
C:\Users\paruc\Downloads\archive (1)\LA\LA\ASVspoof2019_LA_dev\flac\LA_D_9742208.flac,archive_(1)_ASVspoof2019_LA,audio,spoof,1,train,.flac
C:\Users\paruc\Downloads\archive (1)\LA\LA\ASVspoof2019_LA_dev\flac\LA_D_7490963.flac,archive_(1)_ASVspoof2019_LA,audio,spoof,1,train,.flac
C:\Users\paruc\Downloads\archive (1)\LA\LA\ASVspoof2019_LA_dev\flac\LA_D_8061400.flac,archive_(1)_ASVspoof2019_LA,audio,bonafide,0,train,.flac
C:\Users\paruc\Downloads\archive (1)\LA\LA\ASVspoof2019_LA_dev\flac\LA_D_7181044.flac,archive_(1)_ASVspoof2019_LA,audio,bonafide,0,train,.flac
C:\Users\paruc\Downloads\archive (1)\LA\LA\ASVspoof2019_LA_dev\flac\LA_D_5914465.flac,archive_(1)_ASVspoof2019_LA,audio,bonafide,0,train,.flac
C:\Users\paruc\Downloads\archive (1)\LA\LA\ASVspoof2019_LA_dev\flac\LA_D_2609846.flac,archive_(1)_ASVspoof2019_LA,audio,spoof,1,train,.flac
C:\Users\paruc\Downloads\archive (1)\LA\LA\ASVspoof2019_LA_dev\flac\LA_D_6165815.flac,archive_(1)_ASVspoof2019_LA,audio,spoof,1,train,.flac
C:\Users\paruc\Downloads\archive (1)\LA\LA\ASVspoof2019_LA_dev\flac\LA_D_3571417.flac,archive_(1)_ASVspoof2019_LA,audio,spoof,1,train,.flac
C:\Users\paruc\Downloads\archive (1)\LA\LA\ASVspoof2019_LA_dev\flac\LA_D_4194549.flac,archive_(1)_ASVspoof2019_LA,audio,spoof,1,train,.flac
C:\Users\paruc\Downloads\archive (1)\LA\LA\ASVspoof2019_LA_dev\flac\LA_D_4310386.flac,archive_(1)_ASVspoof2019_LA,audio,bonafide,0,train,.flac
C:\Users\paruc\Downloads\archive (1)\LA\LA\ASVspoof2019_LA_dev\flac\LA_D_7480903.flac,archive_(1)_ASVspoof2019_LA,audio,bonafide,0,train,.flac
C:\Users\paruc\Downloads\archive (1)\LA\LA\ASVspoof2019_LA_dev\flac\LA_D_4468016.flac,archive_(1)_ASVspoof2019_LA,audio,bonafide,0,train,.flac
C:\Users\paruc\Downloads\archive (1)\LA\LA\ASVspoof2019_LA_dev\flac\LA_D_7521512.flac,archive_(1)_ASVspoof2019_LA,audio,spoof,1,train,.flac
C:\Users\paruc\Downloads\archive (1)\LA\LA\ASVspoof2019_LA_dev\flac\LA_D_2824820.flac,archive_(1)_ASVspoof2019_LA,audio,bonafide,0,train,.flac
C:\Users\paruc\Downloads\archive (1)\LA\LA\ASVspoof2019_LA_dev\flac\LA_D_9304099.flac,archive_(1)_ASVspoof2019_LA,audio,bonafide,0,train,.flac
C:\Users\paruc\Downloads\archive (1)\LA\LA\ASVspoof2019_LA_dev\flac\LA_D_8559056.flac,archive_(1)_ASVspoof2019_LA,audio,bonafide,0,train,.flac
C:\Users\paruc\Downloads\archive (1)\LA\LA\ASVspoof2019_LA_dev\flac\LA_D_6947992.flac,archive_(1)_ASVspoof2019_LA,audio,spoof,1,train,.flac
C:\Users\paruc\Downloads\archive (1)\LA\LA\ASVspoof2019_LA_dev\flac\LA_D_7905821.flac,archive_(1)_ASVspoof2019_LA,audio,spoof,1,train,.flac
C:\Users\paruc\Downloads\archive (1)\LA\LA\ASVspoof2019_LA_dev\flac\LA_D_7860524.flac,archive_(1)_ASVspoof2019_LA,audio,spoof,1,train,.flac
C:\Users\paruc\Downloads\archive (1)\LA\LA\ASVspoof2019_LA_dev\flac\LA_D_9531450.flac,archive_(1)_ASVspoof2019_LA,audio,bonafide,0,train,.flac
C:\Users\paruc\Downloads\archive (1)\LA\LA\ASVspoof2019_LA_dev\flac\LA_D_9329913.flac,archive_(1)_ASVspoof2019_LA,audio,spoof,1,train,.flac
C:\Users\paruc\Downloads\archive (1)\LA\LA\ASVspoof2019_LA_dev\flac\LA_D_4433236.flac,archive_(1)_ASVspoof2019_LA,audio,bonafide,0,train,.flac
C:\Users\paruc\Downloads\archive (1)\LA\LA\ASVspoof2019_LA_dev\flac\LA_D_4550700.flac,archive_(1)_ASVspoof2019_LA,audio,bonafide,0,train,.flac
C:\Users\paruc\Downloads\archive (1)\LA\LA\ASVspoof2019_LA_dev\flac\LA_D_7519610.flac,archive_(1)_ASVspoof2019_LA,audio,spoof,1,train,.flac
C:\Users\paruc\Downloads\archive (1)\LA\LA\ASVspoof2019_LA_dev\flac\LA_D_7640990.flac,archive_(1)_ASVspoof2019_LA,audio,bonafide,0,train,.flac
C:\Users\paruc\Downloads\archive (1)\LA\LA\ASVspoof2019_LA_dev\flac\LA_D_1671851.flac,archive_(1)_ASVspoof2019_LA,audio,spoof,1,train,.flac
C:\Users\paruc\Downloads\archive (1)\LA\LA\ASVspoof2019_LA_dev\flac\LA_D_1156906.flac,archive_(1)_ASVspoof2019_LA,audio,bonafide,0,train,.flac
C:\Users\paruc\Downloads\archive (1)\LA\LA\ASVspoof2019_LA_dev\flac\LA_D_9883591.flac,archive_(1)_ASVspoof2019_LA,audio,bonafide,0,train,.flac
C:\Users\paruc\Downloads\archive (1)\LA\LA\ASVspoof2019_LA_dev\flac\LA_D_3384545.flac,archive_(1)_ASVspoof2019_LA,audio,spoof,1,train,.flac
C:\Users\paruc\Downloads\archive (1)\LA\LA\ASVspoof2019_LA_dev\flac\LA_D_8091647.flac,archive_(1)_ASVspoof2019_LA,audio,spoof,1,train,.flac
C:\Users\paruc\Downloads\archive (1)\LA\LA\ASVspoof2019_LA_dev\flac\LA_D_1721527.flac,archive_(1)_ASVspoof2019_LA,audio,bonafide,0,train,.flac
C:\Users\paruc\Downloads\archive (1)\LA\LA\ASVspoof2019_LA_dev\flac\LA_D_6289317.flac,archive_(1)_ASVspoof2019_LA,audio,bonafide,0,train,.flac
C:\Users\paruc\Downloads\archive (1)\LA\LA\ASVspoof2019_LA_dev\flac\LA_D_2400629.flac,archive_(1)_ASVspoof2019_LA,audio,spoof,1,train,.flac
C:\Users\paruc\Downloads\archive (1)\LA\LA\ASVspoof2019_LA_dev\flac\LA_D_6189237.flac,archive_(1)_ASVspoof2019_LA,audio,bonafide,0,train,.flac
C:\Users\paruc\Downloads\archive (1)\LA\LA\ASVspoof2019_LA_dev\flac\LA_D_3931322.flac,archive_(1)_ASVspoof2019_LA,audio,spoof,1,train,.flac
C:\Users\paruc\Downloads\archive (1)\LA\LA\ASVspoof2019_LA_dev\flac\LA_D_9877194.flac,archive_(1)_ASVspoof2019_LA,audio,bonafide,0,train,.flac
C:\Users\paruc\Downloads\archive (1)\LA\LA\ASVspoof2019_LA_dev\flac\LA_D_7166738.flac,archive_(1)_ASVspoof2019_LA,audio,spoof,1,train,.flac
C:\Users\paruc\Downloads\archive (1)\LA\LA\ASVspoof2019_LA_dev\flac\LA_D_7230566.flac,archive_(1)_ASVspoof2019_LA,audio,bonafide,0,train,.flac
C:\Users\paruc\Downloads\archive (1)\LA\LA\ASVspoof2019_LA_dev\flac\LA_D_2223225.flac,archive_(1)_ASVspoof2019_LA,audio,bonafide,0,train,.flac
C:\Users\paruc\Downloads\archive (1)\LA\LA\ASVspoof2019_LA_dev\flac\LA_D_8894154.flac,archive_(1)_ASVspoof2019_LA,audio,bonafide,0,train,.flac
C:\Users\paruc\Downloads\archive (1)\LA\LA\ASVspoof2019_LA_dev\flac\LA_D_8477754.flac,archive_(1)_ASVspoof2019_LA,audio,spoof,1,train,.flac
C:\Users\paruc\Downloads\archive (1)\LA\LA\ASVspoof2019_LA_dev\flac\LA_D_7071725.flac,archive_(1)_ASVspoof2019_LA,audio,bonafide,0,train,.flac
C:\Users\paruc\Downloads\archive (1)\LA\LA\ASVspoof2019_LA_dev\flac\LA_D_8563072.flac,archive_(1)_ASVspoof2019_LA,audio,spoof,1,train,.flac
C:\Users\paruc\Downloads\archive (1)\LA\LA\ASVspoof2019_LA_dev\flac\LA_D_3051718.flac,archive_(1)_ASVspoof2019_LA,audio,bonafide,0,train,.flac
C:\Users\paruc\Downloads\archive (1)\LA\LA\ASVspoof2019_LA_dev\flac\LA_D_4019149.flac,archive_(1)_ASVspoof2019_LA,audio,spoof,1,train,.flac
C:\Users\paruc\Downloads\archive (1)\LA\LA\ASVspoof2019_LA_dev\flac\LA_D_3847750.flac,archive_(1)_ASVspoof2019_LA,audio,bonafide,0,train,.flac
C:\Users\paruc\Downloads\archive (1)\LA\LA\ASVspoof2019_LA_dev\flac\LA_D_7924450.flac,archive_(1)_ASVspoof2019_LA,audio,spoof,1,train,.flac
C:\Users\paruc\Downloads\archive (1)\LA\LA\ASVspoof2019_LA_dev\flac\LA_D_6579719.flac,archive_(1)_ASVspoof2019_LA,audio,spoof,1,train,.flac
C:\Users\paruc\Downloads\archive (1)\LA\LA\ASVspoof2019_LA_dev\flac\LA_D_2368097.flac,archive_(1)_ASVspoof2019_LA,audio,spoof,1,train,.flac
C:\Users\paruc\Downloads\archive (1)\LA\LA\ASVspoof2019_LA_dev\flac\LA_D_9268601.flac,archive_(1)_ASVspoof2019_LA,audio,bonafide,0,train,.flac
C:\Users\paruc\Downloads\archive (1)\LA\LA\ASVspoof2019_LA_dev\flac\LA_D_3048061.flac,archive_(1)_ASVspoof2019_LA,audio,spoof,1,train,.flac
C:\Users\paruc\Downloads\archive (1)\LA\LA\ASVspoof2019_LA_dev\flac\LA_D_2648488.flac,archive_(1)_ASVspoof2019_LA,audio,spoof,1,train,.flac
C:\Users\paruc\Downloads\archive (1)\LA\LA\ASVspoof2019_LA_dev\flac\LA_D_4848136.flac,archive_(1)_ASVspoof2019_LA,audio,spoof,1,train,.flac
C:\Users\paruc\Downloads\archive (1)\LA\LA\ASVspoof2019_LA_dev\flac\LA_D_3475014.flac,archive_(1)_ASVspoof2019_LA,audio,bonafide,0,train,.flac
C:\Users\paruc\Downloads\archive (1)\LA\LA\ASVspoof2019_LA_dev\flac\LA_D_6558890.flac,archive_(1)_ASVspoof2019_LA,audio,bonafide,0,train,.flac
C:\Users\paruc\Downloads\archive (1)\LA\LA\ASVspoof2019_LA_dev\flac\LA_D_1557794.flac,archive_(1)_ASVspoof2019_LA,audio,spoof,1,train,.flac
C:\Users\paruc\Downloads\archive (1)\LA\LA\ASVspoof2019_LA_dev\flac\LA_D_2631285.flac,archive_(1)_ASVspoof2019_LA,audio,spoof,1,train,.flac
C:\Users\paruc\Downloads\archive (1)\LA\LA\ASVspoof2019_LA_dev\flac\LA_D_4949188.flac,archive_(1)_ASVspoof2019_LA,audio,bonafide,0,train,.flac
C:\Users\paruc\Downloads\archive (1)\LA\LA\ASVspoof2019_LA_dev\flac\LA_D_5239066.flac,archive_(1)_ASVspoof2019_LA,audio,spoof,1,train,.flac
C:\Users\paruc\Downloads\archive (1)\LA\LA\ASVspoof2019_LA_dev\flac\LA_D_4309711.flac,archive_(1)_ASVspoof2019_LA,audio,bonafide,0,train,.flac
C:\Users\paruc\Downloads\archive (1)\LA\LA\ASVspoof2019_LA_dev\flac\LA_D_7663756.flac,archive_(1)_ASVspoof2019_LA,audio,spoof,1,train,.flac
C:\Users\paruc\Downloads\archive (1)\LA\LA\ASVspoof2019_LA_dev\flac\LA_D_6097465.flac,archive_(1)_ASVspoof2019_LA,audio,spoof,1,train,.flac
C:\Users\paruc\Downloads\archive (1)\LA\LA\ASVspoof2019_LA_dev\flac\LA_D_1239715.flac,archive_(1)_ASVspoof2019_LA,audio,bonafide,0,train,.flac
C:\Users\paruc\Downloads\archive (1)\LA\LA\ASVspoof2019_LA_dev\flac\LA_D_4564137.flac,archive_(1)_ASVspoof2019_LA,audio,spoof,1,train,.flac
C:\Users\paruc\Downloads\archive (1)\LA\LA\ASVspoof2019_LA_dev\flac\LA_D_3062025.flac,archive_(1)_ASVspoof2019_LA,audio,bonafide,0,train,.flac
C:\Users\paruc\Downloads\archive (1)\LA\LA\ASVspoof2019_LA_dev\flac\LA_D_5353056.flac,archive_(1)_ASVspoof2019_LA,audio,spoof,1,train,.flac
C:\Users\paruc\Downloads\archive (1)\LA\LA\ASVspoof2019_LA_dev\flac\LA_D_5110992.flac,archive_(1)_ASVspoof2019_LA,audio,bonafide,0,train,.flac
C:\Users\paruc\Downloads\archive (1)\LA\LA\ASVspoof2019_LA_dev\flac\LA_D_9120875.flac,archive_(1)_ASVspoof2019_LA,audio,spoof,1,train,.flac
C:\Users\paruc\Downloads\archive (1)\LA\LA\ASVspoof2019_LA_dev\flac\LA_D_1096800.flac,archive_(1)_ASVspoof2019_LA,audio,spoof,1,train,.flac
C:\Users\paruc\Downloads\archive (1)\LA\LA\ASVspoof2019_LA_dev\flac\LA_D_6958629.flac,archive_(1)_ASVspoof2019_LA,audio,spoof,1,train,.flac
C:\Users\paruc\Downloads\archive (1)\LA\LA\ASVspoof2019_LA_dev\flac\LA_D_2645266.flac,archive_(1)_ASVspoof2019_LA,audio,spoof,1,train,.flac
C:\Users\paruc\Downloads\archive (1)\LA\LA\ASVspoof2019_LA_dev\flac\LA_D_9183395.flac,archive_(1)_ASVspoof2019_LA,audio,bonafide,0,train,.flac
C:\Users\paruc\Downloads\archive (1)\LA\LA\ASVspoof2019_LA_dev\flac\LA_D_8591429.flac,archive_(1)_ASVspoof2019_LA,audio,bonafide,0,train,.flac
C:\Users\paruc\Downloads\archive (1)\LA\LA\ASVspoof2019_LA_dev\flac\LA_D_5424592.flac,archive_(1)_ASVspoof2019_LA,audio,spoof,1,train,.flac
C:\Users\paruc\Downloads\archive (1)\LA\LA\ASVspoof2019_LA_dev\flac\LA_D_4653718.flac,archive_(1)_ASVspoof2019_LA,audio,spoof,1,train,.flac
C:\Users\paruc\Downloads\archive (1)\LA\LA\ASVspoof2019_LA_dev\flac\LA_D_7075319.flac,archive_(1)_ASVspoof2019_LA,audio,spoof,1,train,.flac
C:\Users\paruc\Downloads\archive (1)\LA\LA\ASVspoof2019_LA_dev\flac\LA_D_2417895.flac,archive_(1)_ASVspoof2019_LA,audio,spoof,1,train,.flac
C:\Users\paruc\Downloads\archive (1)\LA\LA\ASVspoof2019_LA_dev\flac\LA_D_3809615.flac,archive_(1)_ASVspoof2019_LA,audio,spoof,1,train,.flac
C:\Users\paruc\Downloads\archive (1)\LA\LA\ASVspoof2019_LA_dev\flac\LA_D_1355998.flac,archive_(1)_ASVspoof2019_LA,audio,spoof,1,train,.flac
C:\Users\paruc\Downloads\archive (1)\LA\LA\ASVspoof2019_LA_dev\flac\LA_D_3346070.flac,archive_(1)_ASVspoof2019_LA,audio,spoof,1,train,.flac
C:\Users\paruc\Downloads\archive (1)\LA\LA\ASVspoof2019_LA_dev\flac\LA_D_9285185.flac,archive_(1)_ASVspoof2019_LA,audio,spoof,1,train,.flac
C:\Users\paruc\Downloads\archive (1)\LA\LA\ASVspoof2019_LA_dev\flac\LA_D_8613483.flac,archive_(1)_ASVspoof2019_LA,audio,spoof,1,train,.flac
C:\Users\paruc\Downloads\archive (1)\LA\LA\ASVspoof2019_LA_dev\flac\LA_D_2654763.flac,archive_(1)_ASVspoof2019_LA,audio,bonafide,0,train,.flac
C:\Users\paruc\Downloads\archive (1)\LA\LA\ASVspoof2019_LA_dev\flac\LA_D_6134312.flac,archive_(1)_ASVspoof2019_LA,audio,spoof,1,train,.flac
C:\Users\paruc\Downloads\archive (1)\LA\LA\ASVspoof2019_LA_dev\flac\LA_D_3258501.flac,archive_(1)_ASVspoof2019_LA,audio,bonafide,0,train,.flac
C:\Users\paruc\Downloads\archive (1)\LA\LA\ASVspoof2019_LA_dev\flac\LA_D_5989374.flac,archive_(1)_ASVspoof2019_LA,audio,bonafide,0,train,.flac
C:\Users\paruc\Downloads\archive (1)\LA\LA\ASVspoof2019_LA_dev\flac\LA_D_6931606.flac,archive_(1)_ASVspoof2019_LA,audio,spoof,1,train,.flac
C:\Users\paruc\Downloads\archive (1)\LA\LA\ASVspoof2019_LA_dev\flac\LA_D_1874320.flac,archive_(1)_ASVspoof2019_LA,audio,bonafide,0,train,.flac
C:\Users\paruc\Downloads\archive (1)\LA\LA\ASVspoof2019_LA_dev\flac\LA_D_5072627.flac,archive_(1)_ASVspoof2019_LA,audio,bonafide,0,train,.flac
C:\Users\paruc\Downloads\archive (1)\LA\LA\ASVspoof2019_LA_dev\flac\LA_D_5826428.flac,archive_(1)_ASVspoof2019_LA,audio,bonafide,0,train,.flac
C:\Users\paruc\Downloads\archive (1)\LA\LA\ASVspoof2019_LA_dev\flac\LA_D_6124905.flac,archive_(1)_ASVspoof2019_LA,audio,bonafide,0,train,.flac
C:\Users\paruc\Downloads\archive (1)\LA\LA\ASVspoof2019_LA_dev\flac\LA_D_9249528.flac,archive_(1)_ASVspoof2019_LA,audio,spoof,1,train,.flac
C:\Users\paruc\Downloads\archive (1)\LA\LA\ASVspoof2019_LA_dev\flac\LA_D_2295451.flac,archive_(1)_ASVspoof2019_LA,audio,spoof,1,train,.flac
C:\Users\paruc\Downloads\archive (1)\LA\LA\ASVspoof2019_LA_dev\flac\LA_D_8733315.flac,archive_(1)_ASVspoof2019_LA,audio,spoof,1,train,.flac
C:\Users\paruc\Downloads\archive (1)\LA\LA\ASVspoof2019_LA_dev\flac\LA_D_7081849.flac,archive_(1)_ASVspoof2019_LA,audio,spoof,1,train,.flac
C:\Users\paruc\Downloads\archive (1)\LA\LA\ASVspoof2019_LA_dev\flac\LA_D_8050230.flac,archive_(1)_ASVspoof2019_LA,audio,spoof,1,train,.flac
C:\Users\paruc\Downloads\archive (1)\LA\LA\ASVspoof2019_LA_dev\flac\LA_D_4813945.flac,archive_(1)_ASVspoof2019_LA,audio,spoof,1,train,.flac
C:\Users\paruc\Downloads\archive (1)\LA\LA\ASVspoof2019_LA_dev\flac\LA_D_9375118.flac,archive_(1)_ASVspoof2019_LA,audio,spoof,1,train,.flac
C:\Users\paruc\Downloads\archive (1)\LA\LA\ASVspoof2019_LA_dev\flac\LA_D_8232673.flac,archive_(1)_ASVspoof2019_LA,audio,bonafide,0,train,.flac
C:\Users\paruc\Downloads\archive (1)\LA\LA\ASVspoof2019_LA_dev\flac\LA_D_2259016.flac,archive_(1)_ASVspoof2019_LA,audio,spoof,1,train,.flac
C:\Users\paruc\Downloads\archive (1)\LA\LA\ASVspoof2019_LA_dev\flac\LA_D_3379278.flac,archive_(1)_ASVspoof2019_LA,audio,spoof,1,train,.flac
C:\Users\paruc\Downloads\archive (1)\LA\LA\ASVspoof2019_LA_dev\flac\LA_D_9588984.flac,archive_(1)_ASVspoof2019_LA,audio,spoof,1,train,.flac
C:\Users\paruc\Downloads\archive (1)\LA\LA\ASVspoof2019_LA_dev\flac\LA_D_9105003.flac,archive_(1)_ASVspoof2019_LA,audio,bonafide,0,train,.flac
C:\Users\paruc\Downloads\archive (1)\LA\LA\ASVspoof2019_LA_dev\flac\LA_D_2478969.flac,archive_(1)_ASVspoof2019_LA,audio,spoof,1,train,.flac
C:\Users\paruc\Downloads\archive (1)\LA\LA\ASVspoof2019_LA_dev\flac\LA_D_9437065.flac,archive_(1)_ASVspoof2019_LA,audio,bonafide,0,train,.flac
C:\Users\paruc\Downloads\archive (1)\LA\LA\ASVspoof2019_LA_dev\flac\LA_D_3323539.flac,archive_(1)_ASVspoof2019_LA,audio,bonafide,0,train,.flac
C:\Users\paruc\Downloads\archive (1)\LA\LA\ASVspoof2019_LA_dev\flac\LA_D_7394778.flac,archive_(1)_ASVspoof2019_LA,audio,spoof,1,train,.flac
C:\Users\paruc\Downloads\archive (1)\LA\LA\ASVspoof2019_LA_dev\flac\LA_D_9238819.flac,archive_(1)_ASVspoof2019_LA,audio,bonafide,0,train,.flac
C:\Users\paruc\Downloads\archive (1)\LA\LA\ASVspoof2019_LA_dev\flac\LA_D_2946318.flac,archive_(1)_ASVspoof2019_LA,audio,bonafide,0,train,.flac
C:\Users\paruc\Downloads\archive (1)\LA\LA\ASVspoof2019_LA_dev\flac\LA_D_3776953.flac,archive_(1)_ASVspoof2019_LA,audio,bonafide,0,train,.flac
C:\Users\paruc\Downloads\archive (1)\LA\LA\ASVspoof2019_LA_dev\flac\LA_D_3922266.flac,archive_(1)_ASVspoof2019_LA,audio,bonafide,0,train,.flac
C:\Users\paruc\Downloads\archive (1)\LA\LA\ASVspoof2019_LA_dev\flac\LA_D_5359798.flac,archive_(1)_ASVspoof2019_LA,audio,spoof,1,train,.flac
C:\Users\paruc\Downloads\archive (1)\LA\LA\ASVspoof2019_LA_dev\flac\LA_D_2002365.flac,archive_(1)_ASVspoof2019_LA,audio,bonafide,0,train,.flac
C:\Users\paruc\Downloads\archive (1)\LA\LA\ASVspoof2019_LA_dev\flac\LA_D_2339825.flac,archive_(1)_ASVspoof2019_LA,audio,bonafide,0,train,.flac
C:\Users\paruc\Downloads\archive (1)\LA\LA\ASVspoof2019_LA_dev\flac\LA_D_1767120.flac,archive_(1)_ASVspoof2019_LA,audio,spoof,1,train,.flac
C:\Users\paruc\Downloads\archive (1)\LA\LA\ASVspoof2019_LA_dev\flac\LA_D_1565390.flac,archive_(1)_ASVspoof2019_LA,audio,bonafide,0,train,.flac
C:\Users\paruc\Downloads\archive (1)\LA\LA\ASVspoof2019_LA_dev\flac\LA_D_2165027.flac,archive_(1)_ASVspoof2019_LA,audio,bonafide,0,train,.flac
C:\Users\paruc\Downloads\archive (1)\LA\LA\ASVspoof2019_LA_dev\flac\LA_D_6594571.flac,archive_(1)_ASVspoof2019_LA,audio,bonafide,0,train,.flac
C:\Users\paruc\Downloads\archive (1)\LA\LA\ASVspoof2019_LA_dev\flac\LA_D_6417464.flac,archive_(1)_ASVspoof2019_LA,audio,spoof,1,train,.flac
C:\Users\paruc\Downloads\archive (1)\LA\LA\ASVspoof2019_LA_dev\flac\LA_D_2315845.flac,archive_(1)_ASVspoof2019_LA,audio,spoof,1,train,.flac
C:\Users\paruc\Downloads\archive (1)\LA\LA\ASVspoof2019_LA_dev\flac\LA_D_7534463.flac,archive_(1)_ASVspoof2019_LA,audio,bonafide,0,train,.flac
C:\Users\paruc\Downloads\archive (1)\LA\LA\ASVspoof2019_LA_dev\flac\LA_D_2552574.flac,archive_(1)_ASVspoof2019_LA,audio,bonafide,0,train,.flac
C:\Users\paruc\Downloads\archive (1)\LA\LA\ASVspoof2019_LA_dev\flac\LA_D_7769284.flac,archive_(1)_ASVspoof2019_LA,audio,bonafide,0,train,.flac
C:\Users\paruc\Downloads\archive (1)\LA\LA\ASVspoof2019_LA_dev\flac\LA_D_3668276.flac,archive_(1)_ASVspoof2019_LA,audio,spoof,1,train,.flac
C:\Users\paruc\Downloads\archive (1)\LA\LA\ASVspoof2019_LA_dev\flac\LA_D_4514282.flac,archive_(1)_ASVspoof2019_LA,audio,bonafide,0,train,.flac
C:\Users\paruc\Downloads\archive (1)\LA\LA\ASVspoof2019_LA_dev\flac\LA_D_3479802.flac,archive_(1)_ASVspoof2019_LA,audio,bonafide,0,train,.flac
C:\Users\paruc\Downloads\archive (1)\LA\LA\ASVspoof2019_LA_dev\flac\LA_D_5445492.flac,archive_(1)_ASVspoof2019_LA,audio,bonafide,0,train,.flac
C:\Users\paruc\Downloads\archive (1)\LA\LA\ASVspoof2019_LA_dev\flac\LA_D_8076909.flac,archive_(1)_ASVspoof2019_LA,audio,spoof,1,train,.flac
C:\Users\paruc\Downloads\archive (1)\LA\LA\ASVspoof2019_LA_dev\flac\LA_D_6042898.flac,archive_(1)_ASVspoof2019_LA,audio,bonafide,0,train,.flac
C:\Users\paruc\Downloads\archive (1)\LA\LA\ASVspoof2019_LA_dev\flac\LA_D_3158628.flac,archive_(1)_ASVspoof2019_LA,audio,spoof,1,train,.flac
C:\Users\paruc\Downloads\archive (1)\LA\LA\ASVspoof2019_LA_dev\flac\LA_D_9798833.flac,archive_(1)_ASVspoof2019_LA,audio,spoof,1,train,.flac
C:\Users\paruc\Downloads\archive (1)\LA\LA\ASVspoof2019_LA_dev\flac\LA_D_2441155.flac,archive_(1)_ASVspoof2019_LA,audio,spoof,1,train,.flac
C:\Users\paruc\Downloads\archive (1)\LA\LA\ASVspoof2019_LA_dev\flac\LA_D_6749090.flac,archive_(1)_ASVspoof2019_LA,audio,spoof,1,train,.flac
C:\Users\paruc\Downloads\archive (1)\LA\LA\ASVspoof2019_LA_dev\flac\LA_D_6345783.flac,archive_(1)_ASVspoof2019_LA,audio,spoof,1,train,.flac
C:\Users\paruc\Downloads\archive (1)\LA\LA\ASVspoof2019_LA_dev\flac\LA_D_2091673.flac,archive_(1)_ASVspoof2019_LA,audio,spoof,1,train,.flac
C:\Users\paruc\Downloads\archive (1)\LA\LA\ASVspoof2019_LA_dev\flac\LA_D_4174255.flac,archive_(1)_ASVspoof2019_LA,audio,spoof,1,train,.flac
C:\Users\paruc\Downloads\archive (1)\LA\LA\ASVspoof2019_LA_dev\flac\LA_D_1410704.flac,archive_(1)_ASVspoof2019_LA,audio,bonafide,0,train,.flac
C:\Users\paruc\Downloads\archive (1)\LA\LA\ASVspoof2019_LA_dev\flac\LA_D_7458005.flac,archive_(1)_ASVspoof2019_LA,audio,spoof,1,train,.flac
C:\Users\paruc\Downloads\archive (1)\LA\LA\ASVspoof2019_LA_dev\flac\LA_D_7912208.flac,archive_(1)_ASVspoof2019_LA,audio,spoof,1,train,.flac
C:\Users\paruc\Downloads\archive (1)\LA\LA\ASVspoof2019_LA_dev\flac\LA_D_7160537.flac,archive_(1)_ASVspoof2019_LA,audio,spoof,1,train,.flac
C:\Users\paruc\Downloads\archive (1)\LA\LA\ASVspoof2019_LA_dev\flac\LA_D_7718079.flac,archive_(1)_ASVspoof2019_LA,audio,bonafide,0,train,.flac
C:\Users\paruc\Downloads\archive (1)\LA\LA\ASVspoof2019_LA_dev\flac\LA_D_5834157.flac,archive_(1)_ASVspoof2019_LA,audio,bonafide,0,train,.flac
C:\Users\paruc\Downloads\archive (1)\LA\LA\ASVspoof2019_LA_dev\flac\LA_D_2598079.flac,archive_(1)_ASVspoof2019_LA,audio,spoof,1,train,.flac
C:\Users\paruc\Downloads\archive (1)\LA\LA\ASVspoof2019_LA_dev\flac\LA_D_8540616.flac,archive_(1)_ASVspoof2019_LA,audio,spoof,1,train,.flac
C:\Users\paruc\Downloads\archive (1)\LA\LA\ASVspoof2019_LA_dev\flac\LA_D_5221571.flac,archive_(1)_ASVspoof2019_LA,audio,spoof,1,train,.flac
C:\Users\paruc\Downloads\archive (1)\LA\LA\ASVspoof2019_LA_dev\flac\LA_D_7765872.flac,archive_(1)_ASVspoof2019_LA,audio,bonafide,0,train,.flac
C:\Users\paruc\Downloads\archive (1)\LA\LA\ASVspoof2019_LA_dev\flac\LA_D_7344200.flac,archive_(1)_ASVspoof2019_LA,audio,bonafide,0,train,.flac
C:\Users\paruc\Downloads\archive (1)\LA\LA\ASVspoof2019_LA_dev\flac\LA_D_5358232.flac,archive_(1)_ASVspoof2019_LA,audio,spoof,1,train,.flac
C:\Users\paruc\Downloads\archive (1)\LA\LA\ASVspoof2019_LA_dev\flac\LA_D_6994743.flac,archive_(1)_ASVspoof2019_LA,audio,spoof,1,train,.flac
C:\Users\paruc\Downloads\archive (1)\LA\LA\ASVspoof2019_LA_dev\flac\LA_D_9867970.flac,archive_(1)_ASVspoof2019_LA,audio,bonafide,0,train,.flac
C:\Users\paruc\Downloads\archive (1)\LA\LA\ASVspoof2019_LA_dev\flac\LA_D_8277539.flac,archive_(1)_ASVspoof2019_LA,audio,spoof,1,train,.flac
C:\Users\paruc\Downloads\archive (1)\LA\LA\ASVspoof2019_LA_dev\flac\LA_D_3593928.flac,archive_(1)_ASVspoof2019_LA,audio,spoof,1,train,.flac
C:\Users\paruc\Downloads\archive (1)\LA\LA\ASVspoof2019_LA_dev\flac\LA_D_2595652.flac,archive_(1)_ASVspoof2019_LA,audio,spoof,1,train,.flac
C:\Users\paruc\Downloads\archive (1)\LA\LA\ASVspoof2019_LA_dev\flac\LA_D_4930262.flac,archive_(1)_ASVspoof2019_LA,audio,bonafide,0,train,.flac
C:\Users\paruc\Downloads\archive (1)\LA\LA\ASVspoof2019_LA_dev\flac\LA_D_2661413.flac,archive_(1)_ASVspoof2019_LA,audio,spoof,1,train,.flac
C:\Users\paruc\Downloads\archive (1)\LA\LA\ASVspoof2019_LA_dev\flac\LA_D_7618557.flac,archive_(1)_ASVspoof2019_LA,audio,bonafide,0,train,.flac
C:\Users\paruc\Downloads\archive (1)\LA\LA\ASVspoof2019_LA_dev\flac\LA_D_6478834.flac,archive_(1)_ASVspoof2019_LA,audio,bonafide,0,train,.flac
C:\Users\paruc\Downloads\archive (1)\LA\LA\ASVspoof2019_LA_dev\flac\LA_D_5358070.flac,archive_(1)_ASVspoof2019_LA,audio,spoof,1,train,.flac
C:\Users\paruc\Downloads\archive (1)\LA\LA\ASVspoof2019_LA_dev\flac\LA_D_8947861.flac,archive_(1)_ASVspoof2019_LA,audio,bonafide,0,train,.flac
C:\Users\paruc\Downloads\archive (1)\LA\LA\ASVspoof2019_LA_dev\flac\LA_D_4782717.flac,archive_(1)_ASVspoof2019_LA,audio,spoof,1,train,.flac
C:\Users\paruc\Downloads\archive (1)\LA\LA\ASVspoof2019_LA_dev\flac\LA_D_6912038.flac,archive_(1)_ASVspoof2019_LA,audio,bonafide,0,train,.flac
C:\Users\paruc\Downloads\archive (1)\LA\LA\ASVspoof2019_LA_dev\flac\LA_D_1288236.flac,archive_(1)_ASVspoof2019_LA,audio,spoof,1,train,.flac
C:\Users\paruc\Downloads\archive (1)\LA\LA\ASVspoof2019_LA_dev\flac\LA_D_7228225.flac,archive_(1)_ASVspoof2019_LA,audio,spoof,1,train,.flac
C:\Users\paruc\Downloads\archive (1)\LA\LA\ASVspoof2019_LA_dev\flac\LA_D_5279003.flac,archive_(1)_ASVspoof2019_LA,audio,spoof,1,train,.flac
C:\Users\paruc\Downloads\archive (1)\LA\LA\ASVspoof2019_LA_dev\flac\LA_D_5308230.flac,archive_(1)_ASVspoof2019_LA,audio,spoof,1,train,.flac
C:\Users\paruc\Downloads\archive (1)\LA\LA\ASVspoof2019_LA_dev\flac\LA_D_9451365.flac,archive_(1)_ASVspoof2019_LA,audio,bonafide,0,train,.flac
C:\Users\paruc\Downloads\archive (1)\LA\LA\ASVspoof2019_LA_dev\flac\LA_D_1055140.flac,archive_(1)_ASVspoof2019_LA,audio,spoof,1,train,.flac
C:\Users\paruc\Downloads\archive (1)\LA\LA\ASVspoof2019_LA_dev\flac\LA_D_5768079.flac,archive_(1)_ASVspoof2019_LA,audio,spoof,1,train,.flac
C:\Users\paruc\Downloads\archive (1)\LA\LA\ASVspoof2019_LA_dev\flac\LA_D_4037520.flac,archive_(1)_ASVspoof2019_LA,audio,spoof,1,train,.flac
C:\Users\paruc\Downloads\archive (1)\LA\LA\ASVspoof2019_LA_dev\flac\LA_D_5823706.flac,archive_(1)_ASVspoof2019_LA,audio,bonafide,0,train,.flac
C:\Users\paruc\Downloads\archive (1)\LA\LA\ASVspoof2019_LA_dev\flac\LA_D_3113960.flac,archive_(1)_ASVspoof2019_LA,audio,spoof,1,train,.flac
C:\Users\paruc\Downloads\archive (1)\LA\LA\ASVspoof2019_LA_dev\flac\LA_D_8773029.flac,archive_(1)_ASVspoof2019_LA,audio,bonafide,0,train,.flac
C:\Users\paruc\Downloads\archive (1)\LA\LA\ASVspoof2019_LA_dev\flac\LA_D_4585543.flac,archive_(1)_ASVspoof2019_LA,audio,spoof,1,train,.flac
C:\Users\paruc\Downloads\archive (1)\LA\LA\ASVspoof2019_LA_dev\flac\LA_D_3359713.flac,archive_(1)_ASVspoof2019_LA,audio,spoof,1,train,.flac
C:\Users\paruc\Downloads\archive (1)\LA\LA\ASVspoof2019_LA_dev\flac\LA_D_1725588.flac,archive_(1)_ASVspoof2019_LA,audio,spoof,1,train,.flac
C:\Users\paruc\Downloads\archive (1)\LA\LA\ASVspoof2019_LA_dev\flac\LA_D_6892674.flac,archive_(1)_ASVspoof2019_LA,audio,spoof,1,train,.flac
C:\Users\paruc\Downloads\archive (1)\LA\LA\ASVspoof2019_LA_dev\flac\LA_D_1288217.flac,archive_(1)_ASVspoof2019_LA,audio,bonafide,0,train,.flac
C:\Users\paruc\Downloads\archive (1)\LA\LA\ASVspoof2019_LA_dev\flac\LA_D_2224413.flac,archive_(1)_ASVspoof2019_LA,audio,spoof,1,train,.flac
C:\Users\paruc\Downloads\archive (1)\LA\LA\ASVspoof2019_LA_dev\flac\LA_D_3153699.flac,archive_(1)_ASVspoof2019_LA,audio,spoof,1,train,.flac
C:\Users\paruc\Downloads\archive (1)\LA\LA\ASVspoof2019_LA_dev\flac\LA_D_2030042.flac,archive_(1)_ASVspoof2019_LA,audio,spoof,1,train,.flac
C:\Users\paruc\Downloads\archive (1)\LA\LA\ASVspoof2019_LA_dev\flac\LA_D_8988945.flac,archive_(1)_ASVspoof2019_LA,audio,bonafide,0,train,.flac
C:\Users\paruc\Downloads\archive (1)\LA\LA\ASVspoof2019_LA_dev\flac\LA_D_9658949.flac,archive_(1)_ASVspoof2019_LA,audio,bonafide,0,train,.flac
C:\Users\paruc\Downloads\archive (1)\LA\LA\ASVspoof2019_LA_dev\flac\LA_D_7307287.flac,archive_(1)_ASVspoof2019_LA,audio,spoof,1,train,.flac
C:\Users\paruc\Downloads\archive (1)\LA\LA\ASVspoof2019_LA_dev\flac\LA_D_7764712.flac,archive_(1)_ASVspoof2019_LA,audio,spoof,1,train,.flac
C:\Users\paruc\Downloads\archive (1)\LA\LA\ASVspoof2019_LA_dev\flac\LA_D_9842587.flac,archive_(1)_ASVspoof2019_LA,audio,bonafide,0,train,.flac
C:\Users\paruc\Downloads\archive (1)\LA\LA\ASVspoof2019_LA_dev\flac\LA_D_5115522.flac,archive_(1)_ASVspoof2019_LA,audio,bonafide,0,train,.flac
C:\Users\paruc\Downloads\archive (1)\LA\LA\ASVspoof2019_LA_dev\flac\LA_D_3675542.flac,archive_(1)_ASVspoof2019_LA,audio,spoof,1,train,.flac
C:\Users\paruc\Downloads\archive (1)\LA\LA\ASVspoof2019_LA_dev\flac\LA_D_4568370.flac,archive_(1)_ASVspoof2019_LA,audio,spoof,1,train,.flac
C:\Users\paruc\Downloads\archive (1)\LA\LA\ASVspoof2019_LA_dev\flac\LA_D_6081830.flac,archive_(1)_ASVspoof2019_LA,audio,bonafide,0,train,.flac
C:\Users\paruc\Downloads\archive (1)\LA\LA\ASVspoof2019_LA_dev\flac\LA_D_9015485.flac,archive_(1)_ASVspoof2019_LA,audio,bonafide,0,train,.flac
C:\Users\paruc\Downloads\archive (1)\LA\LA\ASVspoof2019_LA_dev\flac\LA_D_2293625.flac,archive_(1)_ASVspoof2019_LA,audio,spoof,1,train,.flac
C:\Users\paruc\Downloads\archive (1)\LA\LA\ASVspoof2019_LA_dev\flac\LA_D_5261984.flac,archive_(1)_ASVspoof2019_LA,audio,bonafide,0,train,.flac
C:\Users\paruc\Downloads\archive (1)\LA\LA\ASVspoof2019_LA_dev\flac\LA_D_6870125.flac,archive_(1)_ASVspoof2019_LA,audio,spoof,1,train,.flac
C:\Users\paruc\Downloads\archive (1)\LA\LA\ASVspoof2019_LA_dev\flac\LA_D_5075029.flac,archive_(1)_ASVspoof2019_LA,audio,bonafide,0,train,.flac
C:\Users\paruc\Downloads\archive (1)\LA\LA\ASVspoof2019_LA_dev\flac\LA_D_7230852.flac,archive_(1)_ASVspoof2019_LA,audio,spoof,1,train,.flac
C:\Users\paruc\Downloads\archive (1)\LA\LA\ASVspoof2019_LA_dev\flac\LA_D_8765991.flac,archive_(1)_ASVspoof2019_LA,audio,bonafide,0,train,.flac
C:\Users\paruc\Downloads\archive (1)\LA\LA\ASVspoof2019_LA_dev\flac\LA_D_9491309.flac,archive_(1)_ASVspoof2019_LA,audio,bonafide,0,train,.flac
C:\Users\paruc\Downloads\archive (1)\LA\LA\ASVspoof2019_LA_dev\flac\LA_D_9917104.flac,archive_(1)_ASVspoof2019_LA,audio,bonafide,0,train,.flac
C:\Users\paruc\Downloads\archive (1)\LA\LA\ASVspoof2019_LA_dev\flac\LA_D_2042102.flac,archive_(1)_ASVspoof2019_LA,audio,spoof,1,train,.flac
C:\Users\paruc\Downloads\archive (1)\LA\LA\ASVspoof2019_LA_dev\flac\LA_D_8501151.flac,archive_(1)_ASVspoof2019_LA,audio,spoof,1,train,.flac
C:\Users\paruc\Downloads\archive (1)\LA\LA\ASVspoof2019_LA_dev\flac\LA_D_3496739.flac,archive_(1)_ASVspoof2019_LA,audio,spoof,1,train,.flac
C:\Users\paruc\Downloads\archive (1)\LA\LA\ASVspoof2019_LA_dev\flac\LA_D_9113588.flac,archive_(1)_ASVspoof2019_LA,audio,bonafide,0,train,.flac
C:\Users\paruc\Downloads\archive (1)\LA\LA\ASVspoof2019_LA_dev\flac\LA_D_2800733.flac,archive_(1)_ASVspoof2019_LA,audio,spoof,1,train,.flac
C:\Users\paruc\Downloads\archive (1)\LA\LA\ASVspoof2019_LA_dev\flac\LA_D_2065995.flac,archive_(1)_ASVspoof2019_LA,audio,spoof,1,train,.flac
C:\Users\paruc\Downloads\archive (1)\LA\LA\ASVspoof2019_LA_dev\flac\LA_D_9238403.flac,archive_(1)_ASVspoof2019_LA,audio,spoof,1,train,.flac
C:\Users\paruc\Downloads\archive (1)\LA\LA\ASVspoof2019_LA_dev\flac\LA_D_7003938.flac,archive_(1)_ASVspoof2019_LA,audio,spoof,1,train,.flac
C:\Users\paruc\Downloads\archive (1)\LA\LA\ASVspoof2019_LA_dev\flac\LA_D_8138647.flac,archive_(1)_ASVspoof2019_LA,audio,spoof,1,train,.flac
C:\Users\paruc\Downloads\archive (1)\LA\LA\ASVspoof2019_LA_dev\flac\LA_D_4392708.flac,archive_(1)_ASVspoof2019_LA,audio,bonafide,0,train,.flac
C:\Users\paruc\Downloads\archive (1)\LA\LA\ASVspoof2019_LA_dev\flac\LA_D_7820018.flac,archive_(1)_ASVspoof2019_LA,audio,bonafide,0,train,.flac
C:\Users\paruc\Downloads\archive (1)\LA\LA\ASVspoof2019_LA_dev\flac\LA_D_8316995.flac,archive_(1)_ASVspoof2019_LA,audio,bonafide,0,train,.flac
C:\Users\paruc\Downloads\archive (1)\LA\LA\ASVspoof2019_LA_dev\flac\LA_D_5372085.flac,archive_(1)_ASVspoof2019_LA,audio,bonafide,0,train,.flac
C:\Users\paruc\Downloads\archive (1)\LA\LA\ASVspoof2019_LA_dev\flac\LA_D_3572399.flac,archive_(1)_ASVspoof2019_LA,audio,bonafide,0,train,.flac
C:\Users\paruc\Downloads\archive (1)\LA\LA\ASVspoof2019_LA_dev\flac\LA_D_1475296.flac,archive_(1)_ASVspoof2019_LA,audio,spoof,1,train,.flac
C:\Users\paruc\Downloads\archive (1)\LA\LA\ASVspoof2019_LA_dev\flac\LA_D_8565008.flac,archive_(1)_ASVspoof2019_LA,audio,bonafide,0,train,.flac
C:\Users\paruc\Downloads\archive (1)\LA\LA\ASVspoof2019_LA_dev\flac\LA_D_5936355.flac,archive_(1)_ASVspoof2019_LA,audio,spoof,1,train,.flac
C:\Users\paruc\Downloads\archive (1)\LA\LA\ASVspoof2019_LA_dev\flac\LA_D_8003563.flac,archive_(1)_ASVspoof2019_LA,audio,bonafide,0,train,.flac
C:\Users\paruc\Downloads\archive (1)\LA\LA\ASVspoof2019_LA_dev\flac\LA_D_1239754.flac,archive_(1)_ASVspoof2019_LA,audio,bonafide,0,train,.flac
C:\Users\paruc\Downloads\archive (1)\LA\LA\ASVspoof2019_LA_dev\flac\LA_D_7905682.flac,archive_(1)_ASVspoof2019_LA,audio,bonafide,0,train,.flac
C:\Users\paruc\Downloads\archive (1)\LA\LA\ASVspoof2019_LA_dev\flac\LA_D_9295080.flac,archive_(1)_ASVspoof2019_LA,audio,bonafide,0,train,.flac
C:\Users\paruc\Downloads\archive (1)\LA\LA\ASVspoof2019_LA_dev\flac\LA_D_5771020.flac,archive_(1)_ASVspoof2019_LA,audio,spoof,1,train,.flac
C:\Users\paruc\Downloads\archive (1)\LA\LA\ASVspoof2019_LA_dev\flac\LA_D_7172075.flac,archive_(1)_ASVspoof2019_LA,audio,spoof,1,train,.flac
C:\Users\paruc\Downloads\archive (1)\LA\LA\ASVspoof2019_LA_dev\flac\LA_D_2852714.flac,archive_(1)_ASVspoof2019_LA,audio,spoof,1,train,.flac
C:\Users\paruc\Downloads\archive (1)\LA\LA\ASVspoof2019_LA_dev\flac\LA_D_2455027.flac,archive_(1)_ASVspoof2019_LA,audio,bonafide,0,train,.flac
C:\Users\paruc\Downloads\archive (1)\LA\LA\ASVspoof2019_LA_dev\flac\LA_D_8923486.flac,archive_(1)_ASVspoof2019_LA,audio,bonafide,0,train,.flac
C:\Users\paruc\Downloads\archive (1)\LA\LA\ASVspoof2019_LA_dev\flac\LA_D_4082470.flac,archive_(1)_ASVspoof2019_LA,audio,bonafide,0,train,.flac
C:\Users\paruc\Downloads\archive (1)\LA\LA\ASVspoof2019_LA_dev\flac\LA_D_8993681.flac,archive_(1)_ASVspoof2019_LA,audio,bonafide,0,train,.flac
C:\Users\paruc\Downloads\archive (1)\LA\LA\ASVspoof2019_LA_dev\flac\LA_D_3397208.flac,archive_(1)_ASVspoof2019_LA,audio,bonafide,0,train,.flac
C:\Users\paruc\Downloads\archive (1)\LA\LA\ASVspoof2019_LA_dev\flac\LA_D_3577801.flac,archive_(1)_ASVspoof2019_LA,audio,bonafide,0,train,.flac
C:\Users\paruc\Downloads\archive (1)\LA\LA\ASVspoof2019_LA_dev\flac\LA_D_3479801.flac,archive_(1)_ASVspoof2019_LA,audio,bonafide,0,train,.flac
C:\Users\paruc\Downloads\archive (1)\LA\LA\ASVspoof2019_LA_dev\flac\LA_D_2159390.flac,archive_(1)_ASVspoof2019_LA,audio,bonafide,0,train,.flac
C:\Users\paruc\Downloads\archive (1)\LA\LA\ASVspoof2019_LA_dev\flac\LA_D_4813520.flac,archive_(1)_ASVspoof2019_LA,audio,bonafide,0,train,.flac
C:\Users\paruc\Downloads\archive (1)\LA\LA\ASVspoof2019_LA_dev\flac\LA_D_2888827.flac,archive_(1)_ASVspoof2019_LA,audio,spoof,1,train,.flac
C:\Users\paruc\Downloads\archive (1)\LA\LA\ASVspoof2019_LA_dev\flac\LA_D_6799400.flac,archive_(1)_ASVspoof2019_LA,audio,spoof,1,train,.flac
C:\Users\paruc\Downloads\archive (1)\LA\LA\ASVspoof2019_LA_dev\flac\LA_D_7479660.flac,archive_(1)_ASVspoof2019_LA,audio,spoof,1,train,.flac
C:\Users\paruc\Downloads\archive (1)\LA\LA\ASVspoof2019_LA_dev\flac\LA_D_3100616.flac,archive_(1)_ASVspoof2019_LA,audio,bonafide,0,train,.flac
C:\Users\paruc\Downloads\archive (1)\LA\LA\ASVspoof2019_LA_dev\flac\LA_D_6919759.flac,archive_(1)_ASVspoof2019_LA,audio,bonafide,0,train,.flac
C:\Users\paruc\Downloads\archive (1)\LA\LA\ASVspoof2019_LA_dev\flac\LA_D_7110669.flac,archive_(1)_ASVspoof2019_LA,audio,bonafide,0,train,.flac
C:\Users\paruc\Downloads\archive (1)\LA\LA\ASVspoof2019_LA_dev\flac\LA_D_8318899.flac,archive_(1)_ASVspoof2019_LA,audio,bonafide,0,train,.flac
C:\Users\paruc\Downloads\archive (1)\LA\LA\ASVspoof2019_LA_dev\flac\LA_D_5529080.flac,archive_(1)_ASVspoof2019_LA,audio,spoof,1,train,.flac
C:\Users\paruc\Downloads\archive (1)\LA\LA\ASVspoof2019_LA_dev\flac\LA_D_9370841.flac,archive_(1)_ASVspoof2019_LA,audio,spoof,1,train,.flac
C:\Users\paruc\Downloads\archive (1)\LA\LA\ASVspoof2019_LA_dev\flac\LA_D_5438251.flac,archive_(1)_ASVspoof2019_LA,audio,bonafide,0,train,.flac
C:\Users\paruc\Downloads\archive (1)\LA\LA\ASVspoof2019_LA_dev\flac\LA_D_2459993.flac,archive_(1)_ASVspoof2019_LA,audio,bonafide,0,train,.flac
C:\Users\paruc\Downloads\archive (1)\LA\LA\ASVspoof2019_LA_dev\flac\LA_D_7089929.flac,archive_(1)_ASVspoof2019_LA,audio,bonafide,0,train,.flac
C:\Users\paruc\Downloads\archive (1)\LA\LA\ASVspoof2019_LA_dev\flac\LA_D_1326827.flac,archive_(1)_ASVspoof2019_LA,audio,spoof,1,train,.flac
C:\Users\paruc\Downloads\archive (1)\LA\LA\ASVspoof2019_LA_dev\flac\LA_D_6397937.flac,archive_(1)_ASVspoof2019_LA,audio,bonafide,0,train,.flac
C:\Users\paruc\Downloads\archive (1)\LA\LA\ASVspoof2019_LA_dev\flac\LA_D_8073490.flac,archive_(1)_ASVspoof2019_LA,audio,bonafide,0,train,.flac
C:\Users\paruc\Downloads\archive (1)\LA\LA\ASVspoof2019_LA_dev\flac\LA_D_6547607.flac,archive_(1)_ASVspoof2019_LA,audio,spoof,1,train,.flac
C:\Users\paruc\Downloads\archive (1)\LA\LA\ASVspoof2019_LA_dev\flac\LA_D_5006461.flac,archive_(1)_ASVspoof2019_LA,audio,spoof,1,train,.flac
C:\Users\paruc\Downloads\archive (1)\LA\LA\ASVspoof2019_LA_dev\flac\LA_D_2867530.flac,archive_(1)_ASVspoof2019_LA,audio,spoof,1,train,.flac
C:\Users\paruc\Downloads\archive (1)\LA\LA\ASVspoof2019_LA_dev\flac\LA_D_4665394.flac,archive_(1)_ASVspoof2019_LA,audio,spoof,1,train,.flac
C:\Users\paruc\Downloads\archive (1)\LA\LA\ASVspoof2019_LA_dev\flac\LA_D_6126930.flac,archive_(1)_ASVspoof2019_LA,audio,spoof,1,train,.flac
C:\Users\paruc\Downloads\archive (1)\LA\LA\ASVspoof2019_LA_dev\flac\LA_D_1805739.flac,archive_(1)_ASVspoof2019_LA,audio,bonafide,0,train,.flac
C:\Users\paruc\Downloads\archive (1)\LA\LA\ASVspoof2019_LA_dev\flac\LA_D_6593270.flac,archive_(1)_ASVspoof2019_LA,audio,bonafide,0,train,.flac
C:\Users\paruc\Downloads\archive (1)\LA\LA\ASVspoof2019_LA_dev\flac\LA_D_9868970.flac,archive_(1)_ASVspoof2019_LA,audio,spoof,1,train,.flac
C:\Users\paruc\Downloads\archive (1)\LA\LA\ASVspoof2019_LA_dev\flac\LA_D_3222129.flac,archive_(1)_ASVspoof2019_LA,audio,spoof,1,train,.flac
C:\Users\paruc\Downloads\archive (1)\LA\LA\ASVspoof2019_LA_dev\flac\LA_D_1105538.flac,archive_(1)_ASVspoof2019_LA,audio,bonafide,0,train,.flac
C:\Users\paruc\Downloads\archive (1)\LA\LA\ASVspoof2019_LA_dev\flac\LA_D_4876634.flac,archive_(1)_ASVspoof2019_LA,audio,bonafide,0,train,.flac
C:\Users\paruc\Downloads\archive (1)\LA\LA\ASVspoof2019_LA_dev\flac\LA_D_3985682.flac,archive_(1)_ASVspoof2019_LA,audio,bonafide,0,train,.flac
C:\Users\paruc\Downloads\archive (1)\LA\LA\ASVspoof2019_LA_dev\flac\LA_D_7514976.flac,archive_(1)_ASVspoof2019_LA,audio,bonafide,0,train,.flac
C:\Users\paruc\Downloads\archive (1)\LA\LA\ASVspoof2019_LA_dev\flac\LA_D_7285253.flac,archive_(1)_ASVspoof2019_LA,audio,bonafide,0,train,.flac
C:\Users\paruc\Downloads\archive (1)\LA\LA\ASVspoof2019_LA_dev\flac\LA_D_8301864.flac,archive_(1)_ASVspoof2019_LA,audio,spoof,1,train,.flac
C:\Users\paruc\Downloads\archive (1)\LA\LA\ASVspoof2019_LA_dev\flac\LA_D_8597179.flac,archive_(1)_ASVspoof2019_LA,audio,spoof,1,train,.flac
C:\Users\paruc\Downloads\archive (1)\LA\LA\ASVspoof2019_LA_dev\flac\LA_D_6077297.flac,archive_(1)_ASVspoof2019_LA,audio,bonafide,0,train,.flac
C:\Users\paruc\Downloads\archive (1)\LA\LA\ASVspoof2019_LA_dev\flac\LA_D_3440131.flac,archive_(1)_ASVspoof2019_LA,audio,bonafide,0,train,.flac
C:\Users\paruc\Downloads\archive (1)\LA\LA\ASVspoof2019_LA_dev\flac\LA_D_9544806.flac,archive_(1)_ASVspoof2019_LA,audio,bonafide,0,train,.flac
C:\Users\paruc\Downloads\archive (1)\LA\LA\ASVspoof2019_LA_dev\flac\LA_D_7786543.flac,archive_(1)_ASVspoof2019_LA,audio,bonafide,0,train,.flac
C:\Users\paruc\Downloads\archive (1)\LA\LA\ASVspoof2019_LA_dev\flac\LA_D_4885731.flac,archive_(1)_ASVspoof2019_LA,audio,spoof,1,train,.flac
C:\Users\paruc\Downloads\archive (1)\LA\LA\ASVspoof2019_LA_dev\flac\LA_D_2281393.flac,archive_(1)_ASVspoof2019_LA,audio,spoof,1,train,.flac
C:\Users\paruc\Downloads\archive (1)\LA\LA\ASVspoof2019_LA_dev\flac\LA_D_8676372.flac,archive_(1)_ASVspoof2019_LA,audio,spoof,1,train,.flac
C:\Users\paruc\Downloads\archive (1)\LA\LA\ASVspoof2019_LA_dev\flac\LA_D_7556050.flac,archive_(1)_ASVspoof2019_LA,audio,spoof,1,train,.flac
C:\Users\paruc\Downloads\archive (1)\LA\LA\ASVspoof2019_LA_dev\flac\LA_D_9487961.flac,archive_(1)_ASVspoof2019_LA,audio,bonafide,0,train,.flac
C:\Users\paruc\Downloads\archive (1)\LA\LA\ASVspoof2019_LA_dev\flac\LA_D_5791290.flac,archive_(1)_ASVspoof2019_LA,audio,bonafide,0,train,.flac
C:\Users\paruc\Downloads\archive (1)\LA\LA\ASVspoof2019_LA_dev\flac\LA_D_4818528.flac,archive_(1)_ASVspoof2019_LA,audio,bonafide,0,train,.flac
C:\Users\paruc\Downloads\archive (1)\LA\LA\ASVspoof2019_LA_dev\flac\LA_D_4804886.flac,archive_(1)_ASVspoof2019_LA,audio,spoof,1,train,.flac
C:\Users\paruc\Downloads\archive (1)\LA\LA\ASVspoof2019_LA_dev\flac\LA_D_8605221.flac,archive_(1)_ASVspoof2019_LA,audio,spoof,1,train,.flac
C:\Users\paruc\Downloads\archive (1)\LA\LA\ASVspoof2019_LA_dev\flac\LA_D_7051994.flac,archive_(1)_ASVspoof2019_LA,audio,bonafide,0,train,.flac
C:\Users\paruc\Downloads\archive (1)\LA\LA\ASVspoof2019_LA_dev\flac\LA_D_3496658.flac,archive_(1)_ASVspoof2019_LA,audio,spoof,1,train,.flac
C:\Users\paruc\Downloads\archive (1)\LA\LA\ASVspoof2019_LA_dev\flac\LA_D_1738100.flac,archive_(1)_ASVspoof2019_LA,audio,spoof,1,train,.flac
C:\Users\paruc\Downloads\archive (1)\LA\LA\ASVspoof2019_LA_dev\flac\LA_D_1637250.flac,archive_(1)_ASVspoof2019_LA,audio,bonafide,0,train,.flac
C:\Users\paruc\Downloads\archive (1)\LA\LA\ASVspoof2019_LA_dev\flac\LA_D_7664602.flac,archive_(1)_ASVspoof2019_LA,audio,spoof,1,train,.flac
C:\Users\paruc\Downloads\archive (1)\LA\LA\ASVspoof2019_LA_dev\flac\LA_D_2715241.flac,archive_(1)_ASVspoof2019_LA,audio,spoof,1,train,.flac
C:\Users\paruc\Downloads\archive (1)\LA\LA\ASVspoof2019_LA_dev\flac\LA_D_9554132.flac,archive_(1)_ASVspoof2019_LA,audio,bonafide,0,train,.flac
C:\Users\paruc\Downloads\archive (1)\LA\LA\ASVspoof2019_LA_dev\flac\LA_D_3173565.flac,archive_(1)_ASVspoof2019_LA,audio,spoof,1,train,.flac
C:\Users\paruc\Downloads\archive (1)\LA\LA\ASVspoof2019_LA_dev\flac\LA_D_6127522.flac,archive_(1)_ASVspoof2019_LA,audio,bonafide,0,train,.flac
C:\Users\paruc\Downloads\archive (1)\LA\LA\ASVspoof2019_LA_dev\flac\LA_D_7286303.flac,archive_(1)_ASVspoof2019_LA,audio,spoof,1,train,.flac
C:\Users\paruc\Downloads\archive (1)\LA\LA\ASVspoof2019_LA_dev\flac\LA_D_4798984.flac,archive_(1)_ASVspoof2019_LA,audio,spoof,1,train,.flac
C:\Users\paruc\Downloads\archive (1)\LA\LA\ASVspoof2019_LA_dev\flac\LA_D_5054607.flac,archive_(1)_ASVspoof2019_LA,audio,spoof,1,train,.flac
C:\Users\paruc\Downloads\archive (1)\LA\LA\ASVspoof2019_LA_dev\flac\LA_D_3865287.flac,archive_(1)_ASVspoof2019_LA,audio,spoof,1,train,.flac
C:\Users\paruc\Downloads\archive (1)\LA\LA\ASVspoof2019_LA_dev\flac\LA_D_4161223.flac,archive_(1)_ASVspoof2019_LA,audio,bonafide,0,train,.flac
C:\Users\paruc\Downloads\archive (1)\LA\LA\ASVspoof2019_LA_dev\flac\LA_D_7809381.flac,archive_(1)_ASVspoof2019_LA,audio,spoof,1,train,.flac
C:\Users\paruc\Downloads\archive (1)\LA\LA\ASVspoof2019_LA_dev\flac\LA_D_5734083.flac,archive_(1)_ASVspoof2019_LA,audio,spoof,1,train,.flac
C:\Users\paruc\Downloads\archive (1)\LA\LA\ASVspoof2019_LA_dev\flac\LA_D_1091102.flac,archive_(1)_ASVspoof2019_LA,audio,bonafide,0,train,.flac
C:\Users\paruc\Downloads\archive (1)\LA\LA\ASVspoof2019_LA_dev\flac\LA_D_1403762.flac,archive_(1)_ASVspoof2019_LA,audio,bonafide,0,train,.flac
C:\Users\paruc\Downloads\archive (1)\LA\LA\ASVspoof2019_LA_dev\flac\LA_D_2382522.flac,archive_(1)_ASVspoof2019_LA,audio,bonafide,0,train,.flac
C:\Users\paruc\Downloads\archive (1)\LA\LA\ASVspoof2019_LA_dev\flac\LA_D_9762749.flac,archive_(1)_ASVspoof2019_LA,audio,spoof,1,train,.flac
C:\Users\paruc\Downloads\archive (1)\LA\LA\ASVspoof2019_LA_dev\flac\LA_D_4961315.flac,archive_(1)_ASVspoof2019_LA,audio,bonafide,0,train,.flac
C:\Users\paruc\Downloads\archive (1)\LA\LA\ASVspoof2019_LA_dev\flac\LA_D_2105580.flac,archive_(1)_ASVspoof2019_LA,audio,bonafide,0,train,.flac
C:\Users\paruc\Downloads\archive (1)\LA\LA\ASVspoof2019_LA_dev\flac\LA_D_9523778.flac,archive_(1)_ASVspoof2019_LA,audio,spoof,1,train,.flac
C:\Users\paruc\Downloads\archive (1)\LA\LA\ASVspoof2019_LA_dev\flac\LA_D_6598628.flac,archive_(1)_ASVspoof2019_LA,audio,bonafide,0,train,.flac
C:\Users\paruc\Downloads\archive (1)\LA\LA\ASVspoof2019_LA_dev\flac\LA_D_6580685.flac,archive_(1)_ASVspoof2019_LA,audio,spoof,1,train,.flac
C:\Users\paruc\Downloads\archive (1)\LA\LA\ASVspoof2019_LA_dev\flac\LA_D_6789595.flac,archive_(1)_ASVspoof2019_LA,audio,spoof,1,train,.flac
C:\Users\paruc\Downloads\archive (1)\LA\LA\ASVspoof2019_LA_dev\flac\LA_D_1627570.flac,archive_(1)_ASVspoof2019_LA,audio,spoof,1,train,.flac
C:\Users\paruc\Downloads\archive (1)\LA\LA\ASVspoof2019_LA_dev\flac\LA_D_7886616.flac,archive_(1)_ASVspoof2019_LA,audio,spoof,1,train,.flac
C:\Users\paruc\Downloads\archive (1)\LA\LA\ASVspoof2019_LA_dev\flac\LA_D_3849533.flac,archive_(1)_ASVspoof2019_LA,audio,spoof,1,train,.flac
C:\Users\paruc\Downloads\archive (1)\LA\LA\ASVspoof2019_LA_dev\flac\LA_D_2121691.flac,archive_(1)_ASVspoof2019_LA,audio,spoof,1,train,.flac
C:\Users\paruc\Downloads\archive (1)\LA\LA\ASVspoof2019_LA_dev\flac\LA_D_8787336.flac,archive_(1)_ASVspoof2019_LA,audio,spoof,1,train,.flac
C:\Users\paruc\Downloads\archive (1)\LA\LA\ASVspoof2019_LA_dev\flac\LA_D_4176638.flac,archive_(1)_ASVspoof2019_LA,audio,spoof,1,train,.flac
C:\Users\paruc\Downloads\archive (1)\LA\LA\ASVspoof2019_LA_dev\flac\LA_D_6478753.flac,archive_(1)_ASVspoof2019_LA,audio,bonafide,0,train,.flac
C:\Users\paruc\Downloads\archive (1)\LA\LA\ASVspoof2019_LA_dev\flac\LA_D_2120353.flac,archive_(1)_ASVspoof2019_LA,audio,bonafide,0,train,.flac
C:\Users\paruc\Downloads\archive (1)\LA\LA\ASVspoof2019_LA_dev\flac\LA_D_7912035.flac,archive_(1)_ASVspoof2019_LA,audio,spoof,1,train,.flac
C:\Users\paruc\Downloads\archive (1)\LA\LA\ASVspoof2019_LA_dev\flac\LA_D_4131292.flac,archive_(1)_ASVspoof2019_LA,audio,bonafide,0,train,.flac
C:\Users\paruc\Downloads\archive (1)\LA\LA\ASVspoof2019_LA_dev\flac\LA_D_5710714.flac,archive_(1)_ASVspoof2019_LA,audio,spoof,1,train,.flac
C:\Users\paruc\Downloads\archive (1)\LA\LA\ASVspoof2019_LA_dev\flac\LA_D_5621013.flac,archive_(1)_ASVspoof2019_LA,audio,bonafide,0,train,.flac
C:\Users\paruc\Downloads\archive (1)\LA\LA\ASVspoof2019_LA_dev\flac\LA_D_2049455.flac,archive_(1)_ASVspoof2019_LA,audio,spoof,1,train,.flac
C:\Users\paruc\Downloads\archive (1)\LA\LA\ASVspoof2019_LA_dev\flac\LA_D_2889881.flac,archive_(1)_ASVspoof2019_LA,audio,spoof,1,train,.flac
C:\Users\paruc\Downloads\archive (1)\LA\LA\ASVspoof2019_LA_dev\flac\LA_D_9113203.flac,archive_(1)_ASVspoof2019_LA,audio,bonafide,0,train,.flac
C:\Users\paruc\Downloads\archive (1)\LA\LA\ASVspoof2019_LA_dev\flac\LA_D_5656029.flac,archive_(1)_ASVspoof2019_LA,audio,bonafide,0,train,.flac
C:\Users\paruc\Downloads\archive (1)\LA\LA\ASVspoof2019_LA_dev\flac\LA_D_9268984.flac,archive_(1)_ASVspoof2019_LA,audio,spoof,1,train,.flac
C:\Users\paruc\Downloads\archive (1)\LA\LA\ASVspoof2019_LA_dev\flac\LA_D_7606763.flac,archive_(1)_ASVspoof2019_LA,audio,spoof,1,train,.flac
C:\Users\paruc\Downloads\archive (1)\LA\LA\ASVspoof2019_LA_dev\flac\LA_D_9908786.flac,archive_(1)_ASVspoof2019_LA,audio,spoof,1,train,.flac
C:\Users\paruc\Downloads\archive (1)\LA\LA\ASVspoof2019_LA_dev\flac\LA_D_6499603.flac,archive_(1)_ASVspoof2019_LA,audio,bonafide,0,train,.flac
C:\Users\paruc\Downloads\archive (1)\LA\LA\ASVspoof2019_LA_dev\flac\LA_D_1783793.flac,archive_(1)_ASVspoof2019_LA,audio,spoof,1,train,.flac
C:\Users\paruc\Downloads\archive (1)\LA\LA\ASVspoof2019_LA_dev\flac\LA_D_3283135.flac,archive_(1)_ASVspoof2019_LA,audio,bonafide,0,train,.flac
C:\Users\paruc\Downloads\archive (1)\LA\LA\ASVspoof2019_LA_dev\flac\LA_D_9947938.flac,archive_(1)_ASVspoof2019_LA,audio,spoof,1,train,.flac
C:\Users\paruc\Downloads\archive (1)\LA\LA\ASVspoof2019_LA_dev\flac\LA_D_4175940.flac,archive_(1)_ASVspoof2019_LA,audio,bonafide,0,train,.flac
C:\Users\paruc\Downloads\archive (1)\LA\LA\ASVspoof2019_LA_dev\flac\LA_D_6055606.flac,archive_(1)_ASVspoof2019_LA,audio,bonafide,0,train,.flac
C:\Users\paruc\Downloads\archive (1)\LA\LA\ASVspoof2019_LA_dev\flac\LA_D_1659462.flac,archive_(1)_ASVspoof2019_LA,audio,bonafide,0,train,.flac
C:\Users\paruc\Downloads\archive (1)\LA\LA\ASVspoof2019_LA_dev\flac\LA_D_7662627.flac,archive_(1)_ASVspoof2019_LA,audio,bonafide,0,train,.flac
C:\Users\paruc\Downloads\archive (1)\LA\LA\ASVspoof2019_LA_dev\flac\LA_D_5171009.flac,archive_(1)_ASVspoof2019_LA,audio,bonafide,0,train,.flac
C:\Users\paruc\Downloads\archive (1)\LA\LA\ASVspoof2019_LA_dev\flac\LA_D_2095392.flac,archive_(1)_ASVspoof2019_LA,audio,bonafide,0,train,.flac
C:\Users\paruc\Downloads\archive (1)\LA\LA\ASVspoof2019_LA_dev\flac\LA_D_8103599.flac,archive_(1)_ASVspoof2019_LA,audio,bonafide,0,train,.flac
C:\Users\paruc\Downloads\archive (1)\LA\LA\ASVspoof2019_LA_dev\flac\LA_D_6363129.flac,archive_(1)_ASVspoof2019_LA,audio,spoof,1,train,.flac
C:\Users\paruc\Downloads\archive (1)\LA\LA\ASVspoof2019_LA_dev\flac\LA_D_8900733.flac,archive_(1)_ASVspoof2019_LA,audio,spoof,1,train,.flac
C:\Users\paruc\Downloads\archive (1)\LA\LA\ASVspoof2019_LA_dev\flac\LA_D_5431436.flac,archive_(1)_ASVspoof2019_LA,audio,bonafide,0,train,.flac
C:\Users\paruc\Downloads\archive (1)\LA\LA\ASVspoof2019_LA_dev\flac\LA_D_9975906.flac,archive_(1)_ASVspoof2019_LA,audio,spoof,1,train,.flac
C:\Users\paruc\Downloads\archive (1)\LA\LA\ASVspoof2019_LA_dev\flac\LA_D_4320007.flac,archive_(1)_ASVspoof2019_LA,audio,bonafide,0,train,.flac
C:\Users\paruc\Downloads\archive (1)\LA\LA\ASVspoof2019_LA_dev\flac\LA_D_7473457.flac,archive_(1)_ASVspoof2019_LA,audio,spoof,1,train,.flac
C:\Users\paruc\Downloads\archive (1)\LA\LA\ASVspoof2019_LA_dev\flac\LA_D_6939541.flac,archive_(1)_ASVspoof2019_LA,audio,bonafide,0,train,.flac
C:\Users\paruc\Downloads\archive (1)\LA\LA\ASVspoof2019_LA_dev\flac\LA_D_4395658.flac,archive_(1)_ASVspoof2019_LA,audio,spoof,1,train,.flac
C:\Users\paruc\Downloads\archive (1)\LA\LA\ASVspoof2019_LA_dev\flac\LA_D_7045141.flac,archive_(1)_ASVspoof2019_LA,audio,bonafide,0,train,.flac
C:\Users\paruc\Downloads\archive (1)\LA\LA\ASVspoof2019_LA_dev\flac\LA_D_8130173.flac,archive_(1)_ASVspoof2019_LA,audio,bonafide,0,train,.flac
C:\Users\paruc\Downloads\archive (1)\LA\LA\ASVspoof2019_LA_dev\flac\LA_D_8873219.flac,archive_(1)_ASVspoof2019_LA,audio,bonafide,0,train,.flac
C:\Users\paruc\Downloads\archive (1)\LA\LA\ASVspoof2019_LA_dev\flac\LA_D_7073625.flac,archive_(1)_ASVspoof2019_LA,audio,bonafide,0,train,.flac
C:\Users\paruc\Downloads\archive (1)\LA\LA\ASVspoof2019_LA_dev\flac\LA_D_9613437.flac,archive_(1)_ASVspoof2019_LA,audio,bonafide,0,train,.flac
C:\Users\paruc\Downloads\archive (1)\LA\LA\ASVspoof2019_LA_dev\flac\LA_D_5192077.flac,archive_(1)_ASVspoof2019_LA,audio,bonafide,0,train,.flac
C:\Users\paruc\Downloads\archive (1)\LA\LA\ASVspoof2019_LA_dev\flac\LA_D_6099505.flac,archive_(1)_ASVspoof2019_LA,audio,bonafide,0,train,.flac
C:\Users\paruc\Downloads\archive (1)\LA\LA\ASVspoof2019_LA_dev\flac\LA_D_4533955.flac,archive_(1)_ASVspoof2019_LA,audio,spoof,1,train,.flac
C:\Users\paruc\Downloads\archive (1)\LA\LA\ASVspoof2019_LA_dev\flac\LA_D_9687836.flac,archive_(1)_ASVspoof2019_LA,audio,spoof,1,train,.flac
C:\Users\paruc\Downloads\archive (1)\LA\LA\ASVspoof2019_LA_dev\flac\LA_D_3331528.flac,archive_(1)_ASVspoof2019_LA,audio,spoof,1,train,.flac
C:\Users\paruc\Downloads\archive (1)\LA\LA\ASVspoof2019_LA_dev\flac\LA_D_9093882.flac,archive_(1)_ASVspoof2019_LA,audio,bonafide,0,train,.flac
C:\Users\paruc\Downloads\archive (1)\LA\LA\ASVspoof2019_LA_dev\flac\LA_D_1467031.flac,archive_(1)_ASVspoof2019_LA,audio,bonafide,0,train,.flac
C:\Users\paruc\Downloads\archive (1)\LA\LA\ASVspoof2019_LA_dev\flac\LA_D_6805066.flac,archive_(1)_ASVspoof2019_LA,audio,bonafide,0,train,.flac
C:\Users\paruc\Downloads\archive (1)\LA\LA\ASVspoof2019_LA_dev\flac\LA_D_9856127.flac,archive_(1)_ASVspoof2019_LA,audio,bonafide,0,train,.flac
C:\Users\paruc\Downloads\archive (1)\LA\LA\ASVspoof2019_LA_dev\flac\LA_D_9936826.flac,archive_(1)_ASVspoof2019_LA,audio,spoof,1,train,.flac
C:\Users\paruc\Downloads\archive (1)\LA\LA\ASVspoof2019_LA_dev\flac\LA_D_6881830.flac,archive_(1)_ASVspoof2019_LA,audio,spoof,1,train,.flac
C:\Users\paruc\Downloads\archive (1)\LA\LA\ASVspoof2019_LA_dev\flac\LA_D_2518822.flac,archive_(1)_ASVspoof2019_LA,audio,bonafide,0,train,.flac
C:\Users\paruc\Downloads\archive (1)\LA\LA\ASVspoof2019_LA_dev\flac\LA_D_3969914.flac,archive_(1)_ASVspoof2019_LA,audio,spoof,1,train,.flac
C:\Users\paruc\Downloads\archive (1)\LA\LA\ASVspoof2019_LA_dev\flac\LA_D_7361566.flac,archive_(1)_ASVspoof2019_LA,audio,bonafide,0,train,.flac
C:\Users\paruc\Downloads\archive (1)\LA\LA\ASVspoof2019_LA_dev\flac\LA_D_4221800.flac,archive_(1)_ASVspoof2019_LA,audio,bonafide,0,train,.flac
C:\Users\paruc\Downloads\archive (1)\LA\LA\ASVspoof2019_LA_dev\flac\LA_D_9348533.flac,archive_(1)_ASVspoof2019_LA,audio,bonafide,0,train,.flac
C:\Users\paruc\Downloads\archive (1)\LA\LA\ASVspoof2019_LA_dev\flac\LA_D_2232106.flac,archive_(1)_ASVspoof2019_LA,audio,bonafide,0,train,.flac
C:\Users\paruc\Downloads\archive (1)\LA\LA\ASVspoof2019_LA_dev\flac\LA_D_7451276.flac,archive_(1)_ASVspoof2019_LA,audio,bonafide,0,train,.flac
C:\Users\paruc\Downloads\archive (1)\LA\LA\ASVspoof2019_LA_dev\flac\LA_D_7872546.flac,archive_(1)_ASVspoof2019_LA,audio,spoof,1,train,.flac
C:\Users\paruc\Downloads\archive (1)\LA\LA\ASVspoof2019_LA_dev\flac\LA_D_9408142.flac,archive_(1)_ASVspoof2019_LA,audio,bonafide,0,train,.flac
C:\Users\paruc\Downloads\archive (1)\LA\LA\ASVspoof2019_LA_dev\flac\LA_D_8025432.flac,archive_(1)_ASVspoof2019_LA,audio,spoof,1,train,.flac
C:\Users\paruc\Downloads\archive (1)\LA\LA\ASVspoof2019_LA_dev\flac\LA_D_5281076.flac,archive_(1)_ASVspoof2019_LA,audio,spoof,1,train,.flac
C:\Users\paruc\Downloads\archive (1)\LA\LA\ASVspoof2019_LA_dev\flac\LA_D_1480186.flac,archive_(1)_ASVspoof2019_LA,audio,bonafide,0,train,.flac
C:\Users\paruc\Downloads\archive (1)\LA\LA\ASVspoof2019_LA_dev\flac\LA_D_8504035.flac,archive_(1)_ASVspoof2019_LA,audio,spoof,1,train,.flac
C:\Users\paruc\Downloads\archive (1)\LA\LA\ASVspoof2019_LA_dev\flac\LA_D_1413701.flac,archive_(1)_ASVspoof2019_LA,audio,spoof,1,train,.flac
C:\Users\paruc\Downloads\archive (1)\LA\LA\ASVspoof2019_LA_dev\flac\LA_D_9637098.flac,archive_(1)_ASVspoof2019_LA,audio,spoof,1,train,.flac
C:\Users\paruc\Downloads\archive (1)\LA\LA\ASVspoof2019_LA_dev\flac\LA_D_1805177.flac,archive_(1)_ASVspoof2019_LA,audio,bonafide,0,train,.flac
C:\Users\paruc\Downloads\archive (1)\LA\LA\ASVspoof2019_LA_dev\flac\LA_D_7661891.flac,archive_(1)_ASVspoof2019_LA,audio,bonafide,0,train,.flac
C:\Users\paruc\Downloads\archive (1)\LA\LA\ASVspoof2019_LA_dev\flac\LA_D_7848216.flac,archive_(1)_ASVspoof2019_LA,audio,spoof,1,train,.flac
C:\Users\paruc\Downloads\archive (1)\LA\LA\ASVspoof2019_LA_dev\flac\LA_D_6735934.flac,archive_(1)_ASVspoof2019_LA,audio,spoof,1,train,.flac
C:\Users\paruc\Downloads\archive (1)\LA\LA\ASVspoof2019_LA_dev\flac\LA_D_6143239.flac,archive_(1)_ASVspoof2019_LA,audio,spoof,1,train,.flac
C:\Users\paruc\Downloads\archive (1)\LA\LA\ASVspoof2019_LA_dev\flac\LA_D_8336903.flac,archive_(1)_ASVspoof2019_LA,audio,spoof,1,train,.flac
C:\Users\paruc\Downloads\archive (1)\LA\LA\ASVspoof2019_LA_dev\flac\LA_D_8880807.flac,archive_(1)_ASVspoof2019_LA,audio,spoof,1,train,.flac
C:\Users\paruc\Downloads\archive (1)\LA\LA\ASVspoof2019_LA_dev\flac\LA_D_9664656.flac,archive_(1)_ASVspoof2019_LA,audio,bonafide,0,train,.flac
C:\Users\paruc\Downloads\archive (1)\LA\LA\ASVspoof2019_LA_dev\flac\LA_D_8729758.flac,archive_(1)_ASVspoof2019_LA,audio,bonafide,0,train,.flac
C:\Users\paruc\Downloads\archive (1)\LA\LA\ASVspoof2019_LA_dev\flac\LA_D_8118074.flac,archive_(1)_ASVspoof2019_LA,audio,bonafide,0,train,.flac
C:\Users\paruc\Downloads\archive (1)\LA\LA\ASVspoof2019_LA_dev\flac\LA_D_3945541.flac,archive_(1)_ASVspoof2019_LA,audio,spoof,1,train,.flac
C:\Users\paruc\Downloads\archive (1)\LA\LA\ASVspoof2019_LA_dev\flac\LA_D_6621246.flac,archive_(1)_ASVspoof2019_LA,audio,spoof,1,train,.flac
C:\Users\paruc\Downloads\archive (1)\LA\LA\ASVspoof2019_LA_dev\flac\LA_D_1604106.flac,archive_(1)_ASVspoof2019_LA,audio,spoof,1,train,.flac
C:\Users\paruc\Downloads\archive (1)\LA\LA\ASVspoof2019_LA_dev\flac\LA_D_8599650.flac,archive_(1)_ASVspoof2019_LA,audio,spoof,1,train,.flac
C:\Users\paruc\Downloads\archive (1)\LA\LA\ASVspoof2019_LA_dev\flac\LA_D_7574071.flac,archive_(1)_ASVspoof2019_LA,audio,spoof,1,train,.flac
C:\Users\paruc\Downloads\archive (1)\LA\LA\ASVspoof2019_LA_dev\flac\LA_D_5056462.flac,archive_(1)_ASVspoof2019_LA,audio,spoof,1,train,.flac
C:\Users\paruc\Downloads\archive (1)\LA\LA\ASVspoof2019_LA_dev\flac\LA_D_2285682.flac,archive_(1)_ASVspoof2019_LA,audio,bonafide,0,train,.flac
C:\Users\paruc\Downloads\archive (1)\LA\LA\ASVspoof2019_LA_dev\flac\LA_D_3443299.flac,archive_(1)_ASVspoof2019_LA,audio,spoof,1,train,.flac
C:\Users\paruc\Downloads\archive (1)\LA\LA\ASVspoof2019_LA_dev\flac\LA_D_8287063.flac,archive_(1)_ASVspoof2019_LA,audio,spoof,1,train,.flac
C:\Users\paruc\Downloads\archive (1)\LA\LA\ASVspoof2019_LA_dev\flac\LA_D_3746211.flac,archive_(1)_ASVspoof2019_LA,audio,bonafide,0,train,.flac
C:\Users\paruc\Downloads\archive (1)\LA\LA\ASVspoof2019_LA_dev\flac\LA_D_6647671.flac,archive_(1)_ASVspoof2019_LA,audio,spoof,1,train,.flac
C:\Users\paruc\Downloads\archive (1)\LA\LA\ASVspoof2019_LA_dev\flac\LA_D_1922501.flac,archive_(1)_ASVspoof2019_LA,audio,spoof,1,train,.flac
C:\Users\paruc\Downloads\archive (1)\LA\LA\ASVspoof2019_LA_dev\flac\LA_D_1693149.flac,archive_(1)_ASVspoof2019_LA,audio,spoof,1,train,.flac
C:\Users\paruc\Downloads\archive (1)\LA\LA\ASVspoof2019_LA_dev\flac\LA_D_8142988.flac,archive_(1)_ASVspoof2019_LA,audio,spoof,1,train,.flac
C:\Users\paruc\Downloads\archive (1)\LA\LA\ASVspoof2019_LA_dev\flac\LA_D_8655579.flac,archive_(1)_ASVspoof2019_LA,audio,spoof,1,train,.flac
C:\Users\paruc\Downloads\archive (1)\LA\LA\ASVspoof2019_LA_dev\flac\LA_D_6492056.flac,archive_(1)_ASVspoof2019_LA,audio,bonafide,0,train,.flac
C:\Users\paruc\Downloads\archive (1)\LA\LA\ASVspoof2019_LA_dev\flac\LA_D_1863901.flac,archive_(1)_ASVspoof2019_LA,audio,spoof,1,train,.flac
C:\Users\paruc\Downloads\archive (1)\LA\LA\ASVspoof2019_LA_dev\flac\LA_D_8386102.flac,archive_(1)_ASVspoof2019_LA,audio,spoof,1,train,.flac
C:\Users\paruc\Downloads\archive (1)\LA\LA\ASVspoof2019_LA_dev\flac\LA_D_4941205.flac,archive_(1)_ASVspoof2019_LA,audio,bonafide,0,train,.flac
C:\Users\paruc\Downloads\archive (1)\LA\LA\ASVspoof2019_LA_dev\flac\LA_D_6489693.flac,archive_(1)_ASVspoof2019_LA,audio,spoof,1,train,.flac
C:\Users\paruc\Downloads\archive (1)\LA\LA\ASVspoof2019_LA_dev\flac\LA_D_7642448.flac,archive_(1)_ASVspoof2019_LA,audio,spoof,1,train,.flac
C:\Users\paruc\Downloads\archive (1)\LA\LA\ASVspoof2019_LA_dev\flac\LA_D_1517231.flac,archive_(1)_ASVspoof2019_LA,audio,bonafide,0,train,.flac
C:\Users\paruc\Downloads\archive (1)\LA\LA\ASVspoof2019_LA_dev\flac\LA_D_5636069.flac,archive_(1)_ASVspoof2019_LA,audio,bonafide,0,train,.flac
C:\Users\paruc\Downloads\archive (1)\LA\LA\ASVspoof2019_LA_dev\flac\LA_D_4653264.flac,archive_(1)_ASVspoof2019_LA,audio,spoof,1,train,.flac
C:\Users\paruc\Downloads\archive (1)\LA\LA\ASVspoof2019_LA_dev\flac\LA_D_3074651.flac,archive_(1)_ASVspoof2019_LA,audio,bonafide,0,train,.flac
C:\Users\paruc\Downloads\archive (1)\LA\LA\ASVspoof2019_LA_dev\flac\LA_D_3475865.flac,archive_(1)_ASVspoof2019_LA,audio,bonafide,0,train,.flac
C:\Users\paruc\Downloads\archive (1)\LA\LA\ASVspoof2019_LA_dev\flac\LA_D_8538474.flac,archive_(1)_ASVspoof2019_LA,audio,spoof,1,train,.flac
C:\Users\paruc\Downloads\archive (1)\LA\LA\ASVspoof2019_LA_dev\flac\LA_D_9148848.flac,archive_(1)_ASVspoof2019_LA,audio,spoof,1,train,.flac
C:\Users\paruc\Downloads\archive (1)\LA\LA\ASVspoof2019_LA_dev\flac\LA_D_5492356.flac,archive_(1)_ASVspoof2019_LA,audio,spoof,1,train,.flac
C:\Users\paruc\Downloads\archive (1)\LA\LA\ASVspoof2019_LA_dev\flac\LA_D_9323586.flac,archive_(1)_ASVspoof2019_LA,audio,spoof,1,train,.flac
C:\Users\paruc\Downloads\archive (1)\LA\LA\ASVspoof2019_LA_dev\flac\LA_D_8936540.flac,archive_(1)_ASVspoof2019_LA,audio,bonafide,0,train,.flac
C:\Users\paruc\Downloads\archive (1)\LA\LA\ASVspoof2019_LA_dev\flac\LA_D_8103476.flac,archive_(1)_ASVspoof2019_LA,audio,bonafide,0,train,.flac
C:\Users\paruc\Downloads\archive (1)\LA\LA\ASVspoof2019_LA_dev\flac\LA_D_8415664.flac,archive_(1)_ASVspoof2019_LA,audio,spoof,1,train,.flac
C:\Users\paruc\Downloads\archive (1)\LA\LA\ASVspoof2019_LA_dev\flac\LA_D_2523108.flac,archive_(1)_ASVspoof2019_LA,audio,spoof,1,train,.flac
C:\Users\paruc\Downloads\archive (1)\LA\LA\ASVspoof2019_LA_dev\flac\LA_D_3207501.flac,archive_(1)_ASVspoof2019_LA,audio,spoof,1,train,.flac
C:\Users\paruc\Downloads\archive (1)\LA\LA\ASVspoof2019_LA_dev\flac\LA_D_4195342.flac,archive_(1)_ASVspoof2019_LA,audio,bonafide,0,train,.flac
C:\Users\paruc\Downloads\archive (1)\LA\LA\ASVspoof2019_LA_dev\flac\LA_D_8660957.flac,archive_(1)_ASVspoof2019_LA,audio,spoof,1,train,.flac
C:\Users\paruc\Downloads\archive (1)\LA\LA\ASVspoof2019_LA_dev\flac\LA_D_4135293.flac,archive_(1)_ASVspoof2019_LA,audio,bonafide,0,train,.flac
C:\Users\paruc\Downloads\archive (1)\LA\LA\ASVspoof2019_LA_dev\flac\LA_D_1173044.flac,archive_(1)_ASVspoof2019_LA,audio,spoof,1,train,.flac
C:\Users\paruc\Downloads\archive (1)\LA\LA\ASVspoof2019_LA_dev\flac\LA_D_3236921.flac,archive_(1)_ASVspoof2019_LA,audio,bonafide,0,train,.flac
C:\Users\paruc\Downloads\archive (1)\LA\LA\ASVspoof2019_LA_dev\flac\LA_D_3909550.flac,archive_(1)_ASVspoof2019_LA,audio,bonafide,0,train,.flac
C:\Users\paruc\Downloads\archive (1)\LA\LA\ASVspoof2019_LA_dev\flac\LA_D_8572188.flac,archive_(1)_ASVspoof2019_LA,audio,spoof,1,train,.flac
C:\Users\paruc\Downloads\archive (1)\LA\LA\ASVspoof2019_LA_dev\flac\LA_D_8163197.flac,archive_(1)_ASVspoof2019_LA,audio,bonafide,0,train,.flac
C:\Users\paruc\Downloads\archive (1)\LA\LA\ASVspoof2019_LA_dev\flac\LA_D_4789150.flac,archive_(1)_ASVspoof2019_LA,audio,bonafide,0,train,.flac
C:\Users\paruc\Downloads\archive (1)\LA\LA\ASVspoof2019_LA_dev\flac\LA_D_9374494.flac,archive_(1)_ASVspoof2019_LA,audio,spoof,1,train,.flac
C:\Users\paruc\Downloads\archive (1)\LA\LA\ASVspoof2019_LA_dev\flac\LA_D_5696762.flac,archive_(1)_ASVspoof2019_LA,audio,bonafide,0,train,.flac
C:\Users\paruc\Downloads\archive (1)\LA\LA\ASVspoof2019_LA_dev\flac\LA_D_2324725.flac,archive_(1)_ASVspoof2019_LA,audio,spoof,1,train,.flac
C:\Users\paruc\Downloads\archive (1)\LA\LA\ASVspoof2019_LA_dev\flac\LA_D_1055821.flac,archive_(1)_ASVspoof2019_LA,audio,spoof,1,train,.flac
C:\Users\paruc\Downloads\archive (1)\LA\LA\ASVspoof2019_LA_dev\flac\LA_D_8203374.flac,archive_(1)_ASVspoof2019_LA,audio,spoof,1,train,.flac
C:\Users\paruc\Downloads\archive (1)\LA\LA\ASVspoof2019_LA_dev\flac\LA_D_9125966.flac,archive_(1)_ASVspoof2019_LA,audio,bonafide,0,train,.flac
C:\Users\paruc\Downloads\archive (1)\LA\LA\ASVspoof2019_LA_dev\flac\LA_D_7700830.flac,archive_(1)_ASVspoof2019_LA,audio,bonafide,0,train,.flac
C:\Users\paruc\Downloads\archive (1)\LA\LA\ASVspoof2019_LA_dev\flac\LA_D_3857446.flac,archive_(1)_ASVspoof2019_LA,audio,bonafide,0,train,.flac
C:\Users\paruc\Downloads\archive (1)\LA\LA\ASVspoof2019_LA_dev\flac\LA_D_2242311.flac,archive_(1)_ASVspoof2019_LA,audio,bonafide,0,train,.flac
C:\Users\paruc\Downloads\archive (1)\LA\LA\ASVspoof2019_LA_dev\flac\LA_D_1772690.flac,archive_(1)_ASVspoof2019_LA,audio,spoof,1,train,.flac
C:\Users\paruc\Downloads\archive (1)\LA\LA\ASVspoof2019_LA_dev\flac\LA_D_8045816.flac,archive_(1)_ASVspoof2019_LA,audio,bonafide,0,train,.flac
C:\Users\paruc\Downloads\archive (1)\LA\LA\ASVspoof2019_LA_dev\flac\LA_D_5912564.flac,archive_(1)_ASVspoof2019_LA,audio,spoof,1,train,.flac
C:\Users\paruc\Downloads\archive (1)\LA\LA\ASVspoof2019_LA_dev\flac\LA_D_3741865.flac,archive_(1)_ASVspoof2019_LA,audio,spoof,1,train,.flac
C:\Users\paruc\Downloads\archive (1)\LA\LA\ASVspoof2019_LA_dev\flac\LA_D_6733844.flac,archive_(1)_ASVspoof2019_LA,audio,spoof,1,train,.flac
C:\Users\paruc\Downloads\archive (1)\LA\LA\ASVspoof2019_LA_dev\flac\LA_D_8288732.flac,archive_(1)_ASVspoof2019_LA,audio,bonafide,0,train,.flac
C:\Users\paruc\Downloads\archive (1)\LA\LA\ASVspoof2019_LA_dev\flac\LA_D_4778443.flac,archive_(1)_ASVspoof2019_LA,audio,spoof,1,train,.flac
C:\Users\paruc\Downloads\archive (1)\LA\LA\ASVspoof2019_LA_dev\flac\LA_D_8812163.flac,archive_(1)_ASVspoof2019_LA,audio,bonafide,0,train,.flac
C:\Users\paruc\Downloads\archive (1)\LA\LA\ASVspoof2019_LA_dev\flac\LA_D_8321065.flac,archive_(1)_ASVspoof2019_LA,audio,spoof,1,train,.flac
C:\Users\paruc\Downloads\archive (1)\LA\LA\ASVspoof2019_LA_dev\flac\LA_D_1760472.flac,archive_(1)_ASVspoof2019_LA,audio,bonafide,0,train,.flac
C:\Users\paruc\Downloads\archive (1)\LA\LA\ASVspoof2019_LA_dev\flac\LA_D_3399790.flac,archive_(1)_ASVspoof2019_LA,audio,bonafide,0,train,.flac
C:\Users\paruc\Downloads\archive (1)\LA\LA\ASVspoof2019_LA_dev\flac\LA_D_8092661.flac,archive_(1)_ASVspoof2019_LA,audio,bonafide,0,train,.flac
C:\Users\paruc\Downloads\archive (1)\LA\LA\ASVspoof2019_LA_dev\flac\LA_D_4204784.flac,archive_(1)_ASVspoof2019_LA,audio,spoof,1,train,.flac
C:\Users\paruc\Downloads\archive (1)\LA\LA\ASVspoof2019_LA_dev\flac\LA_D_8880226.flac,archive_(1)_ASVspoof2019_LA,audio,bonafide,0,train,.flac
C:\Users\paruc\Downloads\archive (1)\LA\LA\ASVspoof2019_LA_dev\flac\LA_D_1930986.flac,archive_(1)_ASVspoof2019_LA,audio,bonafide,0,train,.flac
C:\Users\paruc\Downloads\archive (1)\LA\LA\ASVspoof2019_LA_dev\flac\LA_D_4877516.flac,archive_(1)_ASVspoof2019_LA,audio,bonafide,0,train,.flac
C:\Users\paruc\Downloads\archive (1)\LA\LA\ASVspoof2019_LA_dev\flac\LA_D_1340209.flac,archive_(1)_ASVspoof2019_LA,audio,bonafide,0,train,.flac
C:\Users\paruc\Downloads\archive (1)\LA\LA\ASVspoof2019_LA_dev\flac\LA_D_7038666.flac,archive_(1)_ASVspoof2019_LA,audio,spoof,1,train,.flac
C:\Users\paruc\Downloads\archive (1)\LA\LA\ASVspoof2019_LA_dev\flac\LA_D_6401877.flac,archive_(1)_ASVspoof2019_LA,audio,bonafide,0,train,.flac
C:\Users\paruc\Downloads\archive (1)\LA\LA\ASVspoof2019_LA_dev\flac\LA_D_6913699.flac,archive_(1)_ASVspoof2019_LA,audio,spoof,1,train,.flac
C:\Users\paruc\Downloads\archive (1)\LA\LA\ASVspoof2019_LA_dev\flac\LA_D_5267249.flac,archive_(1)_ASVspoof2019_LA,audio,bonafide,0,train,.flac
C:\Users\paruc\Downloads\archive (1)\LA\LA\ASVspoof2019_LA_dev\flac\LA_D_8535380.flac,archive_(1)_ASVspoof2019_LA,audio,spoof,1,train,.flac
C:\Users\paruc\Downloads\archive (1)\LA\LA\ASVspoof2019_LA_dev\flac\LA_D_6869808.flac,archive_(1)_ASVspoof2019_LA,audio,bonafide,0,train,.flac
C:\Users\paruc\Downloads\archive (1)\LA\LA\ASVspoof2019_LA_dev\flac\LA_D_1642025.flac,archive_(1)_ASVspoof2019_LA,audio,spoof,1,train,.flac
C:\Users\paruc\Downloads\archive (1)\LA\LA\ASVspoof2019_LA_dev\flac\LA_D_8554979.flac,archive_(1)_ASVspoof2019_LA,audio,bonafide,0,train,.flac
C:\Users\paruc\Downloads\archive (1)\LA\LA\ASVspoof2019_LA_dev\flac\LA_D_7730796.flac,archive_(1)_ASVspoof2019_LA,audio,spoof,1,train,.flac
C:\Users\paruc\Downloads\archive (1)\LA\LA\ASVspoof2019_LA_dev\flac\LA_D_6038110.flac,archive_(1)_ASVspoof2019_LA,audio,spoof,1,train,.flac
C:\Users\paruc\Downloads\archive (1)\LA\LA\ASVspoof2019_LA_dev\flac\LA_D_3756417.flac,archive_(1)_ASVspoof2019_LA,audio,spoof,1,train,.flac
C:\Users\paruc\Downloads\archive (1)\LA\LA\ASVspoof2019_LA_dev\flac\LA_D_5579274.flac,archive_(1)_ASVspoof2019_LA,audio,spoof,1,train,.flac
C:\Users\paruc\Downloads\archive (1)\LA\LA\ASVspoof2019_LA_dev\flac\LA_D_5255870.flac,archive_(1)_ASVspoof2019_LA,audio,bonafide,0,train,.flac
C:\Users\paruc\Downloads\archive (1)\LA\LA\ASVspoof2019_LA_dev\flac\LA_D_8198807.flac,archive_(1)_ASVspoof2019_LA,audio,spoof,1,train,.flac
C:\Users\paruc\Downloads\archive (1)\LA\LA\ASVspoof2019_LA_dev\flac\LA_D_9514508.flac,archive_(1)_ASVspoof2019_LA,audio,spoof,1,train,.flac
C:\Users\paruc\Downloads\archive (1)\LA\LA\ASVspoof2019_LA_dev\flac\LA_D_6068075.flac,archive_(1)_ASVspoof2019_LA,audio,bonafide,0,train,.flac
C:\Users\paruc\Downloads\archive (1)\LA\LA\ASVspoof2019_LA_dev\flac\LA_D_3095133.flac,archive_(1)_ASVspoof2019_LA,audio,spoof,1,train,.flac
C:\Users\paruc\Downloads\archive (1)\LA\LA\ASVspoof2019_LA_dev\flac\LA_D_5695559.flac,archive_(1)_ASVspoof2019_LA,audio,spoof,1,train,.flac
C:\Users\paruc\Downloads\archive (1)\LA\LA\ASVspoof2019_LA_dev\flac\LA_D_8909861.flac,archive_(1)_ASVspoof2019_LA,audio,bonafide,0,train,.flac
C:\Users\paruc\Downloads\archive (1)\LA\LA\ASVspoof2019_LA_dev\flac\LA_D_6202287.flac,archive_(1)_ASVspoof2019_LA,audio,spoof,1,train,.flac
C:\Users\paruc\Downloads\archive (1)\LA\LA\ASVspoof2019_LA_dev\flac\LA_D_2970295.flac,archive_(1)_ASVspoof2019_LA,audio,spoof,1,train,.flac
C:\Users\paruc\Downloads\archive (1)\LA\LA\ASVspoof2019_LA_dev\flac\LA_D_8486261.flac,archive_(1)_ASVspoof2019_LA,audio,spoof,1,train,.flac
C:\Users\paruc\Downloads\archive (1)\LA\LA\ASVspoof2019_LA_dev\flac\LA_D_1513725.flac,archive_(1)_ASVspoof2019_LA,audio,bonafide,0,train,.flac
C:\Users\paruc\Downloads\archive (1)\LA\LA\ASVspoof2019_LA_dev\flac\LA_D_2183722.flac,archive_(1)_ASVspoof2019_LA,audio,spoof,1,train,.flac
C:\Users\paruc\Downloads\archive (1)\LA\LA\ASVspoof2019_LA_dev\flac\LA_D_9269639.flac,archive_(1)_ASVspoof2019_LA,audio,spoof,1,train,.flac
C:\Users\paruc\Downloads\archive (1)\LA\LA\ASVspoof2019_LA_dev\flac\LA_D_9110661.flac,archive_(1)_ASVspoof2019_LA,audio,bonafide,0,train,.flac
C:\Users\paruc\Downloads\archive (1)\LA\LA\ASVspoof2019_LA_dev\flac\LA_D_9561057.flac,archive_(1)_ASVspoof2019_LA,audio,bonafide,0,train,.flac
C:\Users\paruc\Downloads\archive (1)\LA\LA\ASVspoof2019_LA_dev\flac\LA_D_7885719.flac,archive_(1)_ASVspoof2019_LA,audio,bonafide,0,train,.flac
C:\Users\paruc\Downloads\archive (1)\LA\LA\ASVspoof2019_LA_dev\flac\LA_D_8238051.flac,archive_(1)_ASVspoof2019_LA,audio,bonafide,0,train,.flac
C:\Users\paruc\Downloads\archive (1)\LA\LA\ASVspoof2019_LA_dev\flac\LA_D_4960294.flac,archive_(1)_ASVspoof2019_LA,audio,spoof,1,train,.flac
C:\Users\paruc\Downloads\archive (1)\LA\LA\ASVspoof2019_LA_dev\flac\LA_D_9793252.flac,archive_(1)_ASVspoof2019_LA,audio,spoof,1,train,.flac
C:\Users\paruc\Downloads\archive (1)\LA\LA\ASVspoof2019_LA_dev\flac\LA_D_4589187.flac,archive_(1)_ASVspoof2019_LA,audio,spoof,1,train,.flac
C:\Users\paruc\Downloads\archive (1)\LA\LA\ASVspoof2019_LA_dev\flac\LA_D_1294276.flac,archive_(1)_ASVspoof2019_LA,audio,spoof,1,train,.flac
C:\Users\paruc\Downloads\archive (1)\LA\LA\ASVspoof2019_LA_dev\flac\LA_D_4004968.flac,archive_(1)_ASVspoof2019_LA,audio,bonafide,0,train,.flac
C:\Users\paruc\Downloads\archive (1)\LA\LA\ASVspoof2019_LA_dev\flac\LA_D_7835394.flac,archive_(1)_ASVspoof2019_LA,audio,spoof,1,train,.flac
C:\Users\paruc\Downloads\archive (1)\LA\LA\ASVspoof2019_LA_dev\flac\LA_D_2133778.flac,archive_(1)_ASVspoof2019_LA,audio,bonafide,0,train,.flac
C:\Users\paruc\Downloads\archive (1)\LA\LA\ASVspoof2019_LA_dev\flac\LA_D_1860197.flac,archive_(1)_ASVspoof2019_LA,audio,spoof,1,train,.flac
C:\Users\paruc\Downloads\archive (1)\LA\LA\ASVspoof2019_LA_dev\flac\LA_D_7753521.flac,archive_(1)_ASVspoof2019_LA,audio,bonafide,0,train,.flac
C:\Users\paruc\Downloads\archive (1)\LA\LA\ASVspoof2019_LA_dev\flac\LA_D_9526098.flac,archive_(1)_ASVspoof2019_LA,audio,spoof,1,train,.flac
C:\Users\paruc\Downloads\archive (1)\LA\LA\ASVspoof2019_LA_dev\flac\LA_D_7596579.flac,archive_(1)_ASVspoof2019_LA,audio,bonafide,0,train,.flac
C:\Users\paruc\Downloads\archive (1)\LA\LA\ASVspoof2019_LA_dev\flac\LA_D_8478499.flac,archive_(1)_ASVspoof2019_LA,audio,spoof,1,train,.flac
C:\Users\paruc\Downloads\archive (1)\LA\LA\ASVspoof2019_LA_dev\flac\LA_D_1841270.flac,archive_(1)_ASVspoof2019_LA,audio,bonafide,0,train,.flac
C:\Users\paruc\Downloads\archive (1)\LA\LA\ASVspoof2019_LA_dev\flac\LA_D_2370652.flac,archive_(1)_ASVspoof2019_LA,audio,spoof,1,train,.flac
C:\Users\paruc\Downloads\archive (1)\LA\LA\ASVspoof2019_LA_dev\flac\LA_D_2022297.flac,archive_(1)_ASVspoof2019_LA,audio,bonafide,0,train,.flac
C:\Users\paruc\Downloads\archive (1)\LA\LA\ASVspoof2019_LA_dev\flac\LA_D_8430669.flac,archive_(1)_ASVspoof2019_LA,audio,bonafide,0,train,.flac
C:\Users\paruc\Downloads\archive (1)\LA\LA\ASVspoof2019_LA_dev\flac\LA_D_4463495.flac,archive_(1)_ASVspoof2019_LA,audio,bonafide,0,train,.flac
C:\Users\paruc\Downloads\archive (1)\LA\LA\ASVspoof2019_LA_dev\flac\LA_D_5747580.flac,archive_(1)_ASVspoof2019_LA,audio,bonafide,0,train,.flac
C:\Users\paruc\Downloads\archive (1)\LA\LA\ASVspoof2019_LA_dev\flac\LA_D_1070779.flac,archive_(1)_ASVspoof2019_LA,audio,spoof,1,train,.flac
C:\Users\paruc\Downloads\archive (1)\LA\LA\ASVspoof2019_LA_dev\flac\LA_D_2066237.flac,archive_(1)_ASVspoof2019_LA,audio,spoof,1,train,.flac
C:\Users\paruc\Downloads\archive (1)\LA\LA\ASVspoof2019_LA_dev\flac\LA_D_3405832.flac,archive_(1)_ASVspoof2019_LA,audio,bonafide,0,train,.flac
C:\Users\paruc\Downloads\archive (1)\LA\LA\ASVspoof2019_LA_dev\flac\LA_D_6716159.flac,archive_(1)_ASVspoof2019_LA,audio,bonafide,0,train,.flac
C:\Users\paruc\Downloads\archive (1)\LA\LA\ASVspoof2019_LA_dev\flac\LA_D_9538442.flac,archive_(1)_ASVspoof2019_LA,audio,spoof,1,train,.flac
C:\Users\paruc\Downloads\archive (1)\LA\LA\ASVspoof2019_LA_dev\flac\LA_D_8637288.flac,archive_(1)_ASVspoof2019_LA,audio,bonafide,0,train,.flac
C:\Users\paruc\Downloads\archive (1)\LA\LA\ASVspoof2019_LA_dev\flac\LA_D_7410620.flac,archive_(1)_ASVspoof2019_LA,audio,spoof,1,train,.flac
C:\Users\paruc\Downloads\archive (1)\LA\LA\ASVspoof2019_LA_dev\flac\LA_D_8754324.flac,archive_(1)_ASVspoof2019_LA,audio,spoof,1,train,.flac
C:\Users\paruc\Downloads\archive (1)\LA\LA\ASVspoof2019_LA_dev\flac\LA_D_2989479.flac,archive_(1)_ASVspoof2019_LA,audio,bonafide,0,train,.flac
C:\Users\paruc\Downloads\archive (1)\LA\LA\ASVspoof2019_LA_dev\flac\LA_D_5654315.flac,archive_(1)_ASVspoof2019_LA,audio,bonafide,0,train,.flac
C:\Users\paruc\Downloads\archive (1)\LA\LA\ASVspoof2019_LA_dev\flac\LA_D_3312475.flac,archive_(1)_ASVspoof2019_LA,audio,bonafide,0,train,.flac
C:\Users\paruc\Downloads\archive (1)\LA\LA\ASVspoof2019_LA_dev\flac\LA_D_3019114.flac,archive_(1)_ASVspoof2019_LA,audio,spoof,1,train,.flac
C:\Users\paruc\Downloads\archive (1)\LA\LA\ASVspoof2019_LA_dev\flac\LA_D_5606626.flac,archive_(1)_ASVspoof2019_LA,audio,bonafide,0,train,.flac
C:\Users\paruc\Downloads\archive (1)\LA\LA\ASVspoof2019_LA_dev\flac\LA_D_7989686.flac,archive_(1)_ASVspoof2019_LA,audio,spoof,1,train,.flac
C:\Users\paruc\Downloads\archive (1)\LA\LA\ASVspoof2019_LA_dev\flac\LA_D_6754294.flac,archive_(1)_ASVspoof2019_LA,audio,bonafide,0,train,.flac
C:\Users\paruc\Downloads\archive (1)\LA\LA\ASVspoof2019_LA_dev\flac\LA_D_5197250.flac,archive_(1)_ASVspoof2019_LA,audio,spoof,1,train,.flac
C:\Users\paruc\Downloads\archive (1)\LA\LA\ASVspoof2019_LA_dev\flac\LA_D_8138691.flac,archive_(1)_ASVspoof2019_LA,audio,spoof,1,train,.flac
C:\Users\paruc\Downloads\archive (1)\LA\LA\ASVspoof2019_LA_dev\flac\LA_D_9985949.flac,archive_(1)_ASVspoof2019_LA,audio,spoof,1,train,.flac
C:\Users\paruc\Downloads\archive (1)\LA\LA\ASVspoof2019_LA_dev\flac\LA_D_4328579.flac,archive_(1)_ASVspoof2019_LA,audio,bonafide,0,train,.flac
C:\Users\paruc\Downloads\archive (1)\LA\LA\ASVspoof2019_LA_dev\flac\LA_D_5090803.flac,archive_(1)_ASVspoof2019_LA,audio,bonafide,0,train,.flac
C:\Users\paruc\Downloads\archive (1)\LA\LA\ASVspoof2019_LA_dev\flac\LA_D_7509663.flac,archive_(1)_ASVspoof2019_LA,audio,bonafide,0,train,.flac
C:\Users\paruc\Downloads\archive (1)\LA\LA\ASVspoof2019_LA_dev\flac\LA_D_5526352.flac,archive_(1)_ASVspoof2019_LA,audio,spoof,1,train,.flac
C:\Users\paruc\Downloads\archive (1)\LA\LA\ASVspoof2019_LA_dev\flac\LA_D_4953037.flac,archive_(1)_ASVspoof2019_LA,audio,spoof,1,train,.flac
C:\Users\paruc\Downloads\archive (1)\LA\LA\ASVspoof2019_LA_dev\flac\LA_D_1583668.flac,archive_(1)_ASVspoof2019_LA,audio,bonafide,0,train,.flac
C:\Users\paruc\Downloads\archive (1)\LA\LA\ASVspoof2019_LA_dev\flac\LA_D_5856680.flac,archive_(1)_ASVspoof2019_LA,audio,spoof,1,train,.flac
C:\Users\paruc\Downloads\archive (1)\LA\LA\ASVspoof2019_LA_dev\flac\LA_D_7447418.flac,archive_(1)_ASVspoof2019_LA,audio,bonafide,0,train,.flac
C:\Users\paruc\Downloads\archive (1)\LA\LA\ASVspoof2019_LA_dev\flac\LA_D_7731192.flac,archive_(1)_ASVspoof2019_LA,audio,bonafide,0,train,.flac
C:\Users\paruc\Downloads\archive (1)\LA\LA\ASVspoof2019_LA_dev\flac\LA_D_6243272.flac,archive_(1)_ASVspoof2019_LA,audio,spoof,1,train,.flac
C:\Users\paruc\Downloads\archive (1)\LA\LA\ASVspoof2019_LA_dev\flac\LA_D_5417114.flac,archive_(1)_ASVspoof2019_LA,audio,bonafide,0,train,.flac
C:\Users\paruc\Downloads\archive (1)\LA\LA\ASVspoof2019_LA_dev\flac\LA_D_1713212.flac,archive_(1)_ASVspoof2019_LA,audio,spoof,1,train,.flac
C:\Users\paruc\Downloads\archive (1)\LA\LA\ASVspoof2019_LA_dev\flac\LA_D_3048577.flac,archive_(1)_ASVspoof2019_LA,audio,spoof,1,train,.flac
C:\Users\paruc\Downloads\archive (1)\LA\LA\ASVspoof2019_LA_dev\flac\LA_D_5018866.flac,archive_(1)_ASVspoof2019_LA,audio,spoof,1,train,.flac
C:\Users\paruc\Downloads\archive (1)\LA\LA\ASVspoof2019_LA_dev\flac\LA_D_3604610.flac,archive_(1)_ASVspoof2019_LA,audio,bonafide,0,train,.flac
C:\Users\paruc\Downloads\archive (1)\LA\LA\ASVspoof2019_LA_dev\flac\LA_D_4494554.flac,archive_(1)_ASVspoof2019_LA,audio,bonafide,0,train,.flac
C:\Users\paruc\Downloads\archive (1)\LA\LA\ASVspoof2019_LA_dev\flac\LA_D_5127521.flac,archive_(1)_ASVspoof2019_LA,audio,spoof,1,train,.flac
C:\Users\paruc\Downloads\archive (1)\LA\LA\ASVspoof2019_LA_dev\flac\LA_D_5135534.flac,archive_(1)_ASVspoof2019_LA,audio,bonafide,0,train,.flac
C:\Users\paruc\Downloads\archive (1)\LA\LA\ASVspoof2019_LA_dev\flac\LA_D_9791780.flac,archive_(1)_ASVspoof2019_LA,audio,bonafide,0,train,.flac
C:\Users\paruc\Downloads\archive (1)\LA\LA\ASVspoof2019_LA_dev\flac\LA_D_5019937.flac,archive_(1)_ASVspoof2019_LA,audio,bonafide,0,train,.flac
C:\Users\paruc\Downloads\archive (1)\LA\LA\ASVspoof2019_LA_dev\flac\LA_D_3342204.flac,archive_(1)_ASVspoof2019_LA,audio,spoof,1,train,.flac
C:\Users\paruc\Downloads\archive (1)\LA\LA\ASVspoof2019_LA_dev\flac\LA_D_6487933.flac,archive_(1)_ASVspoof2019_LA,audio,bonafide,0,train,.flac
C:\Users\paruc\Downloads\archive (1)\LA\LA\ASVspoof2019_LA_dev\flac\LA_D_3781277.flac,archive_(1)_ASVspoof2019_LA,audio,spoof,1,train,.flac
C:\Users\paruc\Downloads\archive (1)\LA\LA\ASVspoof2019_LA_dev\flac\LA_D_4021573.flac,archive_(1)_ASVspoof2019_LA,audio,bonafide,0,train,.flac
C:\Users\paruc\Downloads\archive (1)\LA\LA\ASVspoof2019_LA_dev\flac\LA_D_1570970.flac,archive_(1)_ASVspoof2019_LA,audio,bonafide,0,train,.flac
C:\Users\paruc\Downloads\archive (1)\LA\LA\ASVspoof2019_LA_dev\flac\LA_D_9625547.flac,archive_(1)_ASVspoof2019_LA,audio,bonafide,0,train,.flac
C:\Users\paruc\Downloads\archive (1)\LA\LA\ASVspoof2019_LA_dev\flac\LA_D_7054977.flac,archive_(1)_ASVspoof2019_LA,audio,bonafide,0,train,.flac
C:\Users\paruc\Downloads\archive (1)\LA\LA\ASVspoof2019_LA_dev\flac\LA_D_6837161.flac,archive_(1)_ASVspoof2019_LA,audio,spoof,1,train,.flac
C:\Users\paruc\Downloads\archive (1)\LA\LA\ASVspoof2019_LA_dev\flac\LA_D_2603020.flac,archive_(1)_ASVspoof2019_LA,audio,spoof,1,train,.flac
C:\Users\paruc\Downloads\archive (1)\LA\LA\ASVspoof2019_LA_dev\flac\LA_D_9985507.flac,archive_(1)_ASVspoof2019_LA,audio,spoof,1,train,.flac
C:\Users\paruc\Downloads\archive (1)\LA\LA\ASVspoof2019_LA_dev\flac\LA_D_1574269.flac,archive_(1)_ASVspoof2019_LA,audio,spoof,1,train,.flac
C:\Users\paruc\Downloads\archive (1)\LA\LA\ASVspoof2019_LA_dev\flac\LA_D_6848115.flac,archive_(1)_ASVspoof2019_LA,audio,bonafide,0,train,.flac
C:\Users\paruc\Downloads\archive (1)\LA\LA\ASVspoof2019_LA_dev\flac\LA_D_5080128.flac,archive_(1)_ASVspoof2019_LA,audio,bonafide,0,train,.flac
C:\Users\paruc\Downloads\archive (1)\LA\LA\ASVspoof2019_LA_dev\flac\LA_D_3174998.flac,archive_(1)_ASVspoof2019_LA,audio,bonafide,0,train,.flac
C:\Users\paruc\Downloads\archive (1)\LA\LA\ASVspoof2019_LA_dev\flac\LA_D_7671577.flac,archive_(1)_ASVspoof2019_LA,audio,spoof,1,train,.flac
C:\Users\paruc\Downloads\archive (1)\LA\LA\ASVspoof2019_LA_dev\flac\LA_D_3975408.flac,archive_(1)_ASVspoof2019_LA,audio,spoof,1,train,.flac
C:\Users\paruc\Downloads\archive (1)\LA\LA\ASVspoof2019_LA_dev\flac\LA_D_5349360.flac,archive_(1)_ASVspoof2019_LA,audio,bonafide,0,train,.flac
C:\Users\paruc\Downloads\archive (1)\LA\LA\ASVspoof2019_LA_dev\flac\LA_D_2452864.flac,archive_(1)_ASVspoof2019_LA,audio,spoof,1,train,.flac
C:\Users\paruc\Downloads\archive (1)\LA\LA\ASVspoof2019_LA_dev\flac\LA_D_4964858.flac,archive_(1)_ASVspoof2019_LA,audio,spoof,1,train,.flac
C:\Users\paruc\Downloads\archive (1)\LA\LA\ASVspoof2019_LA_dev\flac\LA_D_5248127.flac,archive_(1)_ASVspoof2019_LA,audio,bonafide,0,train,.flac
C:\Users\paruc\Downloads\archive (1)\LA\LA\ASVspoof2019_LA_dev\flac\LA_D_9913955.flac,archive_(1)_ASVspoof2019_LA,audio,spoof,1,train,.flac
C:\Users\paruc\Downloads\archive (1)\LA\LA\ASVspoof2019_LA_dev\flac\LA_D_4794519.flac,archive_(1)_ASVspoof2019_LA,audio,spoof,1,train,.flac
C:\Users\paruc\Downloads\archive (1)\LA\LA\ASVspoof2019_LA_dev\flac\LA_D_9064781.flac,archive_(1)_ASVspoof2019_LA,audio,spoof,1,train,.flac
C:\Users\paruc\Downloads\archive (1)\LA\LA\ASVspoof2019_LA_dev\flac\LA_D_5031248.flac,archive_(1)_ASVspoof2019_LA,audio,spoof,1,train,.flac
C:\Users\paruc\Downloads\archive (1)\LA\LA\ASVspoof2019_LA_dev\flac\LA_D_8360978.flac,archive_(1)_ASVspoof2019_LA,audio,spoof,1,train,.flac
C:\Users\paruc\Downloads\archive (1)\LA\LA\ASVspoof2019_LA_dev\flac\LA_D_6511989.flac,archive_(1)_ASVspoof2019_LA,audio,bonafide,0,train,.flac
C:\Users\paruc\Downloads\archive (1)\LA\LA\ASVspoof2019_LA_dev\flac\LA_D_9733247.flac,archive_(1)_ASVspoof2019_LA,audio,spoof,1,train,.flac
C:\Users\paruc\Downloads\archive (1)\LA\LA\ASVspoof2019_LA_dev\flac\LA_D_4739519.flac,archive_(1)_ASVspoof2019_LA,audio,bonafide,0,train,.flac
C:\Users\paruc\Downloads\archive (1)\LA\LA\ASVspoof2019_LA_dev\flac\LA_D_8892065.flac,archive_(1)_ASVspoof2019_LA,audio,bonafide,0,train,.flac
C:\Users\paruc\Downloads\archive (1)\LA\LA\ASVspoof2019_LA_dev\flac\LA_D_6843816.flac,archive_(1)_ASVspoof2019_LA,audio,spoof,1,train,.flac
C:\Users\paruc\Downloads\archive (1)\LA\LA\ASVspoof2019_LA_dev\flac\LA_D_2731749.flac,archive_(1)_ASVspoof2019_LA,audio,spoof,1,train,.flac
C:\Users\paruc\Downloads\archive (1)\LA\LA\ASVspoof2019_LA_dev\flac\LA_D_4387141.flac,archive_(1)_ASVspoof2019_LA,audio,bonafide,0,train,.flac
C:\Users\paruc\Downloads\archive (1)\LA\LA\ASVspoof2019_LA_dev\flac\LA_D_7953471.flac,archive_(1)_ASVspoof2019_LA,audio,spoof,1,train,.flac
C:\Users\paruc\Downloads\archive (1)\LA\LA\ASVspoof2019_LA_dev\flac\LA_D_3349138.flac,archive_(1)_ASVspoof2019_LA,audio,spoof,1,train,.flac
C:\Users\paruc\Downloads\archive (1)\LA\LA\ASVspoof2019_LA_dev\flac\LA_D_3075580.flac,archive_(1)_ASVspoof2019_LA,audio,bonafide,0,train,.flac
C:\Users\paruc\Downloads\archive (1)\LA\LA\ASVspoof2019_LA_dev\flac\LA_D_3631999.flac,archive_(1)_ASVspoof2019_LA,audio,bonafide,0,train,.flac
C:\Users\paruc\Downloads\archive (1)\LA\LA\ASVspoof2019_LA_dev\flac\LA_D_6756553.flac,archive_(1)_ASVspoof2019_LA,audio,bonafide,0,train,.flac
C:\Users\paruc\Downloads\archive (1)\LA\LA\ASVspoof2019_LA_dev\flac\LA_D_2107954.flac,archive_(1)_ASVspoof2019_LA,audio,spoof,1,train,.flac
C:\Users\paruc\Downloads\archive (1)\LA\LA\ASVspoof2019_LA_dev\flac\LA_D_7314692.flac,archive_(1)_ASVspoof2019_LA,audio,spoof,1,train,.flac
C:\Users\paruc\Downloads\archive (1)\LA\LA\ASVspoof2019_LA_dev\flac\LA_D_5649166.flac,archive_(1)_ASVspoof2019_LA,audio,spoof,1,train,.flac
C:\Users\paruc\Downloads\archive (1)\LA\LA\ASVspoof2019_LA_dev\flac\LA_D_1624385.flac,archive_(1)_ASVspoof2019_LA,audio,bonafide,0,train,.flac
C:\Users\paruc\Downloads\archive (1)\LA\LA\ASVspoof2019_LA_dev\flac\LA_D_6520984.flac,archive_(1)_ASVspoof2019_LA,audio,bonafide,0,train,.flac
C:\Users\paruc\Downloads\archive (1)\LA\LA\ASVspoof2019_LA_dev\flac\LA_D_9706532.flac,archive_(1)_ASVspoof2019_LA,audio,bonafide,0,train,.flac
C:\Users\paruc\Downloads\archive (1)\LA\LA\ASVspoof2019_LA_dev\flac\LA_D_8845423.flac,archive_(1)_ASVspoof2019_LA,audio,spoof,1,train,.flac
C:\Users\paruc\Downloads\archive (1)\LA\LA\ASVspoof2019_LA_dev\flac\LA_D_3896851.flac,archive_(1)_ASVspoof2019_LA,audio,spoof,1,train,.flac
C:\Users\paruc\Downloads\archive (1)\LA\LA\ASVspoof2019_LA_dev\flac\LA_D_1297021.flac,archive_(1)_ASVspoof2019_LA,audio,spoof,1,train,.flac
C:\Users\paruc\Downloads\archive (1)\LA\LA\ASVspoof2019_LA_dev\flac\LA_D_3404722.flac,archive_(1)_ASVspoof2019_LA,audio,spoof,1,train,.flac
C:\Users\paruc\Downloads\archive (1)\LA\LA\ASVspoof2019_LA_dev\flac\LA_D_8361424.flac,archive_(1)_ASVspoof2019_LA,audio,spoof,1,train,.flac
C:\Users\paruc\Downloads\archive (1)\LA\LA\ASVspoof2019_LA_dev\flac\LA_D_7380582.flac,archive_(1)_ASVspoof2019_LA,audio,bonafide,0,train,.flac
C:\Users\paruc\Downloads\archive (1)\LA\LA\ASVspoof2019_LA_dev\flac\LA_D_6402048.flac,archive_(1)_ASVspoof2019_LA,audio,bonafide,0,train,.flac
C:\Users\paruc\Downloads\archive (1)\LA\LA\ASVspoof2019_LA_dev\flac\LA_D_5363745.flac,archive_(1)_ASVspoof2019_LA,audio,spoof,1,train,.flac
C:\Users\paruc\Downloads\archive (1)\LA\LA\ASVspoof2019_LA_dev\flac\LA_D_3247685.flac,archive_(1)_ASVspoof2019_LA,audio,bonafide,0,train,.flac
C:\Users\paruc\Downloads\archive (1)\LA\LA\ASVspoof2019_LA_dev\flac\LA_D_2061583.flac,archive_(1)_ASVspoof2019_LA,audio,bonafide,0,train,.flac
C:\Users\paruc\Downloads\archive (1)\LA\LA\ASVspoof2019_LA_dev\flac\LA_D_8179191.flac,archive_(1)_ASVspoof2019_LA,audio,bonafide,0,train,.flac
C:\Users\paruc\Downloads\archive (1)\LA\LA\ASVspoof2019_LA_dev\flac\LA_D_5937275.flac,archive_(1)_ASVspoof2019_LA,audio,bonafide,0,train,.flac
C:\Users\paruc\Downloads\archive (1)\LA\LA\ASVspoof2019_LA_dev\flac\LA_D_2004845.flac,archive_(1)_ASVspoof2019_LA,audio,bonafide,0,train,.flac
C:\Users\paruc\Downloads\archive (1)\LA\LA\ASVspoof2019_LA_dev\flac\LA_D_5676897.flac,archive_(1)_ASVspoof2019_LA,audio,bonafide,0,train,.flac
C:\Users\paruc\Downloads\archive (1)\LA\LA\ASVspoof2019_LA_dev\flac\LA_D_5770185.flac,archive_(1)_ASVspoof2019_LA,audio,bonafide,0,train,.flac
C:\Users\paruc\Downloads\archive (1)\LA\LA\ASVspoof2019_LA_dev\flac\LA_D_6137766.flac,archive_(1)_ASVspoof2019_LA,audio,bonafide,0,train,.flac
C:\Users\paruc\Downloads\archive (1)\LA\LA\ASVspoof2019_LA_dev\flac\LA_D_7683536.flac,archive_(1)_ASVspoof2019_LA,audio,spoof,1,train,.flac
C:\Users\paruc\Downloads\archive (1)\LA\LA\ASVspoof2019_LA_dev\flac\LA_D_7466992.flac,archive_(1)_ASVspoof2019_LA,audio,spoof,1,train,.flac
C:\Users\paruc\Downloads\archive (1)\LA\LA\ASVspoof2019_LA_dev\flac\LA_D_7060794.flac,archive_(1)_ASVspoof2019_LA,audio,spoof,1,train,.flac
C:\Users\paruc\Downloads\archive (1)\LA\LA\ASVspoof2019_LA_dev\flac\LA_D_6672353.flac,archive_(1)_ASVspoof2019_LA,audio,spoof,1,train,.flac
C:\Users\paruc\Downloads\archive (1)\LA\LA\ASVspoof2019_LA_dev\flac\LA_D_4338918.flac,archive_(1)_ASVspoof2019_LA,audio,spoof,1,train,.flac
C:\Users\paruc\Downloads\archive (1)\LA\LA\ASVspoof2019_LA_dev\flac\LA_D_2708980.flac,archive_(1)_ASVspoof2019_LA,audio,spoof,1,train,.flac
C:\Users\paruc\Downloads\archive (1)\LA\LA\ASVspoof2019_LA_dev\flac\LA_D_8089138.flac,archive_(1)_ASVspoof2019_LA,audio,spoof,1,train,.flac
C:\Users\paruc\Downloads\archive (1)\LA\LA\ASVspoof2019_LA_dev\flac\LA_D_8718356.flac,archive_(1)_ASVspoof2019_LA,audio,bonafide,0,train,.flac
C:\Users\paruc\Downloads\archive (1)\LA\LA\ASVspoof2019_LA_dev\flac\LA_D_5409547.flac,archive_(1)_ASVspoof2019_LA,audio,spoof,1,train,.flac
C:\Users\paruc\Downloads\archive (1)\LA\LA\ASVspoof2019_LA_dev\flac\LA_D_6828979.flac,archive_(1)_ASVspoof2019_LA,audio,spoof,1,train,.flac
C:\Users\paruc\Downloads\archive (1)\LA\LA\ASVspoof2019_LA_dev\flac\LA_D_5838540.flac,archive_(1)_ASVspoof2019_LA,audio,bonafide,0,train,.flac
C:\Users\paruc\Downloads\archive (1)\LA\LA\ASVspoof2019_LA_dev\flac\LA_D_7742734.flac,archive_(1)_ASVspoof2019_LA,audio,bonafide,0,train,.flac
C:\Users\paruc\Downloads\archive (1)\LA\LA\ASVspoof2019_LA_dev\flac\LA_D_6236753.flac,archive_(1)_ASVspoof2019_LA,audio,bonafide,0,train,.flac
C:\Users\paruc\Downloads\archive (1)\LA\LA\ASVspoof2019_LA_dev\flac\LA_D_4469053.flac,archive_(1)_ASVspoof2019_LA,audio,bonafide,0,train,.flac
C:\Users\paruc\Downloads\archive (1)\LA\LA\ASVspoof2019_LA_dev\flac\LA_D_3713783.flac,archive_(1)_ASVspoof2019_LA,audio,bonafide,0,train,.flac
C:\Users\paruc\Downloads\archive (1)\LA\LA\ASVspoof2019_LA_dev\flac\LA_D_8037199.flac,archive_(1)_ASVspoof2019_LA,audio,bonafide,0,train,.flac
C:\Users\paruc\Downloads\archive (1)\LA\LA\ASVspoof2019_LA_dev\flac\LA_D_1649887.flac,archive_(1)_ASVspoof2019_LA,audio,spoof,1,train,.flac
C:\Users\paruc\Downloads\archive (1)\LA\LA\ASVspoof2019_LA_dev\flac\LA_D_7861052.flac,archive_(1)_ASVspoof2019_LA,audio,bonafide,0,train,.flac
C:\Users\paruc\Downloads\archive (1)\LA\LA\ASVspoof2019_LA_dev\flac\LA_D_5191897.flac,archive_(1)_ASVspoof2019_LA,audio,spoof,1,train,.flac
C:\Users\paruc\Downloads\archive (1)\LA\LA\ASVspoof2019_LA_dev\flac\LA_D_6002117.flac,archive_(1)_ASVspoof2019_LA,audio,bonafide,0,train,.flac
C:\Users\paruc\Downloads\archive (1)\LA\LA\ASVspoof2019_LA_dev\flac\LA_D_8184939.flac,archive_(1)_ASVspoof2019_LA,audio,bonafide,0,train,.flac
C:\Users\paruc\Downloads\archive (1)\LA\LA\ASVspoof2019_LA_dev\flac\LA_D_4565934.flac,archive_(1)_ASVspoof2019_LA,audio,spoof,1,train,.flac
C:\Users\paruc\Downloads\archive (1)\LA\LA\ASVspoof2019_LA_dev\flac\LA_D_2596293.flac,archive_(1)_ASVspoof2019_LA,audio,bonafide,0,train,.flac
C:\Users\paruc\Downloads\archive (1)\LA\LA\ASVspoof2019_LA_dev\flac\LA_D_4012262.flac,archive_(1)_ASVspoof2019_LA,audio,spoof,1,train,.flac
C:\Users\paruc\Downloads\archive (1)\LA\LA\ASVspoof2019_LA_dev\flac\LA_D_3592273.flac,archive_(1)_ASVspoof2019_LA,audio,spoof,1,train,.flac
C:\Users\paruc\Downloads\archive (1)\LA\LA\ASVspoof2019_LA_dev\flac\LA_D_5527177.flac,archive_(1)_ASVspoof2019_LA,audio,bonafide,0,train,.flac
C:\Users\paruc\Downloads\archive (1)\LA\LA\ASVspoof2019_LA_dev\flac\LA_D_8184153.flac,archive_(1)_ASVspoof2019_LA,audio,spoof,1,train,.flac
C:\Users\paruc\Downloads\archive (1)\LA\LA\ASVspoof2019_LA_dev\flac\LA_D_2302632.flac,archive_(1)_ASVspoof2019_LA,audio,bonafide,0,train,.flac
C:\Users\paruc\Downloads\archive (1)\LA\LA\ASVspoof2019_LA_dev\flac\LA_D_9633851.flac,archive_(1)_ASVspoof2019_LA,audio,spoof,1,train,.flac
C:\Users\paruc\Downloads\archive (1)\LA\LA\ASVspoof2019_LA_dev\flac\LA_D_5249364.flac,archive_(1)_ASVspoof2019_LA,audio,spoof,1,train,.flac
C:\Users\paruc\Downloads\archive (1)\LA\LA\ASVspoof2019_LA_dev\flac\LA_D_6005916.flac,archive_(1)_ASVspoof2019_LA,audio,bonafide,0,train,.flac
C:\Users\paruc\Downloads\archive (1)\LA\LA\ASVspoof2019_LA_dev\flac\LA_D_2541236.flac,archive_(1)_ASVspoof2019_LA,audio,spoof,1,train,.flac
C:\Users\paruc\Downloads\archive (1)\LA\LA\ASVspoof2019_LA_dev\flac\LA_D_3372750.flac,archive_(1)_ASVspoof2019_LA,audio,spoof,1,train,.flac
C:\Users\paruc\Downloads\archive (1)\LA\LA\ASVspoof2019_LA_dev\flac\LA_D_2730632.flac,archive_(1)_ASVspoof2019_LA,audio,spoof,1,train,.flac
C:\Users\paruc\Downloads\archive (1)\LA\LA\ASVspoof2019_LA_dev\flac\LA_D_9496441.flac,archive_(1)_ASVspoof2019_LA,audio,bonafide,0,train,.flac
C:\Users\paruc\Downloads\archive (1)\LA\LA\ASVspoof2019_LA_dev\flac\LA_D_8565833.flac,archive_(1)_ASVspoof2019_LA,audio,spoof,1,train,.flac
C:\Users\paruc\Downloads\archive (1)\LA\LA\ASVspoof2019_LA_dev\flac\LA_D_2639273.flac,archive_(1)_ASVspoof2019_LA,audio,bonafide,0,train,.flac
C:\Users\paruc\Downloads\archive (1)\LA\LA\ASVspoof2019_LA_dev\flac\LA_D_3570749.flac,archive_(1)_ASVspoof2019_LA,audio,bonafide,0,train,.flac
C:\Users\paruc\Downloads\archive (1)\LA\LA\ASVspoof2019_LA_dev\flac\LA_D_4378003.flac,archive_(1)_ASVspoof2019_LA,audio,spoof,1,train,.flac
C:\Users\paruc\Downloads\archive (1)\LA\LA\ASVspoof2019_LA_dev\flac\LA_D_8750703.flac,archive_(1)_ASVspoof2019_LA,audio,bonafide,0,train,.flac
C:\Users\paruc\Downloads\archive (1)\LA\LA\ASVspoof2019_LA_dev\flac\LA_D_9993956.flac,archive_(1)_ASVspoof2019_LA,audio,bonafide,0,train,.flac
C:\Users\paruc\Downloads\archive (1)\LA\LA\ASVspoof2019_LA_dev\flac\LA_D_9623720.flac,archive_(1)_ASVspoof2019_LA,audio,bonafide,0,train,.flac
C:\Users\paruc\Downloads\archive (1)\LA\LA\ASVspoof2019_LA_dev\flac\LA_D_3742070.flac,archive_(1)_ASVspoof2019_LA,audio,bonafide,0,train,.flac
C:\Users\paruc\Downloads\archive (1)\LA\LA\ASVspoof2019_LA_dev\flac\LA_D_8222620.flac,archive_(1)_ASVspoof2019_LA,audio,bonafide,0,train,.flac
C:\Users\paruc\Downloads\archive (1)\LA\LA\ASVspoof2019_LA_dev\flac\LA_D_2335395.flac,archive_(1)_ASVspoof2019_LA,audio,spoof,1,train,.flac
C:\Users\paruc\Downloads\archive (1)\LA\LA\ASVspoof2019_LA_dev\flac\LA_D_2534017.flac,archive_(1)_ASVspoof2019_LA,audio,spoof,1,train,.flac
C:\Users\paruc\Downloads\archive (1)\LA\LA\ASVspoof2019_LA_dev\flac\LA_D_4920424.flac,archive_(1)_ASVspoof2019_LA,audio,spoof,1,train,.flac
C:\Users\paruc\Downloads\archive (1)\LA\LA\ASVspoof2019_LA_dev\flac\LA_D_5009407.flac,archive_(1)_ASVspoof2019_LA,audio,bonafide,0,train,.flac
C:\Users\paruc\Downloads\archive (1)\LA\LA\ASVspoof2019_LA_dev\flac\LA_D_7338005.flac,archive_(1)_ASVspoof2019_LA,audio,spoof,1,train,.flac
C:\Users\paruc\Downloads\archive (1)\LA\LA\ASVspoof2019_LA_dev\flac\LA_D_3012054.flac,archive_(1)_ASVspoof2019_LA,audio,spoof,1,train,.flac
C:\Users\paruc\Downloads\archive (1)\LA\LA\ASVspoof2019_LA_dev\flac\LA_D_8087903.flac,archive_(1)_ASVspoof2019_LA,audio,spoof,1,train,.flac
C:\Users\paruc\Downloads\archive (1)\LA\LA\ASVspoof2019_LA_dev\flac\LA_D_7016331.flac,archive_(1)_ASVspoof2019_LA,audio,bonafide,0,train,.flac
C:\Users\paruc\Downloads\archive (1)\LA\LA\ASVspoof2019_LA_dev\flac\LA_D_5256199.flac,archive_(1)_ASVspoof2019_LA,audio,bonafide,0,train,.flac
C:\Users\paruc\Downloads\archive (1)\LA\LA\ASVspoof2019_LA_dev\flac\LA_D_4451377.flac,archive_(1)_ASVspoof2019_LA,audio,spoof,1,train,.flac
C:\Users\paruc\Downloads\archive (1)\LA\LA\ASVspoof2019_LA_dev\flac\LA_D_3235008.flac,archive_(1)_ASVspoof2019_LA,audio,spoof,1,train,.flac
C:\Users\paruc\Downloads\archive (1)\LA\LA\ASVspoof2019_LA_dev\flac\LA_D_7290285.flac,archive_(1)_ASVspoof2019_LA,audio,spoof,1,train,.flac
C:\Users\paruc\Downloads\archive (1)\LA\LA\ASVspoof2019_LA_dev\flac\LA_D_7556469.flac,archive_(1)_ASVspoof2019_LA,audio,bonafide,0,train,.flac
C:\Users\paruc\Downloads\archive (1)\LA\LA\ASVspoof2019_LA_dev\flac\LA_D_6207345.flac,archive_(1)_ASVspoof2019_LA,audio,bonafide,0,train,.flac
C:\Users\paruc\Downloads\archive (1)\LA\LA\ASVspoof2019_LA_dev\flac\LA_D_1047731.flac,archive_(1)_ASVspoof2019_LA,audio,bonafide,0,train,.flac
C:\Users\paruc\Downloads\archive (1)\LA\LA\ASVspoof2019_LA_dev\flac\LA_D_7321788.flac,archive_(1)_ASVspoof2019_LA,audio,spoof,1,train,.flac
C:\Users\paruc\Downloads\archive (1)\LA\LA\ASVspoof2019_LA_dev\flac\LA_D_8161997.flac,archive_(1)_ASVspoof2019_LA,audio,spoof,1,train,.flac
C:\Users\paruc\Downloads\archive (1)\LA\LA\ASVspoof2019_LA_dev\flac\LA_D_3851996.flac,archive_(1)_ASVspoof2019_LA,audio,bonafide,0,train,.flac
C:\Users\paruc\Downloads\archive (1)\LA\LA\ASVspoof2019_LA_dev\flac\LA_D_3034938.flac,archive_(1)_ASVspoof2019_LA,audio,spoof,1,train,.flac
C:\Users\paruc\Downloads\archive (1)\LA\LA\ASVspoof2019_LA_dev\flac\LA_D_1397617.flac,archive_(1)_ASVspoof2019_LA,audio,spoof,1,train,.flac
C:\Users\paruc\Downloads\archive (1)\LA\LA\ASVspoof2019_LA_dev\flac\LA_D_4895446.flac,archive_(1)_ASVspoof2019_LA,audio,spoof,1,train,.flac
C:\Users\paruc\Downloads\archive (1)\LA\LA\ASVspoof2019_LA_dev\flac\LA_D_3978597.flac,archive_(1)_ASVspoof2019_LA,audio,spoof,1,train,.flac
C:\Users\paruc\Downloads\archive (1)\LA\LA\ASVspoof2019_LA_dev\flac\LA_D_7339211.flac,archive_(1)_ASVspoof2019_LA,audio,spoof,1,train,.flac
C:\Users\paruc\Downloads\archive (1)\LA\LA\ASVspoof2019_LA_dev\flac\LA_D_7139553.flac,archive_(1)_ASVspoof2019_LA,audio,bonafide,0,train,.flac
C:\Users\paruc\Downloads\archive (1)\LA\LA\ASVspoof2019_LA_dev\flac\LA_D_5780144.flac,archive_(1)_ASVspoof2019_LA,audio,bonafide,0,train,.flac
C:\Users\paruc\Downloads\archive (1)\LA\LA\ASVspoof2019_LA_dev\flac\LA_D_1138581.flac,archive_(1)_ASVspoof2019_LA,audio,spoof,1,train,.flac
C:\Users\paruc\Downloads\archive (1)\LA\LA\ASVspoof2019_LA_dev\flac\LA_D_8262874.flac,archive_(1)_ASVspoof2019_LA,audio,bonafide,0,train,.flac
C:\Users\paruc\Downloads\archive (1)\LA\LA\ASVspoof2019_LA_dev\flac\LA_D_7449236.flac,archive_(1)_ASVspoof2019_LA,audio,bonafide,0,train,.flac
C:\Users\paruc\Downloads\archive (1)\LA\LA\ASVspoof2019_LA_dev\flac\LA_D_1307948.flac,archive_(1)_ASVspoof2019_LA,audio,bonafide,0,train,.flac
C:\Users\paruc\Downloads\archive (1)\LA\LA\ASVspoof2019_LA_dev\flac\LA_D_7724772.flac,archive_(1)_ASVspoof2019_LA,audio,bonafide,0,train,.flac
C:\Users\paruc\Downloads\archive (1)\LA\LA\ASVspoof2019_LA_dev\flac\LA_D_9662606.flac,archive_(1)_ASVspoof2019_LA,audio,spoof,1,train,.flac
C:\Users\paruc\Downloads\archive (1)\LA\LA\ASVspoof2019_LA_dev\flac\LA_D_6211330.flac,archive_(1)_ASVspoof2019_LA,audio,bonafide,0,train,.flac
C:\Users\paruc\Downloads\archive (1)\LA\LA\ASVspoof2019_LA_dev\flac\LA_D_7283626.flac,archive_(1)_ASVspoof2019_LA,audio,spoof,1,train,.flac
C:\Users\paruc\Downloads\archive (1)\LA\LA\ASVspoof2019_LA_dev\flac\LA_D_1234829.flac,archive_(1)_ASVspoof2019_LA,audio,bonafide,0,train,.flac
C:\Users\paruc\Downloads\archive (1)\LA\LA\ASVspoof2019_LA_dev\flac\LA_D_7495927.flac,archive_(1)_ASVspoof2019_LA,audio,bonafide,0,train,.flac
C:\Users\paruc\Downloads\archive (1)\LA\LA\ASVspoof2019_LA_dev\flac\LA_D_3122510.flac,archive_(1)_ASVspoof2019_LA,audio,bonafide,0,train,.flac
C:\Users\paruc\Downloads\archive (1)\LA\LA\ASVspoof2019_LA_dev\flac\LA_D_6517455.flac,archive_(1)_ASVspoof2019_LA,audio,spoof,1,train,.flac
C:\Users\paruc\Downloads\archive (1)\LA\LA\ASVspoof2019_LA_dev\flac\LA_D_4418265.flac,archive_(1)_ASVspoof2019_LA,audio,spoof,1,train,.flac
C:\Users\paruc\Downloads\archive (1)\LA\LA\ASVspoof2019_LA_dev\flac\LA_D_5790394.flac,archive_(1)_ASVspoof2019_LA,audio,bonafide,0,train,.flac
C:\Users\paruc\Downloads\archive (1)\LA\LA\ASVspoof2019_LA_dev\flac\LA_D_4433602.flac,archive_(1)_ASVspoof2019_LA,audio,bonafide,0,train,.flac
C:\Users\paruc\Downloads\archive (1)\LA\LA\ASVspoof2019_LA_dev\flac\LA_D_2763260.flac,archive_(1)_ASVspoof2019_LA,audio,bonafide,0,train,.flac
C:\Users\paruc\Downloads\archive (1)\LA\LA\ASVspoof2019_LA_dev\flac\LA_D_6404877.flac,archive_(1)_ASVspoof2019_LA,audio,bonafide,0,train,.flac
C:\Users\paruc\Downloads\archive (1)\LA\LA\ASVspoof2019_LA_dev\flac\LA_D_1892568.flac,archive_(1)_ASVspoof2019_LA,audio,spoof,1,train,.flac
C:\Users\paruc\Downloads\archive (1)\LA\LA\ASVspoof2019_LA_dev\flac\LA_D_5452596.flac,archive_(1)_ASVspoof2019_LA,audio,spoof,1,train,.flac
C:\Users\paruc\Downloads\archive (1)\LA\LA\ASVspoof2019_LA_dev\flac\LA_D_8205467.flac,archive_(1)_ASVspoof2019_LA,audio,spoof,1,train,.flac
C:\Users\paruc\Downloads\archive (1)\LA\LA\ASVspoof2019_LA_dev\flac\LA_D_6114519.flac,archive_(1)_ASVspoof2019_LA,audio,bonafide,0,train,.flac
C:\Users\paruc\Downloads\archive (1)\LA\LA\ASVspoof2019_LA_dev\flac\LA_D_4814132.flac,archive_(1)_ASVspoof2019_LA,audio,spoof,1,train,.flac
C:\Users\paruc\Downloads\archive (1)\LA\LA\ASVspoof2019_LA_dev\flac\LA_D_3703286.flac,archive_(1)_ASVspoof2019_LA,audio,bonafide,0,train,.flac
C:\Users\paruc\Downloads\archive (1)\LA\LA\ASVspoof2019_LA_dev\flac\LA_D_1678967.flac,archive_(1)_ASVspoof2019_LA,audio,spoof,1,train,.flac
C:\Users\paruc\Downloads\archive (1)\LA\LA\ASVspoof2019_LA_dev\flac\LA_D_2108473.flac,archive_(1)_ASVspoof2019_LA,audio,spoof,1,train,.flac
C:\Users\paruc\Downloads\archive (1)\LA\LA\ASVspoof2019_LA_dev\flac\LA_D_3286517.flac,archive_(1)_ASVspoof2019_LA,audio,bonafide,0,train,.flac
C:\Users\paruc\Downloads\archive (1)\LA\LA\ASVspoof2019_LA_dev\flac\LA_D_2473723.flac,archive_(1)_ASVspoof2019_LA,audio,spoof,1,train,.flac
C:\Users\paruc\Downloads\archive (1)\LA\LA\ASVspoof2019_LA_dev\flac\LA_D_4707332.flac,archive_(1)_ASVspoof2019_LA,audio,spoof,1,train,.flac
C:\Users\paruc\Downloads\archive (1)\LA\LA\ASVspoof2019_LA_dev\flac\LA_D_5676289.flac,archive_(1)_ASVspoof2019_LA,audio,bonafide,0,train,.flac
C:\Users\paruc\Downloads\archive (1)\LA\LA\ASVspoof2019_LA_dev\flac\LA_D_6266806.flac,archive_(1)_ASVspoof2019_LA,audio,bonafide,0,train,.flac
C:\Users\paruc\Downloads\archive (1)\LA\LA\ASVspoof2019_LA_dev\flac\LA_D_9899632.flac,archive_(1)_ASVspoof2019_LA,audio,bonafide,0,train,.flac
C:\Users\paruc\Downloads\archive (1)\LA\LA\ASVspoof2019_LA_dev\flac\LA_D_1082950.flac,archive_(1)_ASVspoof2019_LA,audio,spoof,1,train,.flac
C:\Users\paruc\Downloads\archive (1)\LA\LA\ASVspoof2019_LA_dev\flac\LA_D_3194471.flac,archive_(1)_ASVspoof2019_LA,audio,spoof,1,train,.flac
C:\Users\paruc\Downloads\archive (1)\LA\LA\ASVspoof2019_LA_dev\flac\LA_D_9227483.flac,archive_(1)_ASVspoof2019_LA,audio,spoof,1,train,.flac
C:\Users\paruc\Downloads\archive (1)\LA\LA\ASVspoof2019_LA_dev\flac\LA_D_5927388.flac,archive_(1)_ASVspoof2019_LA,audio,bonafide,0,train,.flac
C:\Users\paruc\Downloads\archive (1)\LA\LA\ASVspoof2019_LA_dev\flac\LA_D_3274531.flac,archive_(1)_ASVspoof2019_LA,audio,bonafide,0,train,.flac
C:\Users\paruc\Downloads\archive (1)\LA\LA\ASVspoof2019_LA_dev\flac\LA_D_9557117.flac,archive_(1)_ASVspoof2019_LA,audio,bonafide,0,train,.flac
C:\Users\paruc\Downloads\archive (1)\LA\LA\ASVspoof2019_LA_dev\flac\LA_D_4932722.flac,archive_(1)_ASVspoof2019_LA,audio,bonafide,0,train,.flac
C:\Users\paruc\Downloads\archive (1)\LA\LA\ASVspoof2019_LA_dev\flac\LA_D_4203374.flac,archive_(1)_ASVspoof2019_LA,audio,bonafide,0,train,.flac
C:\Users\paruc\Downloads\archive (1)\LA\LA\ASVspoof2019_LA_dev\flac\LA_D_1540420.flac,archive_(1)_ASVspoof2019_LA,audio,spoof,1,train,.flac
C:\Users\paruc\Downloads\archive (1)\LA\LA\ASVspoof2019_LA_dev\flac\LA_D_1943350.flac,archive_(1)_ASVspoof2019_LA,audio,bonafide,0,train,.flac
C:\Users\paruc\Downloads\archive (1)\LA\LA\ASVspoof2019_LA_dev\flac\LA_D_8340433.flac,archive_(1)_ASVspoof2019_LA,audio,bonafide,0,train,.flac
C:\Users\paruc\Downloads\archive (1)\LA\LA\ASVspoof2019_LA_dev\flac\LA_D_8181392.flac,archive_(1)_ASVspoof2019_LA,audio,spoof,1,train,.flac
C:\Users\paruc\Downloads\archive (1)\LA\LA\ASVspoof2019_LA_dev\flac\LA_D_9180019.flac,archive_(1)_ASVspoof2019_LA,audio,spoof,1,train,.flac
C:\Users\paruc\Downloads\archive (1)\LA\LA\ASVspoof2019_LA_dev\flac\LA_D_2042770.flac,archive_(1)_ASVspoof2019_LA,audio,spoof,1,train,.flac
C:\Users\paruc\Downloads\archive (1)\LA\LA\ASVspoof2019_LA_dev\flac\LA_D_8858517.flac,archive_(1)_ASVspoof2019_LA,audio,bonafide,0,train,.flac
C:\Users\paruc\Downloads\archive (1)\LA\LA\ASVspoof2019_LA_dev\flac\LA_D_7304634.flac,archive_(1)_ASVspoof2019_LA,audio,bonafide,0,train,.flac
C:\Users\paruc\Downloads\archive (1)\LA\LA\ASVspoof2019_LA_dev\flac\LA_D_6805166.flac,archive_(1)_ASVspoof2019_LA,audio,bonafide,0,train,.flac
C:\Users\paruc\Downloads\archive (1)\LA\LA\ASVspoof2019_LA_dev\flac\LA_D_2199278.flac,archive_(1)_ASVspoof2019_LA,audio,spoof,1,train,.flac
C:\Users\paruc\Downloads\archive (1)\LA\LA\ASVspoof2019_LA_dev\flac\LA_D_4057142.flac,archive_(1)_ASVspoof2019_LA,audio,bonafide,0,train,.flac
C:\Users\paruc\Downloads\archive (1)\LA\LA\ASVspoof2019_LA_dev\flac\LA_D_5725878.flac,archive_(1)_ASVspoof2019_LA,audio,bonafide,0,train,.flac
C:\Users\paruc\Downloads\archive (1)\LA\LA\ASVspoof2019_LA_dev\flac\LA_D_8258555.flac,archive_(1)_ASVspoof2019_LA,audio,spoof,1,train,.flac
C:\Users\paruc\Downloads\archive (1)\LA\LA\ASVspoof2019_LA_dev\flac\LA_D_5010017.flac,archive_(1)_ASVspoof2019_LA,audio,spoof,1,train,.flac
C:\Users\paruc\Downloads\archive (1)\LA\LA\ASVspoof2019_LA_dev\flac\LA_D_6315906.flac,archive_(1)_ASVspoof2019_LA,audio,spoof,1,train,.flac
C:\Users\paruc\Downloads\archive (1)\LA\LA\ASVspoof2019_LA_dev\flac\LA_D_8289361.flac,archive_(1)_ASVspoof2019_LA,audio,spoof,1,train,.flac
C:\Users\paruc\Downloads\archive (1)\LA\LA\ASVspoof2019_LA_dev\flac\LA_D_4184582.flac,archive_(1)_ASVspoof2019_LA,audio,spoof,1,train,.flac
C:\Users\paruc\Downloads\archive (1)\LA\LA\ASVspoof2019_LA_dev\flac\LA_D_9491341.flac,archive_(1)_ASVspoof2019_LA,audio,spoof,1,train,.flac
C:\Users\paruc\Downloads\archive (1)\LA\LA\ASVspoof2019_LA_dev\flac\LA_D_3741607.flac,archive_(1)_ASVspoof2019_LA,audio,spoof,1,train,.flac
C:\Users\paruc\Downloads\archive (1)\LA\LA\ASVspoof2019_LA_dev\flac\LA_D_8116868.flac,archive_(1)_ASVspoof2019_LA,audio,spoof,1,train,.flac
C:\Users\paruc\Downloads\archive (1)\LA\LA\ASVspoof2019_LA_dev\flac\LA_D_9588548.flac,archive_(1)_ASVspoof2019_LA,audio,spoof,1,train,.flac
C:\Users\paruc\Downloads\archive (1)\LA\LA\ASVspoof2019_LA_dev\flac\LA_D_3607908.flac,archive_(1)_ASVspoof2019_LA,audio,spoof,1,train,.flac
C:\Users\paruc\Downloads\archive (1)\LA\LA\ASVspoof2019_LA_dev\flac\LA_D_5833231.flac,archive_(1)_ASVspoof2019_LA,audio,bonafide,0,train,.flac
C:\Users\paruc\Downloads\archive (1)\LA\LA\ASVspoof2019_LA_dev\flac\LA_D_9091774.flac,archive_(1)_ASVspoof2019_LA,audio,bonafide,0,train,.flac
C:\Users\paruc\Downloads\archive (1)\LA\LA\ASVspoof2019_LA_dev\flac\LA_D_2331981.flac,archive_(1)_ASVspoof2019_LA,audio,spoof,1,train,.flac
C:\Users\paruc\Downloads\archive (1)\LA\LA\ASVspoof2019_LA_dev\flac\LA_D_1842681.flac,archive_(1)_ASVspoof2019_LA,audio,spoof,1,train,.flac
C:\Users\paruc\Downloads\archive (1)\LA\LA\ASVspoof2019_LA_dev\flac\LA_D_2552841.flac,archive_(1)_ASVspoof2019_LA,audio,spoof,1,train,.flac
C:\Users\paruc\Downloads\archive (1)\LA\LA\ASVspoof2019_LA_dev\flac\LA_D_5037208.flac,archive_(1)_ASVspoof2019_LA,audio,bonafide,0,train,.flac
C:\Users\paruc\Downloads\archive (1)\LA\LA\ASVspoof2019_LA_dev\flac\LA_D_2009007.flac,archive_(1)_ASVspoof2019_LA,audio,bonafide,0,train,.flac
C:\Users\paruc\Downloads\archive (1)\LA\LA\ASVspoof2019_LA_dev\flac\LA_D_3061050.flac,archive_(1)_ASVspoof2019_LA,audio,bonafide,0,train,.flac
C:\Users\paruc\Downloads\archive (1)\LA\LA\ASVspoof2019_LA_dev\flac\LA_D_4900801.flac,archive_(1)_ASVspoof2019_LA,audio,bonafide,0,train,.flac
C:\Users\paruc\Downloads\archive (1)\LA\LA\ASVspoof2019_LA_dev\flac\LA_D_9120425.flac,archive_(1)_ASVspoof2019_LA,audio,spoof,1,train,.flac
C:\Users\paruc\Downloads\archive (1)\LA\LA\ASVspoof2019_LA_dev\flac\LA_D_1250618.flac,archive_(1)_ASVspoof2019_LA,audio,spoof,1,train,.flac
C:\Users\paruc\Downloads\archive (1)\LA\LA\ASVspoof2019_LA_dev\flac\LA_D_8823022.flac,archive_(1)_ASVspoof2019_LA,audio,bonafide,0,train,.flac
C:\Users\paruc\Downloads\archive (1)\LA\LA\ASVspoof2019_LA_dev\flac\LA_D_1494180.flac,archive_(1)_ASVspoof2019_LA,audio,bonafide,0,train,.flac
C:\Users\paruc\Downloads\archive (1)\LA\LA\ASVspoof2019_LA_dev\flac\LA_D_6335322.flac,archive_(1)_ASVspoof2019_LA,audio,spoof,1,train,.flac
C:\Users\paruc\Downloads\archive (1)\LA\LA\ASVspoof2019_LA_dev\flac\LA_D_6954032.flac,archive_(1)_ASVspoof2019_LA,audio,spoof,1,train,.flac
C:\Users\paruc\Downloads\archive (1)\LA\LA\ASVspoof2019_LA_dev\flac\LA_D_9206035.flac,archive_(1)_ASVspoof2019_LA,audio,spoof,1,train,.flac
C:\Users\paruc\Downloads\archive (1)\LA\LA\ASVspoof2019_LA_dev\flac\LA_D_7107378.flac,archive_(1)_ASVspoof2019_LA,audio,spoof,1,train,.flac
C:\Users\paruc\Downloads\archive (1)\LA\LA\ASVspoof2019_LA_dev\flac\LA_D_6138839.flac,archive_(1)_ASVspoof2019_LA,audio,bonafide,0,train,.flac
C:\Users\paruc\Downloads\archive (1)\LA\LA\ASVspoof2019_LA_dev\flac\LA_D_1716988.flac,archive_(1)_ASVspoof2019_LA,audio,bonafide,0,train,.flac
C:\Users\paruc\Downloads\archive (1)\LA\LA\ASVspoof2019_LA_dev\flac\LA_D_3907778.flac,archive_(1)_ASVspoof2019_LA,audio,bonafide,0,train,.flac
C:\Users\paruc\Downloads\archive (1)\LA\LA\ASVspoof2019_LA_dev\flac\LA_D_3597601.flac,archive_(1)_ASVspoof2019_LA,audio,spoof,1,train,.flac
C:\Users\paruc\Downloads\archive (1)\LA\LA\ASVspoof2019_LA_dev\flac\LA_D_9843427.flac,archive_(1)_ASVspoof2019_LA,audio,bonafide,0,train,.flac
C:\Users\paruc\Downloads\archive (1)\LA\LA\ASVspoof2019_LA_dev\flac\LA_D_8029227.flac,archive_(1)_ASVspoof2019_LA,audio,bonafide,0,train,.flac
C:\Users\paruc\Downloads\archive (1)\LA\LA\ASVspoof2019_LA_dev\flac\LA_D_6681710.flac,archive_(1)_ASVspoof2019_LA,audio,bonafide,0,train,.flac
C:\Users\paruc\Downloads\archive (1)\LA\LA\ASVspoof2019_LA_dev\flac\LA_D_7718364.flac,archive_(1)_ASVspoof2019_LA,audio,bonafide,0,train,.flac
C:\Users\paruc\Downloads\archive (1)\LA\LA\ASVspoof2019_LA_dev\flac\LA_D_4087816.flac,archive_(1)_ASVspoof2019_LA,audio,spoof,1,train,.flac
C:\Users\paruc\Downloads\archive (1)\LA\LA\ASVspoof2019_LA_dev\flac\LA_D_2097045.flac,archive_(1)_ASVspoof2019_LA,audio,spoof,1,train,.flac
C:\Users\paruc\Downloads\archive (1)\LA\LA\ASVspoof2019_LA_dev\flac\LA_D_9656849.flac,archive_(1)_ASVspoof2019_LA,audio,spoof,1,train,.flac
C:\Users\paruc\Downloads\archive (1)\LA\LA\ASVspoof2019_LA_dev\flac\LA_D_3967203.flac,archive_(1)_ASVspoof2019_LA,audio,bonafide,0,train,.flac
C:\Users\paruc\Downloads\archive (1)\LA\LA\ASVspoof2019_LA_dev\flac\LA_D_7783250.flac,archive_(1)_ASVspoof2019_LA,audio,bonafide,0,train,.flac
C:\Users\paruc\Downloads\archive (1)\LA\LA\ASVspoof2019_LA_dev\flac\LA_D_8926504.flac,archive_(1)_ASVspoof2019_LA,audio,spoof,1,train,.flac
C:\Users\paruc\Downloads\archive (1)\LA\LA\ASVspoof2019_LA_dev\flac\LA_D_5726006.flac,archive_(1)_ASVspoof2019_LA,audio,bonafide,0,train,.flac
C:\Users\paruc\Downloads\archive (1)\LA\LA\ASVspoof2019_LA_dev\flac\LA_D_1730959.flac,archive_(1)_ASVspoof2019_LA,audio,bonafide,0,train,.flac
C:\Users\paruc\Downloads\archive (1)\LA\LA\ASVspoof2019_LA_dev\flac\LA_D_6291291.flac,archive_(1)_ASVspoof2019_LA,audio,spoof,1,train,.flac
C:\Users\paruc\Downloads\archive (1)\LA\LA\ASVspoof2019_LA_dev\flac\LA_D_4866981.flac,archive_(1)_ASVspoof2019_LA,audio,bonafide,0,train,.flac
C:\Users\paruc\Downloads\archive (1)\LA\LA\ASVspoof2019_LA_dev\flac\LA_D_9880830.flac,archive_(1)_ASVspoof2019_LA,audio,spoof,1,train,.flac
C:\Users\paruc\Downloads\archive (1)\LA\LA\ASVspoof2019_LA_dev\flac\LA_D_8801540.flac,archive_(1)_ASVspoof2019_LA,audio,spoof,1,train,.flac
C:\Users\paruc\Downloads\archive (1)\LA\LA\ASVspoof2019_LA_dev\flac\LA_D_5212308.flac,archive_(1)_ASVspoof2019_LA,audio,bonafide,0,train,.flac
C:\Users\paruc\Downloads\archive (1)\LA\LA\ASVspoof2019_LA_dev\flac\LA_D_2139125.flac,archive_(1)_ASVspoof2019_LA,audio,bonafide,0,train,.flac
C:\Users\paruc\Downloads\archive (1)\LA\LA\ASVspoof2019_LA_dev\flac\LA_D_2019918.flac,archive_(1)_ASVspoof2019_LA,audio,bonafide,0,train,.flac
C:\Users\paruc\Downloads\archive (1)\LA\LA\ASVspoof2019_LA_dev\flac\LA_D_7348364.flac,archive_(1)_ASVspoof2019_LA,audio,spoof,1,train,.flac
C:\Users\paruc\Downloads\archive (1)\LA\LA\ASVspoof2019_LA_dev\flac\LA_D_6536846.flac,archive_(1)_ASVspoof2019_LA,audio,bonafide,0,train,.flac
C:\Users\paruc\Downloads\archive (1)\LA\LA\ASVspoof2019_LA_dev\flac\LA_D_7668086.flac,archive_(1)_ASVspoof2019_LA,audio,spoof,1,train,.flac
C:\Users\paruc\Downloads\archive (1)\LA\LA\ASVspoof2019_LA_dev\flac\LA_D_8503024.flac,archive_(1)_ASVspoof2019_LA,audio,bonafide,0,train,.flac
C:\Users\paruc\Downloads\archive (1)\LA\LA\ASVspoof2019_LA_dev\flac\LA_D_5203733.flac,archive_(1)_ASVspoof2019_LA,audio,bonafide,0,train,.flac
C:\Users\paruc\Downloads\archive (1)\LA\LA\ASVspoof2019_LA_dev\flac\LA_D_2856650.flac,archive_(1)_ASVspoof2019_LA,audio,bonafide,0,train,.flac
C:\Users\paruc\Downloads\archive (1)\LA\LA\ASVspoof2019_LA_dev\flac\LA_D_4043306.flac,archive_(1)_ASVspoof2019_LA,audio,bonafide,0,train,.flac
C:\Users\paruc\Downloads\archive (1)\LA\LA\ASVspoof2019_LA_dev\flac\LA_D_1254689.flac,archive_(1)_ASVspoof2019_LA,audio,spoof,1,train,.flac
C:\Users\paruc\Downloads\archive (1)\LA\LA\ASVspoof2019_LA_dev\flac\LA_D_8197621.flac,archive_(1)_ASVspoof2019_LA,audio,bonafide,0,train,.flac
C:\Users\paruc\Downloads\archive (1)\LA\LA\ASVspoof2019_LA_dev\flac\LA_D_8436513.flac,archive_(1)_ASVspoof2019_LA,audio,bonafide,0,train,.flac
C:\Users\paruc\Downloads\archive (1)\LA\LA\ASVspoof2019_LA_dev\flac\LA_D_6986371.flac,archive_(1)_ASVspoof2019_LA,audio,bonafide,0,train,.flac
C:\Users\paruc\Downloads\archive (1)\LA\LA\ASVspoof2019_LA_dev\flac\LA_D_4359251.flac,archive_(1)_ASVspoof2019_LA,audio,bonafide,0,train,.flac
C:\Users\paruc\Downloads\archive (1)\LA\LA\ASVspoof2019_LA_dev\flac\LA_D_4513531.flac,archive_(1)_ASVspoof2019_LA,audio,bonafide,0,train,.flac
C:\Users\paruc\Downloads\archive (1)\LA\LA\ASVspoof2019_LA_dev\flac\LA_D_7039023.flac,archive_(1)_ASVspoof2019_LA,audio,spoof,1,train,.flac
C:\Users\paruc\Downloads\archive (1)\LA\LA\ASVspoof2019_LA_dev\flac\LA_D_6226339.flac,archive_(1)_ASVspoof2019_LA,audio,bonafide,0,train,.flac
C:\Users\paruc\Downloads\archive (1)\LA\LA\ASVspoof2019_LA_dev\flac\LA_D_1336221.flac,archive_(1)_ASVspoof2019_LA,audio,bonafide,0,train,.flac
C:\Users\paruc\Downloads\archive (1)\LA\LA\ASVspoof2019_LA_dev\flac\LA_D_4968305.flac,archive_(1)_ASVspoof2019_LA,audio,bonafide,0,train,.flac
C:\Users\paruc\Downloads\archive (1)\LA\LA\ASVspoof2019_LA_dev\flac\LA_D_9482480.flac,archive_(1)_ASVspoof2019_LA,audio,spoof,1,train,.flac
C:\Users\paruc\Downloads\archive (1)\LA\LA\ASVspoof2019_LA_dev\flac\LA_D_4458062.flac,archive_(1)_ASVspoof2019_LA,audio,spoof,1,train,.flac
C:\Users\paruc\Downloads\archive (1)\LA\LA\ASVspoof2019_LA_dev\flac\LA_D_3504984.flac,archive_(1)_ASVspoof2019_LA,audio,spoof,1,train,.flac
C:\Users\paruc\Downloads\archive (1)\LA\LA\ASVspoof2019_LA_dev\flac\LA_D_7883377.flac,archive_(1)_ASVspoof2019_LA,audio,bonafide,0,train,.flac
C:\Users\paruc\Downloads\archive (1)\LA\LA\ASVspoof2019_LA_dev\flac\LA_D_5158638.flac,archive_(1)_ASVspoof2019_LA,audio,bonafide,0,train,.flac
C:\Users\paruc\Downloads\archive (1)\LA\LA\ASVspoof2019_LA_dev\flac\LA_D_7771514.flac,archive_(1)_ASVspoof2019_LA,audio,spoof,1,train,.flac
C:\Users\paruc\Downloads\archive (1)\LA\LA\ASVspoof2019_LA_dev\flac\LA_D_3952183.flac,archive_(1)_ASVspoof2019_LA,audio,spoof,1,train,.flac
C:\Users\paruc\Downloads\archive (1)\LA\LA\ASVspoof2019_LA_dev\flac\LA_D_6659080.flac,archive_(1)_ASVspoof2019_LA,audio,spoof,1,train,.flac
C:\Users\paruc\Downloads\archive (1)\LA\LA\ASVspoof2019_LA_dev\flac\LA_D_6663247.flac,archive_(1)_ASVspoof2019_LA,audio,bonafide,0,train,.flac
C:\Users\paruc\Downloads\archive (1)\LA\LA\ASVspoof2019_LA_dev\flac\LA_D_9770200.flac,archive_(1)_ASVspoof2019_LA,audio,bonafide,0,train,.flac
C:\Users\paruc\Downloads\archive (1)\LA\LA\ASVspoof2019_LA_dev\flac\LA_D_6442014.flac,archive_(1)_ASVspoof2019_LA,audio,bonafide,0,train,.flac
C:\Users\paruc\Downloads\archive (1)\LA\LA\ASVspoof2019_LA_dev\flac\LA_D_5343352.flac,archive_(1)_ASVspoof2019_LA,audio,spoof,1,train,.flac
C:\Users\paruc\Downloads\archive (1)\LA\LA\ASVspoof2019_LA_dev\flac\LA_D_4914203.flac,archive_(1)_ASVspoof2019_LA,audio,spoof,1,train,.flac
C:\Users\paruc\Downloads\archive (1)\LA\LA\ASVspoof2019_LA_dev\flac\LA_D_4196661.flac,archive_(1)_ASVspoof2019_LA,audio,spoof,1,train,.flac
C:\Users\paruc\Downloads\archive (1)\LA\LA\ASVspoof2019_LA_dev\flac\LA_D_6733447.flac,archive_(1)_ASVspoof2019_LA,audio,bonafide,0,train,.flac
C:\Users\paruc\Downloads\archive (1)\LA\LA\ASVspoof2019_LA_dev\flac\LA_D_6984588.flac,archive_(1)_ASVspoof2019_LA,audio,spoof,1,train,.flac
C:\Users\paruc\Downloads\archive (1)\LA\LA\ASVspoof2019_LA_dev\flac\LA_D_7289124.flac,archive_(1)_ASVspoof2019_LA,audio,spoof,1,train,.flac
C:\Users\paruc\Downloads\archive (1)\LA\LA\ASVspoof2019_LA_dev\flac\LA_D_6917442.flac,archive_(1)_ASVspoof2019_LA,audio,bonafide,0,train,.flac
C:\Users\paruc\Downloads\archive (1)\LA\LA\ASVspoof2019_LA_dev\flac\LA_D_4043719.flac,archive_(1)_ASVspoof2019_LA,audio,spoof,1,train,.flac
C:\Users\paruc\Downloads\archive (1)\LA\LA\ASVspoof2019_LA_dev\flac\LA_D_3552967.flac,archive_(1)_ASVspoof2019_LA,audio,bonafide,0,train,.flac
C:\Users\paruc\Downloads\archive (1)\LA\LA\ASVspoof2019_LA_dev\flac\LA_D_8672699.flac,archive_(1)_ASVspoof2019_LA,audio,bonafide,0,train,.flac
C:\Users\paruc\Downloads\archive (1)\LA\LA\ASVspoof2019_LA_dev\flac\LA_D_8456792.flac,archive_(1)_ASVspoof2019_LA,audio,bonafide,0,train,.flac
C:\Users\paruc\Downloads\archive (1)\LA\LA\ASVspoof2019_LA_dev\flac\LA_D_4154332.flac,archive_(1)_ASVspoof2019_LA,audio,spoof,1,train,.flac
C:\Users\paruc\Downloads\archive (1)\LA\LA\ASVspoof2019_LA_dev\flac\LA_D_9095874.flac,archive_(1)_ASVspoof2019_LA,audio,spoof,1,train,.flac
C:\Users\paruc\Downloads\archive (1)\LA\LA\ASVspoof2019_LA_dev\flac\LA_D_3007617.flac,archive_(1)_ASVspoof2019_LA,audio,bonafide,0,train,.flac
C:\Users\paruc\Downloads\archive (1)\LA\LA\ASVspoof2019_LA_dev\flac\LA_D_1086391.flac,archive_(1)_ASVspoof2019_LA,audio,bonafide,0,train,.flac
C:\Users\paruc\Downloads\archive (1)\LA\LA\ASVspoof2019_LA_dev\flac\LA_D_1448603.flac,archive_(1)_ASVspoof2019_LA,audio,spoof,1,train,.flac
C:\Users\paruc\Downloads\archive (1)\LA\LA\ASVspoof2019_LA_dev\flac\LA_D_6311046.flac,archive_(1)_ASVspoof2019_LA,audio,bonafide,0,train,.flac
C:\Users\paruc\Downloads\archive (1)\LA\LA\ASVspoof2019_LA_dev\flac\LA_D_1219450.flac,archive_(1)_ASVspoof2019_LA,audio,bonafide,0,train,.flac
C:\Users\paruc\Downloads\archive (1)\LA\LA\ASVspoof2019_LA_dev\flac\LA_D_2562314.flac,archive_(1)_ASVspoof2019_LA,audio,spoof,1,train,.flac
C:\Users\paruc\Downloads\archive (1)\LA\LA\ASVspoof2019_LA_dev\flac\LA_D_4282724.flac,archive_(1)_ASVspoof2019_LA,audio,bonafide,0,train,.flac
C:\Users\paruc\Downloads\archive (1)\LA\LA\ASVspoof2019_LA_dev\flac\LA_D_4053975.flac,archive_(1)_ASVspoof2019_LA,audio,spoof,1,train,.flac
C:\Users\paruc\Downloads\archive (1)\LA\LA\ASVspoof2019_LA_dev\flac\LA_D_3997475.flac,archive_(1)_ASVspoof2019_LA,audio,spoof,1,train,.flac
C:\Users\paruc\Downloads\archive (1)\LA\LA\ASVspoof2019_LA_dev\flac\LA_D_4291323.flac,archive_(1)_ASVspoof2019_LA,audio,spoof,1,train,.flac
C:\Users\paruc\Downloads\archive (1)\LA\LA\ASVspoof2019_LA_dev\flac\LA_D_7097684.flac,archive_(1)_ASVspoof2019_LA,audio,bonafide,0,train,.flac
C:\Users\paruc\Downloads\archive (1)\LA\LA\ASVspoof2019_LA_dev\flac\LA_D_3788624.flac,archive_(1)_ASVspoof2019_LA,audio,spoof,1,train,.flac
C:\Users\paruc\Downloads\archive (1)\LA\LA\ASVspoof2019_LA_dev\flac\LA_D_8250257.flac,archive_(1)_ASVspoof2019_LA,audio,spoof,1,train,.flac
C:\Users\paruc\Downloads\archive (1)\LA\LA\ASVspoof2019_LA_dev\flac\LA_D_2359956.flac,archive_(1)_ASVspoof2019_LA,audio,spoof,1,train,.flac
C:\Users\paruc\Downloads\archive (1)\LA\LA\ASVspoof2019_LA_dev\flac\LA_D_7172970.flac,archive_(1)_ASVspoof2019_LA,audio,bonafide,0,train,.flac
C:\Users\paruc\Downloads\archive (1)\LA\LA\ASVspoof2019_LA_dev\flac\LA_D_1812623.flac,archive_(1)_ASVspoof2019_LA,audio,bonafide,0,train,.flac
C:\Users\paruc\Downloads\archive (1)\LA\LA\ASVspoof2019_LA_dev\flac\LA_D_7035349.flac,archive_(1)_ASVspoof2019_LA,audio,bonafide,0,train,.flac
C:\Users\paruc\Downloads\archive (1)\LA\LA\ASVspoof2019_LA_dev\flac\LA_D_9099813.flac,archive_(1)_ASVspoof2019_LA,audio,bonafide,0,train,.flac
C:\Users\paruc\Downloads\archive (1)\LA\LA\ASVspoof2019_LA_dev\flac\LA_D_3376284.flac,archive_(1)_ASVspoof2019_LA,audio,spoof,1,train,.flac
C:\Users\paruc\Downloads\archive (1)\LA\LA\ASVspoof2019_LA_dev\flac\LA_D_9812702.flac,archive_(1)_ASVspoof2019_LA,audio,bonafide,0,train,.flac
C:\Users\paruc\Downloads\archive (1)\LA\LA\ASVspoof2019_LA_dev\flac\LA_D_6549373.flac,archive_(1)_ASVspoof2019_LA,audio,bonafide,0,train,.flac
C:\Users\paruc\Downloads\archive (1)\LA\LA\ASVspoof2019_LA_dev\flac\LA_D_7234853.flac,archive_(1)_ASVspoof2019_LA,audio,spoof,1,train,.flac
C:\Users\paruc\Downloads\archive (1)\LA\LA\ASVspoof2019_LA_dev\flac\LA_D_3541747.flac,archive_(1)_ASVspoof2019_LA,audio,bonafide,0,train,.flac
C:\Users\paruc\Downloads\archive (1)\LA\LA\ASVspoof2019_LA_dev\flac\LA_D_3329060.flac,archive_(1)_ASVspoof2019_LA,audio,bonafide,0,train,.flac
C:\Users\paruc\Downloads\archive (1)\LA\LA\ASVspoof2019_LA_dev\flac\LA_D_5972310.flac,archive_(1)_ASVspoof2019_LA,audio,bonafide,0,train,.flac
C:\Users\paruc\Downloads\archive (1)\LA\LA\ASVspoof2019_LA_dev\flac\LA_D_7863255.flac,archive_(1)_ASVspoof2019_LA,audio,spoof,1,train,.flac
C:\Users\paruc\Downloads\archive (1)\LA\LA\ASVspoof2019_LA_dev\flac\LA_D_8577756.flac,archive_(1)_ASVspoof2019_LA,audio,bonafide,0,train,.flac
C:\Users\paruc\Downloads\archive (1)\LA\LA\ASVspoof2019_LA_dev\flac\LA_D_9213206.flac,archive_(1)_ASVspoof2019_LA,audio,spoof,1,train,.flac
C:\Users\paruc\Downloads\archive (1)\LA\LA\ASVspoof2019_LA_dev\flac\LA_D_2602670.flac,archive_(1)_ASVspoof2019_LA,audio,spoof,1,train,.flac
C:\Users\paruc\Downloads\archive (1)\LA\LA\ASVspoof2019_LA_dev\flac\LA_D_1424876.flac,archive_(1)_ASVspoof2019_LA,audio,bonafide,0,train,.flac
C:\Users\paruc\Downloads\archive (1)\LA\LA\ASVspoof2019_LA_dev\flac\LA_D_9406266.flac,archive_(1)_ASVspoof2019_LA,audio,bonafide,0,train,.flac
C:\Users\paruc\Downloads\archive (1)\LA\LA\ASVspoof2019_LA_dev\flac\LA_D_2502418.flac,archive_(1)_ASVspoof2019_LA,audio,spoof,1,train,.flac
C:\Users\paruc\Downloads\archive (1)\LA\LA\ASVspoof2019_LA_dev\flac\LA_D_3555645.flac,archive_(1)_ASVspoof2019_LA,audio,bonafide,0,train,.flac
C:\Users\paruc\Downloads\archive (1)\LA\LA\ASVspoof2019_LA_dev\flac\LA_D_2080992.flac,archive_(1)_ASVspoof2019_LA,audio,spoof,1,train,.flac
C:\Users\paruc\Downloads\archive (1)\LA\LA\ASVspoof2019_LA_dev\flac\LA_D_1890747.flac,archive_(1)_ASVspoof2019_LA,audio,spoof,1,train,.flac
C:\Users\paruc\Downloads\archive (1)\LA\LA\ASVspoof2019_LA_dev\flac\LA_D_3069822.flac,archive_(1)_ASVspoof2019_LA,audio,spoof,1,train,.flac
C:\Users\paruc\Downloads\archive (1)\LA\LA\ASVspoof2019_LA_dev\flac\LA_D_9297011.flac,archive_(1)_ASVspoof2019_LA,audio,spoof,1,train,.flac
C:\Users\paruc\Downloads\archive (1)\LA\LA\ASVspoof2019_LA_dev\flac\LA_D_7014889.flac,archive_(1)_ASVspoof2019_LA,audio,bonafide,0,train,.flac
C:\Users\paruc\Downloads\archive (1)\LA\LA\ASVspoof2019_LA_dev\flac\LA_D_3476544.flac,archive_(1)_ASVspoof2019_LA,audio,bonafide,0,train,.flac
C:\Users\paruc\Downloads\archive (1)\LA\LA\ASVspoof2019_LA_dev\flac\LA_D_8692948.flac,archive_(1)_ASVspoof2019_LA,audio,bonafide,0,train,.flac
C:\Users\paruc\Downloads\archive (1)\LA\LA\ASVspoof2019_LA_dev\flac\LA_D_3645082.flac,archive_(1)_ASVspoof2019_LA,audio,spoof,1,train,.flac
C:\Users\paruc\Downloads\archive (1)\LA\LA\ASVspoof2019_LA_dev\flac\LA_D_7989855.flac,archive_(1)_ASVspoof2019_LA,audio,spoof,1,train,.flac
C:\Users\paruc\Downloads\archive (1)\LA\LA\ASVspoof2019_LA_dev\flac\LA_D_6725470.flac,archive_(1)_ASVspoof2019_LA,audio,bonafide,0,train,.flac
C:\Users\paruc\Downloads\archive (1)\LA\LA\ASVspoof2019_LA_dev\flac\LA_D_3438168.flac,archive_(1)_ASVspoof2019_LA,audio,spoof,1,train,.flac
C:\Users\paruc\Downloads\archive (1)\LA\LA\ASVspoof2019_LA_dev\flac\LA_D_3882050.flac,archive_(1)_ASVspoof2019_LA,audio,bonafide,0,train,.flac
C:\Users\paruc\Downloads\archive (1)\LA\LA\ASVspoof2019_LA_dev\flac\LA_D_9965439.flac,archive_(1)_ASVspoof2019_LA,audio,bonafide,0,train,.flac
C:\Users\paruc\Downloads\archive (1)\LA\LA\ASVspoof2019_LA_dev\flac\LA_D_5932613.flac,archive_(1)_ASVspoof2019_LA,audio,bonafide,0,train,.flac
C:\Users\paruc\Downloads\archive (1)\LA\LA\ASVspoof2019_LA_dev\flac\LA_D_3881866.flac,archive_(1)_ASVspoof2019_LA,audio,spoof,1,train,.flac
C:\Users\paruc\Downloads\archive (1)\LA\LA\ASVspoof2019_LA_dev\flac\LA_D_6436497.flac,archive_(1)_ASVspoof2019_LA,audio,spoof,1,train,.flac
C:\Users\paruc\Downloads\archive (1)\LA\LA\ASVspoof2019_LA_dev\flac\LA_D_6321273.flac,archive_(1)_ASVspoof2019_LA,audio,spoof,1,train,.flac
C:\Users\paruc\Downloads\archive (1)\LA\LA\ASVspoof2019_LA_dev\flac\LA_D_7683334.flac,archive_(1)_ASVspoof2019_LA,audio,spoof,1,train,.flac
C:\Users\paruc\Downloads\archive (1)\LA\LA\ASVspoof2019_LA_dev\flac\LA_D_1444623.flac,archive_(1)_ASVspoof2019_LA,audio,spoof,1,train,.flac
C:\Users\paruc\Downloads\archive (1)\LA\LA\ASVspoof2019_LA_dev\flac\LA_D_9508570.flac,archive_(1)_ASVspoof2019_LA,audio,bonafide,0,train,.flac
C:\Users\paruc\Downloads\archive (1)\LA\LA\ASVspoof2019_LA_dev\flac\LA_D_1689082.flac,archive_(1)_ASVspoof2019_LA,audio,bonafide,0,train,.flac
C:\Users\paruc\Downloads\archive (1)\LA\LA\ASVspoof2019_LA_dev\flac\LA_D_5000705.flac,archive_(1)_ASVspoof2019_LA,audio,bonafide,0,train,.flac
C:\Users\paruc\Downloads\archive (1)\LA\LA\ASVspoof2019_LA_dev\flac\LA_D_8314448.flac,archive_(1)_ASVspoof2019_LA,audio,bonafide,0,train,.flac
C:\Users\paruc\Downloads\archive (1)\LA\LA\ASVspoof2019_LA_dev\flac\LA_D_8547114.flac,archive_(1)_ASVspoof2019_LA,audio,spoof,1,train,.flac
C:\Users\paruc\Downloads\archive (1)\LA\LA\ASVspoof2019_LA_dev\flac\LA_D_7314001.flac,archive_(1)_ASVspoof2019_LA,audio,bonafide,0,train,.flac
C:\Users\paruc\Downloads\archive (1)\LA\LA\ASVspoof2019_LA_dev\flac\LA_D_7566925.flac,archive_(1)_ASVspoof2019_LA,audio,bonafide,0,train,.flac
C:\Users\paruc\Downloads\archive (1)\LA\LA\ASVspoof2019_LA_dev\flac\LA_D_3547035.flac,archive_(1)_ASVspoof2019_LA,audio,bonafide,0,train,.flac
C:\Users\paruc\Downloads\archive (1)\LA\LA\ASVspoof2019_LA_dev\flac\LA_D_1212670.flac,archive_(1)_ASVspoof2019_LA,audio,spoof,1,train,.flac
C:\Users\paruc\Downloads\archive (1)\LA\LA\ASVspoof2019_LA_dev\flac\LA_D_6452789.flac,archive_(1)_ASVspoof2019_LA,audio,bonafide,0,train,.flac
C:\Users\paruc\Downloads\archive (1)\LA\LA\ASVspoof2019_LA_dev\flac\LA_D_1091602.flac,archive_(1)_ASVspoof2019_LA,audio,bonafide,0,train,.flac
C:\Users\paruc\Downloads\archive (1)\LA\LA\ASVspoof2019_LA_dev\flac\LA_D_1274877.flac,archive_(1)_ASVspoof2019_LA,audio,spoof,1,train,.flac
C:\Users\paruc\Downloads\archive (1)\LA\LA\ASVspoof2019_LA_dev\flac\LA_D_1786730.flac,archive_(1)_ASVspoof2019_LA,audio,bonafide,0,train,.flac
C:\Users\paruc\Downloads\archive (1)\LA\LA\ASVspoof2019_LA_dev\flac\LA_D_8538667.flac,archive_(1)_ASVspoof2019_LA,audio,bonafide,0,train,.flac
C:\Users\paruc\Downloads\archive (1)\LA\LA\ASVspoof2019_LA_dev\flac\LA_D_1489328.flac,archive_(1)_ASVspoof2019_LA,audio,spoof,1,train,.flac
C:\Users\paruc\Downloads\archive (1)\LA\LA\ASVspoof2019_LA_dev\flac\LA_D_9218380.flac,archive_(1)_ASVspoof2019_LA,audio,spoof,1,train,.flac
C:\Users\paruc\Downloads\archive (1)\LA\LA\ASVspoof2019_LA_dev\flac\LA_D_3876757.flac,archive_(1)_ASVspoof2019_LA,audio,bonafide,0,train,.flac
C:\Users\paruc\Downloads\archive (1)\LA\LA\ASVspoof2019_LA_dev\flac\LA_D_9543794.flac,archive_(1)_ASVspoof2019_LA,audio,bonafide,0,train,.flac
C:\Users\paruc\Downloads\archive (1)\LA\LA\ASVspoof2019_LA_dev\flac\LA_D_7971853.flac,archive_(1)_ASVspoof2019_LA,audio,bonafide,0,train,.flac
C:\Users\paruc\Downloads\archive (1)\LA\LA\ASVspoof2019_LA_dev\flac\LA_D_7745370.flac,archive_(1)_ASVspoof2019_LA,audio,bonafide,0,train,.flac
C:\Users\paruc\Downloads\archive (1)\LA\LA\ASVspoof2019_LA_dev\flac\LA_D_4517590.flac,archive_(1)_ASVspoof2019_LA,audio,bonafide,0,train,.flac
C:\Users\paruc\Downloads\archive (1)\LA\LA\ASVspoof2019_LA_dev\flac\LA_D_9423080.flac,archive_(1)_ASVspoof2019_LA,audio,bonafide,0,train,.flac
C:\Users\paruc\Downloads\archive (1)\LA\LA\ASVspoof2019_LA_dev\flac\LA_D_3872897.flac,archive_(1)_ASVspoof2019_LA,audio,spoof,1,train,.flac
C:\Users\paruc\Downloads\archive (1)\LA\LA\ASVspoof2019_LA_dev\flac\LA_D_4331249.flac,archive_(1)_ASVspoof2019_LA,audio,bonafide,0,train,.flac
C:\Users\paruc\Downloads\archive (1)\LA\LA\ASVspoof2019_LA_dev\flac\LA_D_5256804.flac,archive_(1)_ASVspoof2019_LA,audio,bonafide,0,train,.flac
C:\Users\paruc\Downloads\archive (1)\LA\LA\ASVspoof2019_LA_dev\flac\LA_D_7727446.flac,archive_(1)_ASVspoof2019_LA,audio,bonafide,0,train,.flac
C:\Users\paruc\Downloads\archive (1)\LA\LA\ASVspoof2019_LA_dev\flac\LA_D_6467494.flac,archive_(1)_ASVspoof2019_LA,audio,spoof,1,train,.flac
C:\Users\paruc\Downloads\archive (1)\LA\LA\ASVspoof2019_LA_dev\flac\LA_D_1865278.flac,archive_(1)_ASVspoof2019_LA,audio,bonafide,0,train,.flac
C:\Users\paruc\Downloads\archive (1)\LA\LA\ASVspoof2019_LA_dev\flac\LA_D_6182738.flac,archive_(1)_ASVspoof2019_LA,audio,spoof,1,train,.flac
C:\Users\paruc\Downloads\archive (1)\LA\LA\ASVspoof2019_LA_dev\flac\LA_D_7112692.flac,archive_(1)_ASVspoof2019_LA,audio,spoof,1,train,.flac
C:\Users\paruc\Downloads\archive (1)\LA\LA\ASVspoof2019_LA_dev\flac\LA_D_9852879.flac,archive_(1)_ASVspoof2019_LA,audio,spoof,1,train,.flac
C:\Users\paruc\Downloads\archive (1)\LA\LA\ASVspoof2019_LA_dev\flac\LA_D_8117597.flac,archive_(1)_ASVspoof2019_LA,audio,spoof,1,train,.flac
C:\Users\paruc\Downloads\archive (1)\LA\LA\ASVspoof2019_LA_dev\flac\LA_D_7954380.flac,archive_(1)_ASVspoof2019_LA,audio,spoof,1,train,.flac
C:\Users\paruc\Downloads\archive (1)\LA\LA\ASVspoof2019_LA_dev\flac\LA_D_7861399.flac,archive_(1)_ASVspoof2019_LA,audio,spoof,1,train,.flac
C:\Users\paruc\Downloads\archive (1)\LA\LA\ASVspoof2019_LA_dev\flac\LA_D_4811625.flac,archive_(1)_ASVspoof2019_LA,audio,bonafide,0,train,.flac
C:\Users\paruc\Downloads\archive (1)\LA\LA\ASVspoof2019_LA_dev\flac\LA_D_8440843.flac,archive_(1)_ASVspoof2019_LA,audio,bonafide,0,train,.flac
C:\Users\paruc\Downloads\archive (1)\LA\LA\ASVspoof2019_LA_dev\flac\LA_D_9891140.flac,archive_(1)_ASVspoof2019_LA,audio,bonafide,0,train,.flac
C:\Users\paruc\Downloads\archive (1)\LA\LA\ASVspoof2019_LA_dev\flac\LA_D_3897774.flac,archive_(1)_ASVspoof2019_LA,audio,spoof,1,train,.flac
C:\Users\paruc\Downloads\archive (1)\LA\LA\ASVspoof2019_LA_dev\flac\LA_D_4897076.flac,archive_(1)_ASVspoof2019_LA,audio,bonafide,0,train,.flac
C:\Users\paruc\Downloads\archive (1)\LA\LA\ASVspoof2019_LA_dev\flac\LA_D_8561841.flac,archive_(1)_ASVspoof2019_LA,audio,spoof,1,train,.flac
C:\Users\paruc\Downloads\archive (1)\LA\LA\ASVspoof2019_LA_dev\flac\LA_D_1388138.flac,archive_(1)_ASVspoof2019_LA,audio,spoof,1,train,.flac
C:\Users\paruc\Downloads\archive (1)\LA\LA\ASVspoof2019_LA_dev\flac\LA_D_1857965.flac,archive_(1)_ASVspoof2019_LA,audio,bonafide,0,train,.flac
C:\Users\paruc\Downloads\archive (1)\LA\LA\ASVspoof2019_LA_dev\flac\LA_D_8231133.flac,archive_(1)_ASVspoof2019_LA,audio,bonafide,0,train,.flac
C:\Users\paruc\Downloads\archive (1)\LA\LA\ASVspoof2019_LA_dev\flac\LA_D_2448116.flac,archive_(1)_ASVspoof2019_LA,audio,bonafide,0,train,.flac
C:\Users\paruc\Downloads\archive (1)\LA\LA\ASVspoof2019_LA_dev\flac\LA_D_9815485.flac,archive_(1)_ASVspoof2019_LA,audio,spoof,1,train,.flac
C:\Users\paruc\Downloads\archive (1)\LA\LA\ASVspoof2019_LA_dev\flac\LA_D_7281159.flac,archive_(1)_ASVspoof2019_LA,audio,spoof,1,train,.flac
C:\Users\paruc\Downloads\archive (1)\LA\LA\ASVspoof2019_LA_dev\flac\LA_D_5690814.flac,archive_(1)_ASVspoof2019_LA,audio,spoof,1,train,.flac
C:\Users\paruc\Downloads\archive (1)\LA\LA\ASVspoof2019_LA_dev\flac\LA_D_4160962.flac,archive_(1)_ASVspoof2019_LA,audio,bonafide,0,train,.flac
C:\Users\paruc\Downloads\archive (1)\LA\LA\ASVspoof2019_LA_dev\flac\LA_D_4445174.flac,archive_(1)_ASVspoof2019_LA,audio,spoof,1,train,.flac
C:\Users\paruc\Downloads\archive (1)\LA\LA\ASVspoof2019_LA_dev\flac\LA_D_3419658.flac,archive_(1)_ASVspoof2019_LA,audio,spoof,1,train,.flac
C:\Users\paruc\Downloads\archive (1)\LA\LA\ASVspoof2019_LA_dev\flac\LA_D_4076931.flac,archive_(1)_ASVspoof2019_LA,audio,spoof,1,train,.flac
C:\Users\paruc\Downloads\archive (1)\LA\LA\ASVspoof2019_LA_dev\flac\LA_D_9057299.flac,archive_(1)_ASVspoof2019_LA,audio,bonafide,0,train,.flac
C:\Users\paruc\Downloads\archive (1)\LA\LA\ASVspoof2019_LA_dev\flac\LA_D_8869015.flac,archive_(1)_ASVspoof2019_LA,audio,bonafide,0,train,.flac
C:\Users\paruc\Downloads\archive (1)\LA\LA\ASVspoof2019_LA_dev\flac\LA_D_4246993.flac,archive_(1)_ASVspoof2019_LA,audio,bonafide,0,train,.flac
C:\Users\paruc\Downloads\archive (1)\LA\LA\ASVspoof2019_LA_dev\flac\LA_D_3761372.flac,archive_(1)_ASVspoof2019_LA,audio,spoof,1,train,.flac
C:\Users\paruc\Downloads\archive (1)\LA\LA\ASVspoof2019_LA_dev\flac\LA_D_5253814.flac,archive_(1)_ASVspoof2019_LA,audio,spoof,1,train,.flac
C:\Users\paruc\Downloads\archive (1)\LA\LA\ASVspoof2019_LA_dev\flac\LA_D_9781138.flac,archive_(1)_ASVspoof2019_LA,audio,spoof,1,train,.flac
C:\Users\paruc\Downloads\archive (1)\LA\LA\ASVspoof2019_LA_dev\flac\LA_D_8377841.flac,archive_(1)_ASVspoof2019_LA,audio,spoof,1,train,.flac
C:\Users\paruc\Downloads\archive (1)\LA\LA\ASVspoof2019_LA_dev\flac\LA_D_3999380.flac,archive_(1)_ASVspoof2019_LA,audio,bonafide,0,train,.flac
C:\Users\paruc\Downloads\archive (1)\LA\LA\ASVspoof2019_LA_dev\flac\LA_D_6152825.flac,archive_(1)_ASVspoof2019_LA,audio,spoof,1,train,.flac
C:\Users\paruc\Downloads\archive (1)\LA\LA\ASVspoof2019_LA_dev\flac\LA_D_7542569.flac,archive_(1)_ASVspoof2019_LA,audio,bonafide,0,train,.flac
C:\Users\paruc\Downloads\archive (1)\LA\LA\ASVspoof2019_LA_dev\flac\LA_D_4804382.flac,archive_(1)_ASVspoof2019_LA,audio,bonafide,0,train,.flac
C:\Users\paruc\Downloads\archive (1)\LA\LA\ASVspoof2019_LA_dev\flac\LA_D_8072757.flac,archive_(1)_ASVspoof2019_LA,audio,spoof,1,train,.flac
C:\Users\paruc\Downloads\archive (1)\LA\LA\ASVspoof2019_LA_dev\flac\LA_D_4984003.flac,archive_(1)_ASVspoof2019_LA,audio,spoof,1,train,.flac
C:\Users\paruc\Downloads\archive (1)\LA\LA\ASVspoof2019_LA_dev\flac\LA_D_7039871.flac,archive_(1)_ASVspoof2019_LA,audio,spoof,1,train,.flac
C:\Users\paruc\Downloads\archive (1)\LA\LA\ASVspoof2019_LA_dev\flac\LA_D_4606355.flac,archive_(1)_ASVspoof2019_LA,audio,spoof,1,train,.flac
C:\Users\paruc\Downloads\archive (1)\LA\LA\ASVspoof2019_LA_dev\flac\LA_D_9348889.flac,archive_(1)_ASVspoof2019_LA,audio,bonafide,0,train,.flac
C:\Users\paruc\Downloads\archive (1)\LA\LA\ASVspoof2019_LA_dev\flac\LA_D_6908091.flac,archive_(1)_ASVspoof2019_LA,audio,bonafide,0,train,.flac
C:\Users\paruc\Downloads\archive (1)\LA\LA\ASVspoof2019_LA_dev\flac\LA_D_2946880.flac,archive_(1)_ASVspoof2019_LA,audio,spoof,1,train,.flac
C:\Users\paruc\Downloads\archive (1)\LA\LA\ASVspoof2019_LA_dev\flac\LA_D_1475288.flac,archive_(1)_ASVspoof2019_LA,audio,bonafide,0,train,.flac
C:\Users\paruc\Downloads\archive (1)\LA\LA\ASVspoof2019_LA_dev\flac\LA_D_9433165.flac,archive_(1)_ASVspoof2019_LA,audio,bonafide,0,train,.flac
C:\Users\paruc\Downloads\archive (1)\LA\LA\ASVspoof2019_LA_dev\flac\LA_D_3642417.flac,archive_(1)_ASVspoof2019_LA,audio,spoof,1,train,.flac
C:\Users\paruc\Downloads\archive (1)\LA\LA\ASVspoof2019_LA_dev\flac\LA_D_3443410.flac,archive_(1)_ASVspoof2019_LA,audio,spoof,1,train,.flac
C:\Users\paruc\Downloads\archive (1)\LA\LA\ASVspoof2019_LA_dev\flac\LA_D_1506986.flac,archive_(1)_ASVspoof2019_LA,audio,spoof,1,train,.flac
C:\Users\paruc\Downloads\archive (1)\LA\LA\ASVspoof2019_LA_dev\flac\LA_D_4596767.flac,archive_(1)_ASVspoof2019_LA,audio,spoof,1,train,.flac
C:\Users\paruc\Downloads\archive (1)\LA\LA\ASVspoof2019_LA_dev\flac\LA_D_1223641.flac,archive_(1)_ASVspoof2019_LA,audio,bonafide,0,train,.flac
C:\Users\paruc\Downloads\archive (1)\LA\LA\ASVspoof2019_LA_dev\flac\LA_D_5665194.flac,archive_(1)_ASVspoof2019_LA,audio,bonafide,0,train,.flac
C:\Users\paruc\Downloads\archive (1)\LA\LA\ASVspoof2019_LA_dev\flac\LA_D_3260123.flac,archive_(1)_ASVspoof2019_LA,audio,spoof,1,train,.flac
C:\Users\paruc\Downloads\archive (1)\LA\LA\ASVspoof2019_LA_dev\flac\LA_D_8187537.flac,archive_(1)_ASVspoof2019_LA,audio,bonafide,0,train,.flac
C:\Users\paruc\Downloads\archive (1)\LA\LA\ASVspoof2019_LA_dev\flac\LA_D_4020788.flac,archive_(1)_ASVspoof2019_LA,audio,spoof,1,train,.flac
C:\Users\paruc\Downloads\archive (1)\LA\LA\ASVspoof2019_LA_dev\flac\LA_D_2188246.flac,archive_(1)_ASVspoof2019_LA,audio,bonafide,0,train,.flac
C:\Users\paruc\Downloads\archive (1)\LA\LA\ASVspoof2019_LA_dev\flac\LA_D_3425552.flac,archive_(1)_ASVspoof2019_LA,audio,spoof,1,train,.flac
C:\Users\paruc\Downloads\archive (1)\LA\LA\ASVspoof2019_LA_dev\flac\LA_D_4046673.flac,archive_(1)_ASVspoof2019_LA,audio,spoof,1,train,.flac
C:\Users\paruc\Downloads\archive (1)\LA\LA\ASVspoof2019_LA_dev\flac\LA_D_4606442.flac,archive_(1)_ASVspoof2019_LA,audio,bonafide,0,train,.flac
C:\Users\paruc\Downloads\archive (1)\LA\LA\ASVspoof2019_LA_dev\flac\LA_D_5881435.flac,archive_(1)_ASVspoof2019_LA,audio,bonafide,0,train,.flac
C:\Users\paruc\Downloads\archive (1)\LA\LA\ASVspoof2019_LA_dev\flac\LA_D_8952306.flac,archive_(1)_ASVspoof2019_LA,audio,bonafide,0,train,.flac
C:\Users\paruc\Downloads\archive (1)\LA\LA\ASVspoof2019_LA_dev\flac\LA_D_4236787.flac,archive_(1)_ASVspoof2019_LA,audio,spoof,1,train,.flac
C:\Users\paruc\Downloads\archive (1)\LA\LA\ASVspoof2019_LA_dev\flac\LA_D_8980393.flac,archive_(1)_ASVspoof2019_LA,audio,bonafide,0,train,.flac
C:\Users\paruc\Downloads\archive (1)\LA\LA\ASVspoof2019_LA_dev\flac\LA_D_1398743.flac,archive_(1)_ASVspoof2019_LA,audio,spoof,1,train,.flac
C:\Users\paruc\Downloads\archive (1)\LA\LA\ASVspoof2019_LA_dev\flac\LA_D_9422157.flac,archive_(1)_ASVspoof2019_LA,audio,bonafide,0,train,.flac
C:\Users\paruc\Downloads\archive (1)\LA\LA\ASVspoof2019_LA_dev\flac\LA_D_3536394.flac,archive_(1)_ASVspoof2019_LA,audio,bonafide,0,train,.flac
C:\Users\paruc\Downloads\archive (1)\LA\LA\ASVspoof2019_LA_dev\flac\LA_D_2596513.flac,archive_(1)_ASVspoof2019_LA,audio,spoof,1,train,.flac
C:\Users\paruc\Downloads\archive (1)\LA\LA\ASVspoof2019_LA_dev\flac\LA_D_7339762.flac,archive_(1)_ASVspoof2019_LA,audio,bonafide,0,train,.flac
C:\Users\paruc\Downloads\archive (1)\LA\LA\ASVspoof2019_LA_dev\flac\LA_D_5282926.flac,archive_(1)_ASVspoof2019_LA,audio,spoof,1,train,.flac
C:\Users\paruc\Downloads\archive (1)\LA\LA\ASVspoof2019_LA_dev\flac\LA_D_1472284.flac,archive_(1)_ASVspoof2019_LA,audio,spoof,1,train,.flac
C:\Users\paruc\Downloads\archive (1)\LA\LA\ASVspoof2019_LA_dev\flac\LA_D_6806996.flac,archive_(1)_ASVspoof2019_LA,audio,bonafide,0,train,.flac
C:\Users\paruc\Downloads\archive (1)\LA\LA\ASVspoof2019_LA_dev\flac\LA_D_3714679.flac,archive_(1)_ASVspoof2019_LA,audio,bonafide,0,train,.flac
C:\Users\paruc\Downloads\archive (1)\LA\LA\ASVspoof2019_LA_dev\flac\LA_D_6505457.flac,archive_(1)_ASVspoof2019_LA,audio,spoof,1,train,.flac
C:\Users\paruc\Downloads\archive (1)\LA\LA\ASVspoof2019_LA_dev\flac\LA_D_5151079.flac,archive_(1)_ASVspoof2019_LA,audio,spoof,1,train,.flac
C:\Users\paruc\Downloads\archive (1)\LA\LA\ASVspoof2019_LA_dev\flac\LA_D_4516804.flac,archive_(1)_ASVspoof2019_LA,audio,bonafide,0,train,.flac
C:\Users\paruc\Downloads\archive (1)\LA\LA\ASVspoof2019_LA_dev\flac\LA_D_9220126.flac,archive_(1)_ASVspoof2019_LA,audio,spoof,1,train,.flac
C:\Users\paruc\Downloads\archive (1)\LA\LA\ASVspoof2019_LA_dev\flac\LA_D_8313645.flac,archive_(1)_ASVspoof2019_LA,audio,bonafide,0,train,.flac
C:\Users\paruc\Downloads\archive (1)\LA\LA\ASVspoof2019_LA_dev\flac\LA_D_2303609.flac,archive_(1)_ASVspoof2019_LA,audio,bonafide,0,train,.flac
C:\Users\paruc\Downloads\archive (1)\LA\LA\ASVspoof2019_LA_dev\flac\LA_D_3335276.flac,archive_(1)_ASVspoof2019_LA,audio,spoof,1,train,.flac
C:\Users\paruc\Downloads\archive (1)\LA\LA\ASVspoof2019_LA_dev\flac\LA_D_6257081.flac,archive_(1)_ASVspoof2019_LA,audio,bonafide,0,train,.flac
C:\Users\paruc\Downloads\archive (1)\LA\LA\ASVspoof2019_LA_dev\flac\LA_D_3942877.flac,archive_(1)_ASVspoof2019_LA,audio,spoof,1,train,.flac
C:\Users\paruc\Downloads\archive (1)\LA\LA\ASVspoof2019_LA_dev\flac\LA_D_5567205.flac,archive_(1)_ASVspoof2019_LA,audio,spoof,1,train,.flac
C:\Users\paruc\Downloads\archive (1)\LA\LA\ASVspoof2019_LA_dev\flac\LA_D_9753761.flac,archive_(1)_ASVspoof2019_LA,audio,spoof,1,train,.flac
C:\Users\paruc\Downloads\archive (1)\LA\LA\ASVspoof2019_LA_dev\flac\LA_D_1585215.flac,archive_(1)_ASVspoof2019_LA,audio,bonafide,0,train,.flac
C:\Users\paruc\Downloads\archive (1)\LA\LA\ASVspoof2019_LA_dev\flac\LA_D_7234581.flac,archive_(1)_ASVspoof2019_LA,audio,bonafide,0,train,.flac
C:\Users\paruc\Downloads\archive (1)\LA\LA\ASVspoof2019_LA_dev\flac\LA_D_7484152.flac,archive_(1)_ASVspoof2019_LA,audio,bonafide,0,train,.flac
C:\Users\paruc\Downloads\archive (1)\LA\LA\ASVspoof2019_LA_dev\flac\LA_D_8801720.flac,archive_(1)_ASVspoof2019_LA,audio,spoof,1,train,.flac
C:\Users\paruc\Downloads\archive (1)\LA\LA\ASVspoof2019_LA_dev\flac\LA_D_2871577.flac,archive_(1)_ASVspoof2019_LA,audio,bonafide,0,train,.flac
C:\Users\paruc\Downloads\archive (1)\LA\LA\ASVspoof2019_LA_dev\flac\LA_D_3920971.flac,archive_(1)_ASVspoof2019_LA,audio,spoof,1,train,.flac
C:\Users\paruc\Downloads\archive (1)\LA\LA\ASVspoof2019_LA_dev\flac\LA_D_8689278.flac,archive_(1)_ASVspoof2019_LA,audio,spoof,1,train,.flac
C:\Users\paruc\Downloads\archive (1)\LA\LA\ASVspoof2019_LA_dev\flac\LA_D_5798590.flac,archive_(1)_ASVspoof2019_LA,audio,spoof,1,train,.flac
C:\Users\paruc\Downloads\archive (1)\LA\LA\ASVspoof2019_LA_dev\flac\LA_D_1613798.flac,archive_(1)_ASVspoof2019_LA,audio,spoof,1,train,.flac
C:\Users\paruc\Downloads\archive (1)\LA\LA\ASVspoof2019_LA_dev\flac\LA_D_5671694.flac,archive_(1)_ASVspoof2019_LA,audio,spoof,1,train,.flac
C:\Users\paruc\Downloads\archive (1)\LA\LA\ASVspoof2019_LA_dev\flac\LA_D_7439393.flac,archive_(1)_ASVspoof2019_LA,audio,bonafide,0,train,.flac
C:\Users\paruc\Downloads\archive (1)\LA\LA\ASVspoof2019_LA_dev\flac\LA_D_4375763.flac,archive_(1)_ASVspoof2019_LA,audio,spoof,1,train,.flac
C:\Users\paruc\Downloads\archive (1)\LA\LA\ASVspoof2019_LA_dev\flac\LA_D_3406247.flac,archive_(1)_ASVspoof2019_LA,audio,bonafide,0,train,.flac
C:\Users\paruc\Downloads\archive (1)\LA\LA\ASVspoof2019_LA_dev\flac\LA_D_1703452.flac,archive_(1)_ASVspoof2019_LA,audio,bonafide,0,train,.flac
C:\Users\paruc\Downloads\archive (1)\LA\LA\ASVspoof2019_LA_dev\flac\LA_D_7592609.flac,archive_(1)_ASVspoof2019_LA,audio,spoof,1,train,.flac
C:\Users\paruc\Downloads\archive (1)\LA\LA\ASVspoof2019_LA_dev\flac\LA_D_4437989.flac,archive_(1)_ASVspoof2019_LA,audio,bonafide,0,train,.flac
C:\Users\paruc\Downloads\archive (1)\LA\LA\ASVspoof2019_LA_dev\flac\LA_D_4505937.flac,archive_(1)_ASVspoof2019_LA,audio,spoof,1,train,.flac
C:\Users\paruc\Downloads\archive (1)\LA\LA\ASVspoof2019_LA_dev\flac\LA_D_6710328.flac,archive_(1)_ASVspoof2019_LA,audio,bonafide,0,train,.flac
C:\Users\paruc\Downloads\archive (1)\LA\LA\ASVspoof2019_LA_dev\flac\LA_D_5011714.flac,archive_(1)_ASVspoof2019_LA,audio,bonafide,0,train,.flac
C:\Users\paruc\Downloads\archive (1)\LA\LA\ASVspoof2019_LA_dev\flac\LA_D_4723647.flac,archive_(1)_ASVspoof2019_LA,audio,bonafide,0,train,.flac
C:\Users\paruc\Downloads\archive (1)\LA\LA\ASVspoof2019_LA_dev\flac\LA_D_1118564.flac,archive_(1)_ASVspoof2019_LA,audio,bonafide,0,train,.flac
C:\Users\paruc\Downloads\archive (1)\LA\LA\ASVspoof2019_LA_dev\flac\LA_D_3797749.flac,archive_(1)_ASVspoof2019_LA,audio,bonafide,0,val,.flac
C:\Users\paruc\Downloads\archive (1)\LA\LA\ASVspoof2019_LA_dev\flac\LA_D_7238018.flac,archive_(1)_ASVspoof2019_LA,audio,bonafide,0,val,.flac
C:\Users\paruc\Downloads\archive (1)\LA\LA\ASVspoof2019_LA_dev\flac\LA_D_9429134.flac,archive_(1)_ASVspoof2019_LA,audio,bonafide,0,val,.flac
C:\Users\paruc\Downloads\archive (1)\LA\LA\ASVspoof2019_LA_dev\flac\LA_D_7887285.flac,archive_(1)_ASVspoof2019_LA,audio,bonafide,0,val,.flac
C:\Users\paruc\Downloads\archive (1)\LA\LA\ASVspoof2019_LA_dev\flac\LA_D_5320850.flac,archive_(1)_ASVspoof2019_LA,audio,spoof,1,val,.flac
C:\Users\paruc\Downloads\archive (1)\LA\LA\ASVspoof2019_LA_dev\flac\LA_D_8978560.flac,archive_(1)_ASVspoof2019_LA,audio,bonafide,0,val,.flac
C:\Users\paruc\Downloads\archive (1)\LA\LA\ASVspoof2019_LA_dev\flac\LA_D_9064936.flac,archive_(1)_ASVspoof2019_LA,audio,bonafide,0,val,.flac
C:\Users\paruc\Downloads\archive (1)\LA\LA\ASVspoof2019_LA_dev\flac\LA_D_3375685.flac,archive_(1)_ASVspoof2019_LA,audio,spoof,1,val,.flac
C:\Users\paruc\Downloads\archive (1)\LA\LA\ASVspoof2019_LA_dev\flac\LA_D_6093454.flac,archive_(1)_ASVspoof2019_LA,audio,spoof,1,val,.flac
C:\Users\paruc\Downloads\archive (1)\LA\LA\ASVspoof2019_LA_dev\flac\LA_D_3250253.flac,archive_(1)_ASVspoof2019_LA,audio,bonafide,0,val,.flac
C:\Users\paruc\Downloads\archive (1)\LA\LA\ASVspoof2019_LA_dev\flac\LA_D_6874297.flac,archive_(1)_ASVspoof2019_LA,audio,bonafide,0,val,.flac
C:\Users\paruc\Downloads\archive (1)\LA\LA\ASVspoof2019_LA_dev\flac\LA_D_6197289.flac,archive_(1)_ASVspoof2019_LA,audio,bonafide,0,val,.flac
C:\Users\paruc\Downloads\archive (1)\LA\LA\ASVspoof2019_LA_dev\flac\LA_D_7594892.flac,archive_(1)_ASVspoof2019_LA,audio,bonafide,0,val,.flac
C:\Users\paruc\Downloads\archive (1)\LA\LA\ASVspoof2019_LA_dev\flac\LA_D_4401633.flac,archive_(1)_ASVspoof2019_LA,audio,bonafide,0,val,.flac
C:\Users\paruc\Downloads\archive (1)\LA\LA\ASVspoof2019_LA_dev\flac\LA_D_3908841.flac,archive_(1)_ASVspoof2019_LA,audio,bonafide,0,val,.flac
C:\Users\paruc\Downloads\archive (1)\LA\LA\ASVspoof2019_LA_dev\flac\LA_D_7030288.flac,archive_(1)_ASVspoof2019_LA,audio,bonafide,0,val,.flac
C:\Users\paruc\Downloads\archive (1)\LA\LA\ASVspoof2019_LA_dev\flac\LA_D_1381076.flac,archive_(1)_ASVspoof2019_LA,audio,spoof,1,val,.flac
C:\Users\paruc\Downloads\archive (1)\LA\LA\ASVspoof2019_LA_dev\flac\LA_D_6093649.flac,archive_(1)_ASVspoof2019_LA,audio,spoof,1,val,.flac
C:\Users\paruc\Downloads\archive (1)\LA\LA\ASVspoof2019_LA_dev\flac\LA_D_6544417.flac,archive_(1)_ASVspoof2019_LA,audio,spoof,1,val,.flac
C:\Users\paruc\Downloads\archive (1)\LA\LA\ASVspoof2019_LA_dev\flac\LA_D_9523992.flac,archive_(1)_ASVspoof2019_LA,audio,spoof,1,val,.flac
C:\Users\paruc\Downloads\archive (1)\LA\LA\ASVspoof2019_LA_dev\flac\LA_D_2151951.flac,archive_(1)_ASVspoof2019_LA,audio,spoof,1,val,.flac
C:\Users\paruc\Downloads\archive (1)\LA\LA\ASVspoof2019_LA_dev\flac\LA_D_1864699.flac,archive_(1)_ASVspoof2019_LA,audio,bonafide,0,val,.flac
C:\Users\paruc\Downloads\archive (1)\LA\LA\ASVspoof2019_LA_dev\flac\LA_D_5383844.flac,archive_(1)_ASVspoof2019_LA,audio,spoof,1,val,.flac
C:\Users\paruc\Downloads\archive (1)\LA\LA\ASVspoof2019_LA_dev\flac\LA_D_4063304.flac,archive_(1)_ASVspoof2019_LA,audio,bonafide,0,val,.flac
C:\Users\paruc\Downloads\archive (1)\LA\LA\ASVspoof2019_LA_dev\flac\LA_D_5831724.flac,archive_(1)_ASVspoof2019_LA,audio,spoof,1,val,.flac
C:\Users\paruc\Downloads\archive (1)\LA\LA\ASVspoof2019_LA_dev\flac\LA_D_8043080.flac,archive_(1)_ASVspoof2019_LA,audio,bonafide,0,val,.flac
C:\Users\paruc\Downloads\archive (1)\LA\LA\ASVspoof2019_LA_dev\flac\LA_D_1415728.flac,archive_(1)_ASVspoof2019_LA,audio,spoof,1,val,.flac
C:\Users\paruc\Downloads\archive (1)\LA\LA\ASVspoof2019_LA_dev\flac\LA_D_1488449.flac,archive_(1)_ASVspoof2019_LA,audio,bonafide,0,val,.flac
C:\Users\paruc\Downloads\archive (1)\LA\LA\ASVspoof2019_LA_dev\flac\LA_D_4752372.flac,archive_(1)_ASVspoof2019_LA,audio,spoof,1,val,.flac
C:\Users\paruc\Downloads\archive (1)\LA\LA\ASVspoof2019_LA_dev\flac\LA_D_8126226.flac,archive_(1)_ASVspoof2019_LA,audio,spoof,1,val,.flac
C:\Users\paruc\Downloads\archive (1)\LA\LA\ASVspoof2019_LA_dev\flac\LA_D_6544770.flac,archive_(1)_ASVspoof2019_LA,audio,bonafide,0,val,.flac
C:\Users\paruc\Downloads\archive (1)\LA\LA\ASVspoof2019_LA_dev\flac\LA_D_1884465.flac,archive_(1)_ASVspoof2019_LA,audio,bonafide,0,val,.flac
C:\Users\paruc\Downloads\archive (1)\LA\LA\ASVspoof2019_LA_dev\flac\LA_D_7493894.flac,archive_(1)_ASVspoof2019_LA,audio,spoof,1,val,.flac
C:\Users\paruc\Downloads\archive (1)\LA\LA\ASVspoof2019_LA_dev\flac\LA_D_8761358.flac,archive_(1)_ASVspoof2019_LA,audio,spoof,1,val,.flac
C:\Users\paruc\Downloads\archive (1)\LA\LA\ASVspoof2019_LA_dev\flac\LA_D_1447906.flac,archive_(1)_ASVspoof2019_LA,audio,spoof,1,val,.flac
C:\Users\paruc\Downloads\archive (1)\LA\LA\ASVspoof2019_LA_dev\flac\LA_D_8365650.flac,archive_(1)_ASVspoof2019_LA,audio,spoof,1,val,.flac
C:\Users\paruc\Downloads\archive (1)\LA\LA\ASVspoof2019_LA_dev\flac\LA_D_8863378.flac,archive_(1)_ASVspoof2019_LA,audio,bonafide,0,val,.flac
C:\Users\paruc\Downloads\archive (1)\LA\LA\ASVspoof2019_LA_dev\flac\LA_D_6141636.flac,archive_(1)_ASVspoof2019_LA,audio,bonafide,0,val,.flac
C:\Users\paruc\Downloads\archive (1)\LA\LA\ASVspoof2019_LA_dev\flac\LA_D_5698259.flac,archive_(1)_ASVspoof2019_LA,audio,spoof,1,val,.flac
C:\Users\paruc\Downloads\archive (1)\LA\LA\ASVspoof2019_LA_dev\flac\LA_D_4388088.flac,archive_(1)_ASVspoof2019_LA,audio,spoof,1,val,.flac
C:\Users\paruc\Downloads\archive (1)\LA\LA\ASVspoof2019_LA_dev\flac\LA_D_6869561.flac,archive_(1)_ASVspoof2019_LA,audio,bonafide,0,val,.flac
C:\Users\paruc\Downloads\archive (1)\LA\LA\ASVspoof2019_LA_dev\flac\LA_D_4828901.flac,archive_(1)_ASVspoof2019_LA,audio,bonafide,0,val,.flac
C:\Users\paruc\Downloads\archive (1)\LA\LA\ASVspoof2019_LA_dev\flac\LA_D_1097170.flac,archive_(1)_ASVspoof2019_LA,audio,bonafide,0,val,.flac
C:\Users\paruc\Downloads\archive (1)\LA\LA\ASVspoof2019_LA_dev\flac\LA_D_5185995.flac,archive_(1)_ASVspoof2019_LA,audio,bonafide,0,val,.flac
C:\Users\paruc\Downloads\archive (1)\LA\LA\ASVspoof2019_LA_dev\flac\LA_D_2259043.flac,archive_(1)_ASVspoof2019_LA,audio,bonafide,0,val,.flac
C:\Users\paruc\Downloads\archive (1)\LA\LA\ASVspoof2019_LA_dev\flac\LA_D_6525649.flac,archive_(1)_ASVspoof2019_LA,audio,bonafide,0,val,.flac
C:\Users\paruc\Downloads\archive (1)\LA\LA\ASVspoof2019_LA_dev\flac\LA_D_1561860.flac,archive_(1)_ASVspoof2019_LA,audio,spoof,1,val,.flac
C:\Users\paruc\Downloads\archive (1)\LA\LA\ASVspoof2019_LA_dev\flac\LA_D_6455651.flac,archive_(1)_ASVspoof2019_LA,audio,bonafide,0,val,.flac
C:\Users\paruc\Downloads\archive (1)\LA\LA\ASVspoof2019_LA_dev\flac\LA_D_2983374.flac,archive_(1)_ASVspoof2019_LA,audio,spoof,1,val,.flac
C:\Users\paruc\Downloads\archive (1)\LA\LA\ASVspoof2019_LA_dev\flac\LA_D_4698419.flac,archive_(1)_ASVspoof2019_LA,audio,bonafide,0,val,.flac
C:\Users\paruc\Downloads\archive (1)\LA\LA\ASVspoof2019_LA_dev\flac\LA_D_6812624.flac,archive_(1)_ASVspoof2019_LA,audio,spoof,1,val,.flac
C:\Users\paruc\Downloads\archive (1)\LA\LA\ASVspoof2019_LA_dev\flac\LA_D_6443649.flac,archive_(1)_ASVspoof2019_LA,audio,bonafide,0,val,.flac
C:\Users\paruc\Downloads\archive (1)\LA\LA\ASVspoof2019_LA_dev\flac\LA_D_6030391.flac,archive_(1)_ASVspoof2019_LA,audio,bonafide,0,val,.flac
C:\Users\paruc\Downloads\archive (1)\LA\LA\ASVspoof2019_LA_dev\flac\LA_D_9103728.flac,archive_(1)_ASVspoof2019_LA,audio,spoof,1,val,.flac
C:\Users\paruc\Downloads\archive (1)\LA\LA\ASVspoof2019_LA_dev\flac\LA_D_2756525.flac,archive_(1)_ASVspoof2019_LA,audio,spoof,1,val,.flac
C:\Users\paruc\Downloads\archive (1)\LA\LA\ASVspoof2019_LA_dev\flac\LA_D_9150071.flac,archive_(1)_ASVspoof2019_LA,audio,spoof,1,val,.flac
C:\Users\paruc\Downloads\archive (1)\LA\LA\ASVspoof2019_LA_dev\flac\LA_D_4083478.flac,archive_(1)_ASVspoof2019_LA,audio,bonafide,0,val,.flac
C:\Users\paruc\Downloads\archive (1)\LA\LA\ASVspoof2019_LA_dev\flac\LA_D_7904161.flac,archive_(1)_ASVspoof2019_LA,audio,spoof,1,val,.flac
C:\Users\paruc\Downloads\archive (1)\LA\LA\ASVspoof2019_LA_dev\flac\LA_D_3075013.flac,archive_(1)_ASVspoof2019_LA,audio,bonafide,0,val,.flac
C:\Users\paruc\Downloads\archive (1)\LA\LA\ASVspoof2019_LA_dev\flac\LA_D_7671320.flac,archive_(1)_ASVspoof2019_LA,audio,spoof,1,val,.flac
C:\Users\paruc\Downloads\archive (1)\LA\LA\ASVspoof2019_LA_dev\flac\LA_D_9652883.flac,archive_(1)_ASVspoof2019_LA,audio,spoof,1,val,.flac
C:\Users\paruc\Downloads\archive (1)\LA\LA\ASVspoof2019_LA_dev\flac\LA_D_4466001.flac,archive_(1)_ASVspoof2019_LA,audio,bonafide,0,val,.flac
C:\Users\paruc\Downloads\archive (1)\LA\LA\ASVspoof2019_LA_dev\flac\LA_D_4867067.flac,archive_(1)_ASVspoof2019_LA,audio,bonafide,0,val,.flac
C:\Users\paruc\Downloads\archive (1)\LA\LA\ASVspoof2019_LA_dev\flac\LA_D_7836916.flac,archive_(1)_ASVspoof2019_LA,audio,bonafide,0,val,.flac
C:\Users\paruc\Downloads\archive (1)\LA\LA\ASVspoof2019_LA_dev\flac\LA_D_4542806.flac,archive_(1)_ASVspoof2019_LA,audio,spoof,1,val,.flac
C:\Users\paruc\Downloads\archive (1)\LA\LA\ASVspoof2019_LA_dev\flac\LA_D_3025684.flac,archive_(1)_ASVspoof2019_LA,audio,bonafide,0,val,.flac
C:\Users\paruc\Downloads\archive (1)\LA\LA\ASVspoof2019_LA_dev\flac\LA_D_6325680.flac,archive_(1)_ASVspoof2019_LA,audio,bonafide,0,val,.flac
C:\Users\paruc\Downloads\archive (1)\LA\LA\ASVspoof2019_LA_dev\flac\LA_D_3975705.flac,archive_(1)_ASVspoof2019_LA,audio,spoof,1,val,.flac
C:\Users\paruc\Downloads\archive (1)\LA\LA\ASVspoof2019_LA_dev\flac\LA_D_3316993.flac,archive_(1)_ASVspoof2019_LA,audio,bonafide,0,val,.flac
C:\Users\paruc\Downloads\archive (1)\LA\LA\ASVspoof2019_LA_dev\flac\LA_D_8237075.flac,archive_(1)_ASVspoof2019_LA,audio,bonafide,0,val,.flac
C:\Users\paruc\Downloads\archive (1)\LA\LA\ASVspoof2019_LA_dev\flac\LA_D_7411256.flac,archive_(1)_ASVspoof2019_LA,audio,spoof,1,val,.flac
C:\Users\paruc\Downloads\archive (1)\LA\LA\ASVspoof2019_LA_dev\flac\LA_D_4905495.flac,archive_(1)_ASVspoof2019_LA,audio,spoof,1,val,.flac
C:\Users\paruc\Downloads\archive (1)\LA\LA\ASVspoof2019_LA_dev\flac\LA_D_6341352.flac,archive_(1)_ASVspoof2019_LA,audio,spoof,1,val,.flac
C:\Users\paruc\Downloads\archive (1)\LA\LA\ASVspoof2019_LA_dev\flac\LA_D_8749378.flac,archive_(1)_ASVspoof2019_LA,audio,bonafide,0,val,.flac
C:\Users\paruc\Downloads\archive (1)\LA\LA\ASVspoof2019_LA_dev\flac\LA_D_7057190.flac,archive_(1)_ASVspoof2019_LA,audio,bonafide,0,val,.flac
C:\Users\paruc\Downloads\archive (1)\LA\LA\ASVspoof2019_LA_dev\flac\LA_D_1618135.flac,archive_(1)_ASVspoof2019_LA,audio,bonafide,0,val,.flac
C:\Users\paruc\Downloads\archive (1)\LA\LA\ASVspoof2019_LA_dev\flac\LA_D_8688469.flac,archive_(1)_ASVspoof2019_LA,audio,spoof,1,val,.flac
C:\Users\paruc\Downloads\archive (1)\LA\LA\ASVspoof2019_LA_dev\flac\LA_D_9906845.flac,archive_(1)_ASVspoof2019_LA,audio,spoof,1,val,.flac
C:\Users\paruc\Downloads\archive (1)\LA\LA\ASVspoof2019_LA_dev\flac\LA_D_2756724.flac,archive_(1)_ASVspoof2019_LA,audio,bonafide,0,val,.flac
C:\Users\paruc\Downloads\archive (1)\LA\LA\ASVspoof2019_LA_dev\flac\LA_D_8699257.flac,archive_(1)_ASVspoof2019_LA,audio,bonafide,0,val,.flac
C:\Users\paruc\Downloads\archive (1)\LA\LA\ASVspoof2019_LA_dev\flac\LA_D_2895802.flac,archive_(1)_ASVspoof2019_LA,audio,bonafide,0,val,.flac
C:\Users\paruc\Downloads\archive (1)\LA\LA\ASVspoof2019_LA_dev\flac\LA_D_6598354.flac,archive_(1)_ASVspoof2019_LA,audio,bonafide,0,val,.flac
C:\Users\paruc\Downloads\archive (1)\LA\LA\ASVspoof2019_LA_dev\flac\LA_D_4715569.flac,archive_(1)_ASVspoof2019_LA,audio,bonafide,0,val,.flac
C:\Users\paruc\Downloads\archive (1)\LA\LA\ASVspoof2019_LA_dev\flac\LA_D_4777881.flac,archive_(1)_ASVspoof2019_LA,audio,bonafide,0,val,.flac
C:\Users\paruc\Downloads\archive (1)\LA\LA\ASVspoof2019_LA_dev\flac\LA_D_8147163.flac,archive_(1)_ASVspoof2019_LA,audio,bonafide,0,val,.flac
C:\Users\paruc\Downloads\archive (1)\LA\LA\ASVspoof2019_LA_dev\flac\LA_D_4063159.flac,archive_(1)_ASVspoof2019_LA,audio,bonafide,0,val,.flac
C:\Users\paruc\Downloads\archive (1)\LA\LA\ASVspoof2019_LA_dev\flac\LA_D_2896345.flac,archive_(1)_ASVspoof2019_LA,audio,bonafide,0,val,.flac
C:\Users\paruc\Downloads\archive (1)\LA\LA\ASVspoof2019_LA_dev\flac\LA_D_8770467.flac,archive_(1)_ASVspoof2019_LA,audio,spoof,1,val,.flac
C:\Users\paruc\Downloads\archive (1)\LA\LA\ASVspoof2019_LA_dev\flac\LA_D_8747095.flac,archive_(1)_ASVspoof2019_LA,audio,spoof,1,val,.flac
C:\Users\paruc\Downloads\archive (1)\LA\LA\ASVspoof2019_LA_dev\flac\LA_D_4395169.flac,archive_(1)_ASVspoof2019_LA,audio,bonafide,0,val,.flac
C:\Users\paruc\Downloads\archive (1)\LA\LA\ASVspoof2019_LA_dev\flac\LA_D_9603372.flac,archive_(1)_ASVspoof2019_LA,audio,spoof,1,val,.flac
C:\Users\paruc\Downloads\archive (1)\LA\LA\ASVspoof2019_LA_dev\flac\LA_D_5440849.flac,archive_(1)_ASVspoof2019_LA,audio,spoof,1,val,.flac
C:\Users\paruc\Downloads\archive (1)\LA\LA\ASVspoof2019_LA_dev\flac\LA_D_8932352.flac,archive_(1)_ASVspoof2019_LA,audio,bonafide,0,val,.flac
C:\Users\paruc\Downloads\archive (1)\LA\LA\ASVspoof2019_LA_dev\flac\LA_D_9423451.flac,archive_(1)_ASVspoof2019_LA,audio,bonafide,0,val,.flac
C:\Users\paruc\Downloads\archive (1)\LA\LA\ASVspoof2019_LA_dev\flac\LA_D_9919064.flac,archive_(1)_ASVspoof2019_LA,audio,bonafide,0,val,.flac
C:\Users\paruc\Downloads\archive (1)\LA\LA\ASVspoof2019_LA_dev\flac\LA_D_7726114.flac,archive_(1)_ASVspoof2019_LA,audio,bonafide,0,val,.flac
C:\Users\paruc\Downloads\archive (1)\LA\LA\ASVspoof2019_LA_dev\flac\LA_D_7605047.flac,archive_(1)_ASVspoof2019_LA,audio,bonafide,0,val,.flac
C:\Users\paruc\Downloads\archive (1)\LA\LA\ASVspoof2019_LA_dev\flac\LA_D_2979011.flac,archive_(1)_ASVspoof2019_LA,audio,bonafide,0,val,.flac
C:\Users\paruc\Downloads\archive (1)\LA\LA\ASVspoof2019_LA_dev\flac\LA_D_6842136.flac,archive_(1)_ASVspoof2019_LA,audio,bonafide,0,val,.flac
C:\Users\paruc\Downloads\archive (1)\LA\LA\ASVspoof2019_LA_dev\flac\LA_D_3533031.flac,archive_(1)_ASVspoof2019_LA,audio,spoof,1,val,.flac
C:\Users\paruc\Downloads\archive (1)\LA\LA\ASVspoof2019_LA_dev\flac\LA_D_4339997.flac,archive_(1)_ASVspoof2019_LA,audio,bonafide,0,val,.flac
C:\Users\paruc\Downloads\archive (1)\LA\LA\ASVspoof2019_LA_dev\flac\LA_D_2723107.flac,archive_(1)_ASVspoof2019_LA,audio,spoof,1,val,.flac
C:\Users\paruc\Downloads\archive (1)\LA\LA\ASVspoof2019_LA_dev\flac\LA_D_7941843.flac,archive_(1)_ASVspoof2019_LA,audio,spoof,1,val,.flac
C:\Users\paruc\Downloads\archive (1)\LA\LA\ASVspoof2019_LA_dev\flac\LA_D_6743141.flac,archive_(1)_ASVspoof2019_LA,audio,spoof,1,val,.flac
C:\Users\paruc\Downloads\archive (1)\LA\LA\ASVspoof2019_LA_dev\flac\LA_D_8804006.flac,archive_(1)_ASVspoof2019_LA,audio,spoof,1,val,.flac
C:\Users\paruc\Downloads\archive (1)\LA\LA\ASVspoof2019_LA_dev\flac\LA_D_1710314.flac,archive_(1)_ASVspoof2019_LA,audio,bonafide,0,val,.flac
C:\Users\paruc\Downloads\archive (1)\LA\LA\ASVspoof2019_LA_dev\flac\LA_D_1144692.flac,archive_(1)_ASVspoof2019_LA,audio,spoof,1,val,.flac
C:\Users\paruc\Downloads\archive (1)\LA\LA\ASVspoof2019_LA_dev\flac\LA_D_2712599.flac,archive_(1)_ASVspoof2019_LA,audio,bonafide,0,val,.flac
C:\Users\paruc\Downloads\archive (1)\LA\LA\ASVspoof2019_LA_dev\flac\LA_D_3860524.flac,archive_(1)_ASVspoof2019_LA,audio,spoof,1,val,.flac
C:\Users\paruc\Downloads\archive (1)\LA\LA\ASVspoof2019_LA_dev\flac\LA_D_7611990.flac,archive_(1)_ASVspoof2019_LA,audio,bonafide,0,val,.flac
C:\Users\paruc\Downloads\archive (1)\LA\LA\ASVspoof2019_LA_dev\flac\LA_D_4736704.flac,archive_(1)_ASVspoof2019_LA,audio,spoof,1,val,.flac
C:\Users\paruc\Downloads\archive (1)\LA\LA\ASVspoof2019_LA_dev\flac\LA_D_9679682.flac,archive_(1)_ASVspoof2019_LA,audio,spoof,1,val,.flac
C:\Users\paruc\Downloads\archive (1)\LA\LA\ASVspoof2019_LA_dev\flac\LA_D_7219426.flac,archive_(1)_ASVspoof2019_LA,audio,bonafide,0,val,.flac
C:\Users\paruc\Downloads\archive (1)\LA\LA\ASVspoof2019_LA_dev\flac\LA_D_7480003.flac,archive_(1)_ASVspoof2019_LA,audio,spoof,1,val,.flac
C:\Users\paruc\Downloads\archive (1)\LA\LA\ASVspoof2019_LA_dev\flac\LA_D_4198326.flac,archive_(1)_ASVspoof2019_LA,audio,spoof,1,val,.flac
C:\Users\paruc\Downloads\archive (1)\LA\LA\ASVspoof2019_LA_dev\flac\LA_D_3434821.flac,archive_(1)_ASVspoof2019_LA,audio,spoof,1,val,.flac
C:\Users\paruc\Downloads\archive (1)\LA\LA\ASVspoof2019_LA_dev\flac\LA_D_7688209.flac,archive_(1)_ASVspoof2019_LA,audio,spoof,1,val,.flac
C:\Users\paruc\Downloads\archive (1)\LA\LA\ASVspoof2019_LA_dev\flac\LA_D_6212089.flac,archive_(1)_ASVspoof2019_LA,audio,bonafide,0,val,.flac
C:\Users\paruc\Downloads\archive (1)\LA\LA\ASVspoof2019_LA_dev\flac\LA_D_4908581.flac,archive_(1)_ASVspoof2019_LA,audio,spoof,1,val,.flac
C:\Users\paruc\Downloads\archive (1)\LA\LA\ASVspoof2019_LA_dev\flac\LA_D_6742117.flac,archive_(1)_ASVspoof2019_LA,audio,spoof,1,val,.flac
C:\Users\paruc\Downloads\archive (1)\LA\LA\ASVspoof2019_LA_dev\flac\LA_D_4699929.flac,archive_(1)_ASVspoof2019_LA,audio,bonafide,0,val,.flac
C:\Users\paruc\Downloads\archive (1)\LA\LA\ASVspoof2019_LA_dev\flac\LA_D_5054904.flac,archive_(1)_ASVspoof2019_LA,audio,bonafide,0,val,.flac
C:\Users\paruc\Downloads\archive (1)\LA\LA\ASVspoof2019_LA_dev\flac\LA_D_2445037.flac,archive_(1)_ASVspoof2019_LA,audio,spoof,1,val,.flac
C:\Users\paruc\Downloads\archive (1)\LA\LA\ASVspoof2019_LA_dev\flac\LA_D_8741531.flac,archive_(1)_ASVspoof2019_LA,audio,spoof,1,val,.flac
C:\Users\paruc\Downloads\archive (1)\LA\LA\ASVspoof2019_LA_dev\flac\LA_D_1523180.flac,archive_(1)_ASVspoof2019_LA,audio,bonafide,0,val,.flac
C:\Users\paruc\Downloads\archive (1)\LA\LA\ASVspoof2019_LA_dev\flac\LA_D_4918840.flac,archive_(1)_ASVspoof2019_LA,audio,bonafide,0,val,.flac
C:\Users\paruc\Downloads\archive (1)\LA\LA\ASVspoof2019_LA_dev\flac\LA_D_2740232.flac,archive_(1)_ASVspoof2019_LA,audio,bonafide,0,val,.flac
C:\Users\paruc\Downloads\archive (1)\LA\LA\ASVspoof2019_LA_dev\flac\LA_D_8986360.flac,archive_(1)_ASVspoof2019_LA,audio,bonafide,0,val,.flac
C:\Users\paruc\Downloads\archive (1)\LA\LA\ASVspoof2019_LA_dev\flac\LA_D_9471357.flac,archive_(1)_ASVspoof2019_LA,audio,bonafide,0,val,.flac
C:\Users\paruc\Downloads\archive (1)\LA\LA\ASVspoof2019_LA_dev\flac\LA_D_2543157.flac,archive_(1)_ASVspoof2019_LA,audio,spoof,1,val,.flac
C:\Users\paruc\Downloads\archive (1)\LA\LA\ASVspoof2019_LA_dev\flac\LA_D_4663919.flac,archive_(1)_ASVspoof2019_LA,audio,bonafide,0,val,.flac
C:\Users\paruc\Downloads\archive (1)\LA\LA\ASVspoof2019_LA_dev\flac\LA_D_3776414.flac,archive_(1)_ASVspoof2019_LA,audio,bonafide,0,val,.flac
C:\Users\paruc\Downloads\archive (1)\LA\LA\ASVspoof2019_LA_dev\flac\LA_D_9165968.flac,archive_(1)_ASVspoof2019_LA,audio,spoof,1,val,.flac
C:\Users\paruc\Downloads\archive (1)\LA\LA\ASVspoof2019_LA_dev\flac\LA_D_3228741.flac,archive_(1)_ASVspoof2019_LA,audio,spoof,1,val,.flac
C:\Users\paruc\Downloads\archive (1)\LA\LA\ASVspoof2019_LA_dev\flac\LA_D_5631853.flac,archive_(1)_ASVspoof2019_LA,audio,bonafide,0,val,.flac
C:\Users\paruc\Downloads\archive (1)\LA\LA\ASVspoof2019_LA_dev\flac\LA_D_5416891.flac,archive_(1)_ASVspoof2019_LA,audio,spoof,1,val,.flac
C:\Users\paruc\Downloads\archive (1)\LA\LA\ASVspoof2019_LA_dev\flac\LA_D_8235144.flac,archive_(1)_ASVspoof2019_LA,audio,bonafide,0,val,.flac
C:\Users\paruc\Downloads\archive (1)\LA\LA\ASVspoof2019_LA_dev\flac\LA_D_9257861.flac,archive_(1)_ASVspoof2019_LA,audio,spoof,1,val,.flac
C:\Users\paruc\Downloads\archive (1)\LA\LA\ASVspoof2019_LA_dev\flac\LA_D_5175785.flac,archive_(1)_ASVspoof2019_LA,audio,bonafide,0,val,.flac
C:\Users\paruc\Downloads\archive (1)\LA\LA\ASVspoof2019_LA_dev\flac\LA_D_9961107.flac,archive_(1)_ASVspoof2019_LA,audio,spoof,1,val,.flac
C:\Users\paruc\Downloads\archive (1)\LA\LA\ASVspoof2019_LA_dev\flac\LA_D_8492975.flac,archive_(1)_ASVspoof2019_LA,audio,bonafide,0,val,.flac
C:\Users\paruc\Downloads\archive (1)\LA\LA\ASVspoof2019_LA_dev\flac\LA_D_1130470.flac,archive_(1)_ASVspoof2019_LA,audio,bonafide,0,val,.flac
C:\Users\paruc\Downloads\archive (1)\LA\LA\ASVspoof2019_LA_dev\flac\LA_D_5925659.flac,archive_(1)_ASVspoof2019_LA,audio,bonafide,0,val,.flac
C:\Users\paruc\Downloads\archive (1)\LA\LA\ASVspoof2019_LA_dev\flac\LA_D_8003757.flac,archive_(1)_ASVspoof2019_LA,audio,spoof,1,val,.flac
C:\Users\paruc\Downloads\archive (1)\LA\LA\ASVspoof2019_LA_dev\flac\LA_D_8140900.flac,archive_(1)_ASVspoof2019_LA,audio,bonafide,0,val,.flac
C:\Users\paruc\Downloads\archive (1)\LA\LA\ASVspoof2019_LA_dev\flac\LA_D_6361258.flac,archive_(1)_ASVspoof2019_LA,audio,spoof,1,val,.flac
C:\Users\paruc\Downloads\archive (1)\LA\LA\ASVspoof2019_LA_dev\flac\LA_D_4308561.flac,archive_(1)_ASVspoof2019_LA,audio,spoof,1,val,.flac
C:\Users\paruc\Downloads\archive (1)\LA\LA\ASVspoof2019_LA_dev\flac\LA_D_8448033.flac,archive_(1)_ASVspoof2019_LA,audio,bonafide,0,val,.flac
C:\Users\paruc\Downloads\archive (1)\LA\LA\ASVspoof2019_LA_dev\flac\LA_D_4459311.flac,archive_(1)_ASVspoof2019_LA,audio,spoof,1,val,.flac
C:\Users\paruc\Downloads\archive (1)\LA\LA\ASVspoof2019_LA_dev\flac\LA_D_7339633.flac,archive_(1)_ASVspoof2019_LA,audio,bonafide,0,val,.flac
C:\Users\paruc\Downloads\archive (1)\LA\LA\ASVspoof2019_LA_dev\flac\LA_D_1158837.flac,archive_(1)_ASVspoof2019_LA,audio,bonafide,0,val,.flac
C:\Users\paruc\Downloads\archive (1)\LA\LA\ASVspoof2019_LA_dev\flac\LA_D_5250042.flac,archive_(1)_ASVspoof2019_LA,audio,bonafide,0,val,.flac
C:\Users\paruc\Downloads\archive (1)\LA\LA\ASVspoof2019_LA_dev\flac\LA_D_5810774.flac,archive_(1)_ASVspoof2019_LA,audio,spoof,1,val,.flac
C:\Users\paruc\Downloads\archive (1)\LA\LA\ASVspoof2019_LA_dev\flac\LA_D_9818781.flac,archive_(1)_ASVspoof2019_LA,audio,bonafide,0,val,.flac
C:\Users\paruc\Downloads\archive (1)\LA\LA\ASVspoof2019_LA_dev\flac\LA_D_2722562.flac,archive_(1)_ASVspoof2019_LA,audio,bonafide,0,val,.flac
C:\Users\paruc\Downloads\archive (1)\LA\LA\ASVspoof2019_LA_dev\flac\LA_D_2966325.flac,archive_(1)_ASVspoof2019_LA,audio,spoof,1,val,.flac
C:\Users\paruc\Downloads\archive (1)\LA\LA\ASVspoof2019_LA_dev\flac\LA_D_1039305.flac,archive_(1)_ASVspoof2019_LA,audio,spoof,1,val,.flac
C:\Users\paruc\Downloads\archive (1)\LA\LA\ASVspoof2019_LA_dev\flac\LA_D_9256388.flac,archive_(1)_ASVspoof2019_LA,audio,bonafide,0,val,.flac
C:\Users\paruc\Downloads\archive (1)\LA\LA\ASVspoof2019_LA_dev\flac\LA_D_9897081.flac,archive_(1)_ASVspoof2019_LA,audio,bonafide,0,val,.flac
C:\Users\paruc\Downloads\archive (1)\LA\LA\ASVspoof2019_LA_dev\flac\LA_D_4349047.flac,archive_(1)_ASVspoof2019_LA,audio,bonafide,0,val,.flac
C:\Users\paruc\Downloads\archive (1)\LA\LA\ASVspoof2019_LA_dev\flac\LA_D_7036071.flac,archive_(1)_ASVspoof2019_LA,audio,spoof,1,val,.flac
C:\Users\paruc\Downloads\archive (1)\LA\LA\ASVspoof2019_LA_dev\flac\LA_D_6780824.flac,archive_(1)_ASVspoof2019_LA,audio,bonafide,0,val,.flac
C:\Users\paruc\Downloads\archive (1)\LA\LA\ASVspoof2019_LA_dev\flac\LA_D_3537955.flac,archive_(1)_ASVspoof2019_LA,audio,spoof,1,val,.flac
C:\Users\paruc\Downloads\archive (1)\LA\LA\ASVspoof2019_LA_dev\flac\LA_D_1332227.flac,archive_(1)_ASVspoof2019_LA,audio,spoof,1,val,.flac
C:\Users\paruc\Downloads\archive (1)\LA\LA\ASVspoof2019_LA_dev\flac\LA_D_4580301.flac,archive_(1)_ASVspoof2019_LA,audio,bonafide,0,val,.flac
C:\Users\paruc\Downloads\archive (1)\LA\LA\ASVspoof2019_LA_dev\flac\LA_D_1052072.flac,archive_(1)_ASVspoof2019_LA,audio,bonafide,0,val,.flac
C:\Users\paruc\Downloads\archive (1)\LA\LA\ASVspoof2019_LA_dev\flac\LA_D_8568773.flac,archive_(1)_ASVspoof2019_LA,audio,spoof,1,val,.flac
C:\Users\paruc\Downloads\archive (1)\LA\LA\ASVspoof2019_LA_dev\flac\LA_D_4284229.flac,archive_(1)_ASVspoof2019_LA,audio,bonafide,0,val,.flac
C:\Users\paruc\Downloads\archive (1)\LA\LA\ASVspoof2019_LA_dev\flac\LA_D_7972724.flac,archive_(1)_ASVspoof2019_LA,audio,bonafide,0,val,.flac
C:\Users\paruc\Downloads\archive (1)\LA\LA\ASVspoof2019_LA_dev\flac\LA_D_1983415.flac,archive_(1)_ASVspoof2019_LA,audio,bonafide,0,val,.flac
C:\Users\paruc\Downloads\archive (1)\LA\LA\ASVspoof2019_LA_dev\flac\LA_D_4310926.flac,archive_(1)_ASVspoof2019_LA,audio,bonafide,0,val,.flac
C:\Users\paruc\Downloads\archive (1)\LA\LA\ASVspoof2019_LA_dev\flac\LA_D_6502735.flac,archive_(1)_ASVspoof2019_LA,audio,spoof,1,val,.flac
C:\Users\paruc\Downloads\archive (1)\LA\LA\ASVspoof2019_LA_dev\flac\LA_D_6863099.flac,archive_(1)_ASVspoof2019_LA,audio,spoof,1,val,.flac
C:\Users\paruc\Downloads\archive (1)\LA\LA\ASVspoof2019_LA_dev\flac\LA_D_8546655.flac,archive_(1)_ASVspoof2019_LA,audio,spoof,1,val,.flac
C:\Users\paruc\Downloads\archive (1)\LA\LA\ASVspoof2019_LA_dev\flac\LA_D_1337729.flac,archive_(1)_ASVspoof2019_LA,audio,bonafide,0,val,.flac
C:\Users\paruc\Downloads\archive (1)\LA\LA\ASVspoof2019_LA_dev\flac\LA_D_1304769.flac,archive_(1)_ASVspoof2019_LA,audio,spoof,1,val,.flac
C:\Users\paruc\Downloads\archive (1)\LA\LA\ASVspoof2019_LA_dev\flac\LA_D_5254618.flac,archive_(1)_ASVspoof2019_LA,audio,spoof,1,val,.flac
C:\Users\paruc\Downloads\archive (1)\LA\LA\ASVspoof2019_LA_dev\flac\LA_D_7933208.flac,archive_(1)_ASVspoof2019_LA,audio,bonafide,0,val,.flac
C:\Users\paruc\Downloads\archive (1)\LA\LA\ASVspoof2019_LA_dev\flac\LA_D_3494648.flac,archive_(1)_ASVspoof2019_LA,audio,bonafide,0,val,.flac
C:\Users\paruc\Downloads\archive (1)\LA\LA\ASVspoof2019_LA_dev\flac\LA_D_3895551.flac,archive_(1)_ASVspoof2019_LA,audio,bonafide,0,val,.flac
C:\Users\paruc\Downloads\archive (1)\LA\LA\ASVspoof2019_LA_dev\flac\LA_D_4458668.flac,archive_(1)_ASVspoof2019_LA,audio,spoof,1,val,.flac
C:\Users\paruc\Downloads\archive (1)\LA\LA\ASVspoof2019_LA_dev\flac\LA_D_2909263.flac,archive_(1)_ASVspoof2019_LA,audio,spoof,1,val,.flac
C:\Users\paruc\Downloads\archive (1)\LA\LA\ASVspoof2019_LA_dev\flac\LA_D_2660514.flac,archive_(1)_ASVspoof2019_LA,audio,spoof,1,val,.flac
C:\Users\paruc\Downloads\archive (1)\LA\LA\ASVspoof2019_LA_dev\flac\LA_D_4969859.flac,archive_(1)_ASVspoof2019_LA,audio,bonafide,0,val,.flac
C:\Users\paruc\Downloads\archive (1)\LA\LA\ASVspoof2019_LA_dev\flac\LA_D_2720773.flac,archive_(1)_ASVspoof2019_LA,audio,spoof,1,val,.flac
C:\Users\paruc\Downloads\archive (1)\LA\LA\ASVspoof2019_LA_dev\flac\LA_D_1161800.flac,archive_(1)_ASVspoof2019_LA,audio,bonafide,0,val,.flac
C:\Users\paruc\Downloads\archive (1)\LA\LA\ASVspoof2019_LA_dev\flac\LA_D_2338525.flac,archive_(1)_ASVspoof2019_LA,audio,bonafide,0,val,.flac
C:\Users\paruc\Downloads\archive (1)\LA\LA\ASVspoof2019_LA_dev\flac\LA_D_8034204.flac,archive_(1)_ASVspoof2019_LA,audio,bonafide,0,val,.flac
C:\Users\paruc\Downloads\archive (1)\LA\LA\ASVspoof2019_LA_dev\flac\LA_D_9077451.flac,archive_(1)_ASVspoof2019_LA,audio,spoof,1,val,.flac
C:\Users\paruc\Downloads\archive (1)\LA\LA\ASVspoof2019_LA_dev\flac\LA_D_7255005.flac,archive_(1)_ASVspoof2019_LA,audio,bonafide,0,val,.flac
C:\Users\paruc\Downloads\archive (1)\LA\LA\ASVspoof2019_LA_dev\flac\LA_D_9897238.flac,archive_(1)_ASVspoof2019_LA,audio,spoof,1,val,.flac
C:\Users\paruc\Downloads\archive (1)\LA\LA\ASVspoof2019_LA_dev\flac\LA_D_3425869.flac,archive_(1)_ASVspoof2019_LA,audio,spoof,1,val,.flac
C:\Users\paruc\Downloads\archive (1)\LA\LA\ASVspoof2019_LA_dev\flac\LA_D_7783712.flac,archive_(1)_ASVspoof2019_LA,audio,bonafide,0,val,.flac
C:\Users\paruc\Downloads\archive (1)\LA\LA\ASVspoof2019_LA_dev\flac\LA_D_6292198.flac,archive_(1)_ASVspoof2019_LA,audio,bonafide,0,val,.flac
C:\Users\paruc\Downloads\archive (1)\LA\LA\ASVspoof2019_LA_dev\flac\LA_D_6728041.flac,archive_(1)_ASVspoof2019_LA,audio,spoof,1,val,.flac
C:\Users\paruc\Downloads\archive (1)\LA\LA\ASVspoof2019_LA_dev\flac\LA_D_6480551.flac,archive_(1)_ASVspoof2019_LA,audio,bonafide,0,val,.flac
C:\Users\paruc\Downloads\archive (1)\LA\LA\ASVspoof2019_LA_dev\flac\LA_D_9923905.flac,archive_(1)_ASVspoof2019_LA,audio,spoof,1,val,.flac
C:\Users\paruc\Downloads\archive (1)\LA\LA\ASVspoof2019_LA_dev\flac\LA_D_3124251.flac,archive_(1)_ASVspoof2019_LA,audio,bonafide,0,val,.flac
C:\Users\paruc\Downloads\archive (1)\LA\LA\ASVspoof2019_LA_dev\flac\LA_D_2901382.flac,archive_(1)_ASVspoof2019_LA,audio,spoof,1,val,.flac
C:\Users\paruc\Downloads\archive (1)\LA\LA\ASVspoof2019_LA_dev\flac\LA_D_9135294.flac,archive_(1)_ASVspoof2019_LA,audio,bonafide,0,val,.flac
C:\Users\paruc\Downloads\archive (1)\LA\LA\ASVspoof2019_LA_dev\flac\LA_D_1640497.flac,archive_(1)_ASVspoof2019_LA,audio,bonafide,0,val,.flac
C:\Users\paruc\Downloads\archive (1)\LA\LA\ASVspoof2019_LA_dev\flac\LA_D_1126907.flac,archive_(1)_ASVspoof2019_LA,audio,bonafide,0,val,.flac
C:\Users\paruc\Downloads\archive (1)\LA\LA\ASVspoof2019_LA_dev\flac\LA_D_7679169.flac,archive_(1)_ASVspoof2019_LA,audio,bonafide,0,val,.flac
C:\Users\paruc\Downloads\archive (1)\LA\LA\ASVspoof2019_LA_dev\flac\LA_D_7150708.flac,archive_(1)_ASVspoof2019_LA,audio,spoof,1,val,.flac
C:\Users\paruc\Downloads\archive (1)\LA\LA\ASVspoof2019_LA_dev\flac\LA_D_6424598.flac,archive_(1)_ASVspoof2019_LA,audio,bonafide,0,val,.flac
C:\Users\paruc\Downloads\archive (1)\LA\LA\ASVspoof2019_LA_dev\flac\LA_D_4450602.flac,archive_(1)_ASVspoof2019_LA,audio,spoof,1,val,.flac
C:\Users\paruc\Downloads\archive (1)\LA\LA\ASVspoof2019_LA_dev\flac\LA_D_2977892.flac,archive_(1)_ASVspoof2019_LA,audio,bonafide,0,val,.flac
C:\Users\paruc\Downloads\archive (1)\LA\LA\ASVspoof2019_LA_dev\flac\LA_D_9508907.flac,archive_(1)_ASVspoof2019_LA,audio,bonafide,0,val,.flac
C:\Users\paruc\Downloads\archive (1)\LA\LA\ASVspoof2019_LA_dev\flac\LA_D_3200727.flac,archive_(1)_ASVspoof2019_LA,audio,spoof,1,val,.flac
C:\Users\paruc\Downloads\archive (1)\LA\LA\ASVspoof2019_LA_dev\flac\LA_D_7015677.flac,archive_(1)_ASVspoof2019_LA,audio,spoof,1,val,.flac
C:\Users\paruc\Downloads\archive (1)\LA\LA\ASVspoof2019_LA_dev\flac\LA_D_4559133.flac,archive_(1)_ASVspoof2019_LA,audio,spoof,1,val,.flac
C:\Users\paruc\Downloads\archive (1)\LA\LA\ASVspoof2019_LA_dev\flac\LA_D_9965466.flac,archive_(1)_ASVspoof2019_LA,audio,spoof,1,val,.flac
C:\Users\paruc\Downloads\archive (1)\LA\LA\ASVspoof2019_LA_dev\flac\LA_D_7643950.flac,archive_(1)_ASVspoof2019_LA,audio,spoof,1,val,.flac
C:\Users\paruc\Downloads\archive (1)\LA\LA\ASVspoof2019_LA_dev\flac\LA_D_1234965.flac,archive_(1)_ASVspoof2019_LA,audio,bonafide,0,val,.flac
C:\Users\paruc\Downloads\archive (1)\LA\LA\ASVspoof2019_LA_dev\flac\LA_D_1739595.flac,archive_(1)_ASVspoof2019_LA,audio,bonafide,0,val,.flac
C:\Users\paruc\Downloads\archive (1)\LA\LA\ASVspoof2019_LA_dev\flac\LA_D_5567412.flac,archive_(1)_ASVspoof2019_LA,audio,spoof,1,val,.flac
C:\Users\paruc\Downloads\archive (1)\LA\LA\ASVspoof2019_LA_dev\flac\LA_D_9275774.flac,archive_(1)_ASVspoof2019_LA,audio,spoof,1,val,.flac
C:\Users\paruc\Downloads\archive (1)\LA\LA\ASVspoof2019_LA_dev\flac\LA_D_6561538.flac,archive_(1)_ASVspoof2019_LA,audio,bonafide,0,val,.flac
C:\Users\paruc\Downloads\archive (1)\LA\LA\ASVspoof2019_LA_dev\flac\LA_D_2028101.flac,archive_(1)_ASVspoof2019_LA,audio,spoof,1,val,.flac
C:\Users\paruc\Downloads\archive (1)\LA\LA\ASVspoof2019_LA_dev\flac\LA_D_2687738.flac,archive_(1)_ASVspoof2019_LA,audio,spoof,1,val,.flac
C:\Users\paruc\Downloads\archive (1)\LA\LA\ASVspoof2019_LA_dev\flac\LA_D_8329694.flac,archive_(1)_ASVspoof2019_LA,audio,spoof,1,val,.flac
C:\Users\paruc\Downloads\archive (1)\LA\LA\ASVspoof2019_LA_dev\flac\LA_D_7713018.flac,archive_(1)_ASVspoof2019_LA,audio,bonafide,0,val,.flac
C:\Users\paruc\Downloads\archive (1)\LA\LA\ASVspoof2019_LA_dev\flac\LA_D_1401409.flac,archive_(1)_ASVspoof2019_LA,audio,spoof,1,val,.flac
C:\Users\paruc\Downloads\archive (1)\LA\LA\ASVspoof2019_LA_dev\flac\LA_D_6244687.flac,archive_(1)_ASVspoof2019_LA,audio,spoof,1,val,.flac
C:\Users\paruc\Downloads\archive (1)\LA\LA\ASVspoof2019_LA_dev\flac\LA_D_7860380.flac,archive_(1)_ASVspoof2019_LA,audio,spoof,1,val,.flac
C:\Users\paruc\Downloads\archive (1)\LA\LA\ASVspoof2019_LA_dev\flac\LA_D_1060968.flac,archive_(1)_ASVspoof2019_LA,audio,bonafide,0,val,.flac
C:\Users\paruc\Downloads\archive (1)\LA\LA\ASVspoof2019_LA_dev\flac\LA_D_4466532.flac,archive_(1)_ASVspoof2019_LA,audio,bonafide,0,val,.flac
C:\Users\paruc\Downloads\archive (1)\LA\LA\ASVspoof2019_LA_dev\flac\LA_D_7647111.flac,archive_(1)_ASVspoof2019_LA,audio,spoof,1,val,.flac
C:\Users\paruc\Downloads\archive (1)\LA\LA\ASVspoof2019_LA_dev\flac\LA_D_2311722.flac,archive_(1)_ASVspoof2019_LA,audio,spoof,1,val,.flac
C:\Users\paruc\Downloads\archive (1)\LA\LA\ASVspoof2019_LA_dev\flac\LA_D_7464682.flac,archive_(1)_ASVspoof2019_LA,audio,bonafide,0,val,.flac
C:\Users\paruc\Downloads\archive (1)\LA\LA\ASVspoof2019_LA_dev\flac\LA_D_5267572.flac,archive_(1)_ASVspoof2019_LA,audio,spoof,1,val,.flac
C:\Users\paruc\Downloads\archive (1)\LA\LA\ASVspoof2019_LA_dev\flac\LA_D_8792663.flac,archive_(1)_ASVspoof2019_LA,audio,spoof,1,val,.flac
C:\Users\paruc\Downloads\archive (1)\LA\LA\ASVspoof2019_LA_dev\flac\LA_D_4288070.flac,archive_(1)_ASVspoof2019_LA,audio,spoof,1,val,.flac
C:\Users\paruc\Downloads\archive (1)\LA\LA\ASVspoof2019_LA_dev\flac\LA_D_8498981.flac,archive_(1)_ASVspoof2019_LA,audio,bonafide,0,val,.flac
C:\Users\paruc\Downloads\archive (1)\LA\LA\ASVspoof2019_LA_dev\flac\LA_D_2914361.flac,archive_(1)_ASVspoof2019_LA,audio,spoof,1,val,.flac
C:\Users\paruc\Downloads\archive (1)\LA\LA\ASVspoof2019_LA_dev\flac\LA_D_9887992.flac,archive_(1)_ASVspoof2019_LA,audio,spoof,1,val,.flac
C:\Users\paruc\Downloads\archive (1)\LA\LA\ASVspoof2019_LA_dev\flac\LA_D_3131198.flac,archive_(1)_ASVspoof2019_LA,audio,spoof,1,val,.flac
C:\Users\paruc\Downloads\archive (1)\LA\LA\ASVspoof2019_LA_dev\flac\LA_D_6340859.flac,archive_(1)_ASVspoof2019_LA,audio,bonafide,0,val,.flac
C:\Users\paruc\Downloads\archive (1)\LA\LA\ASVspoof2019_LA_dev\flac\LA_D_6016215.flac,archive_(1)_ASVspoof2019_LA,audio,bonafide,0,val,.flac
C:\Users\paruc\Downloads\archive (1)\LA\LA\ASVspoof2019_LA_dev\flac\LA_D_4228839.flac,archive_(1)_ASVspoof2019_LA,audio,bonafide,0,val,.flac
C:\Users\paruc\Downloads\archive (1)\LA\LA\ASVspoof2019_LA_dev\flac\LA_D_3256006.flac,archive_(1)_ASVspoof2019_LA,audio,spoof,1,val,.flac
C:\Users\paruc\Downloads\archive (1)\LA\LA\ASVspoof2019_LA_dev\flac\LA_D_8107939.flac,archive_(1)_ASVspoof2019_LA,audio,spoof,1,val,.flac
C:\Users\paruc\Downloads\archive (1)\LA\LA\ASVspoof2019_LA_dev\flac\LA_D_3233966.flac,archive_(1)_ASVspoof2019_LA,audio,bonafide,0,val,.flac
C:\Users\paruc\Downloads\archive (1)\LA\LA\ASVspoof2019_LA_dev\flac\LA_D_8596240.flac,archive_(1)_ASVspoof2019_LA,audio,bonafide,0,val,.flac
C:\Users\paruc\Downloads\archive (1)\LA\LA\ASVspoof2019_LA_dev\flac\LA_D_5763793.flac,archive_(1)_ASVspoof2019_LA,audio,spoof,1,val,.flac
C:\Users\paruc\Downloads\archive (1)\LA\LA\ASVspoof2019_LA_dev\flac\LA_D_1988752.flac,archive_(1)_ASVspoof2019_LA,audio,bonafide,0,val,.flac
C:\Users\paruc\Downloads\archive (1)\LA\LA\ASVspoof2019_LA_dev\flac\LA_D_7765457.flac,archive_(1)_ASVspoof2019_LA,audio,spoof,1,val,.flac
C:\Users\paruc\Downloads\archive (1)\LA\LA\ASVspoof2019_LA_dev\flac\LA_D_2531373.flac,archive_(1)_ASVspoof2019_LA,audio,bonafide,0,val,.flac
C:\Users\paruc\Downloads\archive (1)\LA\LA\ASVspoof2019_LA_dev\flac\LA_D_7455203.flac,archive_(1)_ASVspoof2019_LA,audio,spoof,1,val,.flac
C:\Users\paruc\Downloads\archive (1)\LA\LA\ASVspoof2019_LA_dev\flac\LA_D_2265780.flac,archive_(1)_ASVspoof2019_LA,audio,spoof,1,val,.flac
C:\Users\paruc\Downloads\archive (1)\LA\LA\ASVspoof2019_LA_dev\flac\LA_D_3670696.flac,archive_(1)_ASVspoof2019_LA,audio,spoof,1,val,.flac
C:\Users\paruc\Downloads\archive (1)\LA\LA\ASVspoof2019_LA_dev\flac\LA_D_8322305.flac,archive_(1)_ASVspoof2019_LA,audio,bonafide,0,val,.flac
C:\Users\paruc\Downloads\archive (1)\LA\LA\ASVspoof2019_LA_dev\flac\LA_D_3008473.flac,archive_(1)_ASVspoof2019_LA,audio,spoof,1,val,.flac
C:\Users\paruc\Downloads\archive (1)\LA\LA\ASVspoof2019_LA_dev\flac\LA_D_5588765.flac,archive_(1)_ASVspoof2019_LA,audio,bonafide,0,val,.flac
C:\Users\paruc\Downloads\archive (1)\LA\LA\ASVspoof2019_LA_dev\flac\LA_D_8060997.flac,archive_(1)_ASVspoof2019_LA,audio,spoof,1,val,.flac
C:\Users\paruc\Downloads\archive (1)\LA\LA\ASVspoof2019_LA_dev\flac\LA_D_8222020.flac,archive_(1)_ASVspoof2019_LA,audio,bonafide,0,val,.flac
C:\Users\paruc\Downloads\archive (1)\LA\LA\ASVspoof2019_LA_dev\flac\LA_D_4457189.flac,archive_(1)_ASVspoof2019_LA,audio,bonafide,0,val,.flac
C:\Users\paruc\Downloads\archive (1)\LA\LA\ASVspoof2019_LA_dev\flac\LA_D_9863362.flac,archive_(1)_ASVspoof2019_LA,audio,spoof,1,val,.flac
C:\Users\paruc\Downloads\archive (1)\LA\LA\ASVspoof2019_LA_dev\flac\LA_D_4931376.flac,archive_(1)_ASVspoof2019_LA,audio,spoof,1,val,.flac
C:\Users\paruc\Downloads\archive (1)\LA\LA\ASVspoof2019_LA_dev\flac\LA_D_5849020.flac,archive_(1)_ASVspoof2019_LA,audio,spoof,1,val,.flac
C:\Users\paruc\Downloads\archive (1)\LA\LA\ASVspoof2019_LA_dev\flac\LA_D_7406573.flac,archive_(1)_ASVspoof2019_LA,audio,spoof,1,val,.flac
C:\Users\paruc\Downloads\archive (1)\LA\LA\ASVspoof2019_LA_dev\flac\LA_D_1608618.flac,archive_(1)_ASVspoof2019_LA,audio,spoof,1,val,.flac
C:\Users\paruc\Downloads\archive (1)\LA\LA\ASVspoof2019_LA_dev\flac\LA_D_1932175.flac,archive_(1)_ASVspoof2019_LA,audio,bonafide,0,val,.flac
C:\Users\paruc\Downloads\archive (1)\LA\LA\ASVspoof2019_LA_dev\flac\LA_D_5808517.flac,archive_(1)_ASVspoof2019_LA,audio,bonafide,0,val,.flac
C:\Users\paruc\Downloads\archive (1)\LA\LA\ASVspoof2019_LA_dev\flac\LA_D_1941143.flac,archive_(1)_ASVspoof2019_LA,audio,spoof,1,val,.flac
C:\Users\paruc\Downloads\archive (1)\LA\LA\ASVspoof2019_LA_dev\flac\LA_D_6941127.flac,archive_(1)_ASVspoof2019_LA,audio,spoof,1,val,.flac
C:\Users\paruc\Downloads\archive (1)\LA\LA\ASVspoof2019_LA_dev\flac\LA_D_8681156.flac,archive_(1)_ASVspoof2019_LA,audio,bonafide,0,val,.flac
C:\Users\paruc\Downloads\archive (1)\LA\LA\ASVspoof2019_LA_dev\flac\LA_D_3129993.flac,archive_(1)_ASVspoof2019_LA,audio,spoof,1,val,.flac
C:\Users\paruc\Downloads\archive (1)\LA\LA\ASVspoof2019_LA_dev\flac\LA_D_9117374.flac,archive_(1)_ASVspoof2019_LA,audio,bonafide,0,val,.flac
C:\Users\paruc\Downloads\archive (1)\LA\LA\ASVspoof2019_LA_dev\flac\LA_D_1077260.flac,archive_(1)_ASVspoof2019_LA,audio,spoof,1,val,.flac
C:\Users\paruc\Downloads\archive (1)\LA\LA\ASVspoof2019_LA_dev\flac\LA_D_5682639.flac,archive_(1)_ASVspoof2019_LA,audio,spoof,1,val,.flac
C:\Users\paruc\Downloads\archive (1)\LA\LA\ASVspoof2019_LA_dev\flac\LA_D_7375721.flac,archive_(1)_ASVspoof2019_LA,audio,spoof,1,val,.flac
C:\Users\paruc\Downloads\archive (1)\LA\LA\ASVspoof2019_LA_dev\flac\LA_D_2540693.flac,archive_(1)_ASVspoof2019_LA,audio,spoof,1,val,.flac
C:\Users\paruc\Downloads\archive (1)\LA\LA\ASVspoof2019_LA_dev\flac\LA_D_8042846.flac,archive_(1)_ASVspoof2019_LA,audio,bonafide,0,val,.flac
C:\Users\paruc\Downloads\archive (1)\LA\LA\ASVspoof2019_LA_dev\flac\LA_D_7494873.flac,archive_(1)_ASVspoof2019_LA,audio,bonafide,0,val,.flac
C:\Users\paruc\Downloads\archive (1)\LA\LA\ASVspoof2019_LA_dev\flac\LA_D_3415474.flac,archive_(1)_ASVspoof2019_LA,audio,spoof,1,val,.flac
C:\Users\paruc\Downloads\archive (1)\LA\LA\ASVspoof2019_LA_dev\flac\LA_D_4076814.flac,archive_(1)_ASVspoof2019_LA,audio,bonafide,0,val,.flac
C:\Users\paruc\Downloads\archive (1)\LA\LA\ASVspoof2019_LA_dev\flac\LA_D_4372097.flac,archive_(1)_ASVspoof2019_LA,audio,spoof,1,val,.flac
C:\Users\paruc\Downloads\archive (1)\LA\LA\ASVspoof2019_LA_dev\flac\LA_D_2630786.flac,archive_(1)_ASVspoof2019_LA,audio,spoof,1,val,.flac
C:\Users\paruc\Downloads\archive (1)\LA\LA\ASVspoof2019_LA_dev\flac\LA_D_4675196.flac,archive_(1)_ASVspoof2019_LA,audio,bonafide,0,val,.flac
C:\Users\paruc\Downloads\archive (1)\LA\LA\ASVspoof2019_LA_dev\flac\LA_D_6404620.flac,archive_(1)_ASVspoof2019_LA,audio,spoof,1,val,.flac
C:\Users\paruc\Downloads\archive (1)\LA\LA\ASVspoof2019_LA_dev\flac\LA_D_6043519.flac,archive_(1)_ASVspoof2019_LA,audio,bonafide,0,val,.flac
C:\Users\paruc\Downloads\archive (1)\LA\LA\ASVspoof2019_LA_dev\flac\LA_D_5285977.flac,archive_(1)_ASVspoof2019_LA,audio,spoof,1,val,.flac
C:\Users\paruc\Downloads\archive (1)\LA\LA\ASVspoof2019_LA_dev\flac\LA_D_5900571.flac,archive_(1)_ASVspoof2019_LA,audio,spoof,1,val,.flac
C:\Users\paruc\Downloads\archive (1)\LA\LA\ASVspoof2019_LA_dev\flac\LA_D_3444541.flac,archive_(1)_ASVspoof2019_LA,audio,bonafide,0,val,.flac
C:\Users\paruc\Downloads\archive (1)\LA\LA\ASVspoof2019_LA_dev\flac\LA_D_7185044.flac,archive_(1)_ASVspoof2019_LA,audio,bonafide,0,val,.flac
C:\Users\paruc\Downloads\archive (1)\LA\LA\ASVspoof2019_LA_dev\flac\LA_D_5226379.flac,archive_(1)_ASVspoof2019_LA,audio,bonafide,0,val,.flac
C:\Users\paruc\Downloads\archive (1)\LA\LA\ASVspoof2019_LA_dev\flac\LA_D_1677234.flac,archive_(1)_ASVspoof2019_LA,audio,spoof,1,val,.flac
C:\Users\paruc\Downloads\archive (1)\LA\LA\ASVspoof2019_LA_dev\flac\LA_D_8199907.flac,archive_(1)_ASVspoof2019_LA,audio,spoof,1,val,.flac
C:\Users\paruc\Downloads\archive (1)\LA\LA\ASVspoof2019_LA_dev\flac\LA_D_5597462.flac,archive_(1)_ASVspoof2019_LA,audio,spoof,1,val,.flac
C:\Users\paruc\Downloads\archive (1)\LA\LA\ASVspoof2019_LA_dev\flac\LA_D_9241229.flac,archive_(1)_ASVspoof2019_LA,audio,bonafide,0,val,.flac
C:\Users\paruc\Downloads\archive (1)\LA\LA\ASVspoof2019_LA_dev\flac\LA_D_7824980.flac,archive_(1)_ASVspoof2019_LA,audio,spoof,1,val,.flac
C:\Users\paruc\Downloads\archive (1)\LA\LA\ASVspoof2019_LA_dev\flac\LA_D_9136883.flac,archive_(1)_ASVspoof2019_LA,audio,spoof,1,val,.flac
C:\Users\paruc\Downloads\archive (1)\LA\LA\ASVspoof2019_LA_dev\flac\LA_D_9841868.flac,archive_(1)_ASVspoof2019_LA,audio,bonafide,0,val,.flac
C:\Users\paruc\Downloads\archive (1)\LA\LA\ASVspoof2019_LA_dev\flac\LA_D_8315307.flac,archive_(1)_ASVspoof2019_LA,audio,spoof,1,val,.flac
C:\Users\paruc\Downloads\archive (1)\LA\LA\ASVspoof2019_LA_dev\flac\LA_D_5655965.flac,archive_(1)_ASVspoof2019_LA,audio,bonafide,0,val,.flac
C:\Users\paruc\Downloads\archive (1)\LA\LA\ASVspoof2019_LA_dev\flac\LA_D_8728622.flac,archive_(1)_ASVspoof2019_LA,audio,spoof,1,val,.flac
C:\Users\paruc\Downloads\archive (1)\LA\LA\ASVspoof2019_LA_dev\flac\LA_D_1849134.flac,archive_(1)_ASVspoof2019_LA,audio,bonafide,0,val,.flac
C:\Users\paruc\Downloads\archive (1)\LA\LA\ASVspoof2019_LA_dev\flac\LA_D_6632470.flac,archive_(1)_ASVspoof2019_LA,audio,spoof,1,val,.flac
C:\Users\paruc\Downloads\archive (1)\LA\LA\ASVspoof2019_LA_dev\flac\LA_D_1299444.flac,archive_(1)_ASVspoof2019_LA,audio,spoof,1,val,.flac
C:\Users\paruc\Downloads\archive (1)\LA\LA\ASVspoof2019_LA_dev\flac\LA_D_6688232.flac,archive_(1)_ASVspoof2019_LA,audio,spoof,1,val,.flac
C:\Users\paruc\Downloads\archive (1)\LA\LA\ASVspoof2019_LA_dev\flac\LA_D_6413013.flac,archive_(1)_ASVspoof2019_LA,audio,spoof,1,val,.flac
C:\Users\paruc\Downloads\archive (1)\LA\LA\ASVspoof2019_LA_dev\flac\LA_D_1704161.flac,archive_(1)_ASVspoof2019_LA,audio,spoof,1,val,.flac
C:\Users\paruc\Downloads\archive (1)\LA\LA\ASVspoof2019_LA_dev\flac\LA_D_7523717.flac,archive_(1)_ASVspoof2019_LA,audio,spoof,1,val,.flac
C:\Users\paruc\Downloads\archive (1)\LA\LA\ASVspoof2019_LA_dev\flac\LA_D_2194998.flac,archive_(1)_ASVspoof2019_LA,audio,spoof,1,val,.flac
C:\Users\paruc\Downloads\archive (1)\LA\LA\ASVspoof2019_LA_dev\flac\LA_D_2485218.flac,archive_(1)_ASVspoof2019_LA,audio,bonafide,0,val,.flac
C:\Users\paruc\Downloads\archive (1)\LA\LA\ASVspoof2019_LA_dev\flac\LA_D_7311677.flac,archive_(1)_ASVspoof2019_LA,audio,spoof,1,val,.flac
C:\Users\paruc\Downloads\archive (1)\LA\LA\ASVspoof2019_LA_dev\flac\LA_D_5965283.flac,archive_(1)_ASVspoof2019_LA,audio,bonafide,0,val,.flac
C:\Users\paruc\Downloads\archive (1)\LA\LA\ASVspoof2019_LA_dev\flac\LA_D_4457621.flac,archive_(1)_ASVspoof2019_LA,audio,bonafide,0,val,.flac
C:\Users\paruc\Downloads\archive (1)\LA\LA\ASVspoof2019_LA_dev\flac\LA_D_7795465.flac,archive_(1)_ASVspoof2019_LA,audio,spoof,1,val,.flac
C:\Users\paruc\Downloads\archive (1)\LA\LA\ASVspoof2019_LA_dev\flac\LA_D_6339751.flac,archive_(1)_ASVspoof2019_LA,audio,bonafide,0,val,.flac
C:\Users\paruc\Downloads\archive (1)\LA\LA\ASVspoof2019_LA_dev\flac\LA_D_7145015.flac,archive_(1)_ASVspoof2019_LA,audio,spoof,1,val,.flac
C:\Users\paruc\Downloads\archive (1)\LA\LA\ASVspoof2019_LA_dev\flac\LA_D_7667162.flac,archive_(1)_ASVspoof2019_LA,audio,spoof,1,val,.flac
C:\Users\paruc\Downloads\archive (1)\LA\LA\ASVspoof2019_LA_dev\flac\LA_D_4586853.flac,archive_(1)_ASVspoof2019_LA,audio,bonafide,0,val,.flac
C:\Users\paruc\Downloads\archive (1)\LA\LA\ASVspoof2019_LA_dev\flac\LA_D_4717087.flac,archive_(1)_ASVspoof2019_LA,audio,bonafide,0,val,.flac
C:\Users\paruc\Downloads\archive (1)\LA\LA\ASVspoof2019_LA_dev\flac\LA_D_4896049.flac,archive_(1)_ASVspoof2019_LA,audio,bonafide,0,val,.flac
C:\Users\paruc\Downloads\archive (1)\LA\LA\ASVspoof2019_LA_dev\flac\LA_D_4857618.flac,archive_(1)_ASVspoof2019_LA,audio,spoof,1,val,.flac
C:\Users\paruc\Downloads\archive (1)\LA\LA\ASVspoof2019_LA_dev\flac\LA_D_2612254.flac,archive_(1)_ASVspoof2019_LA,audio,bonafide,0,val,.flac
C:\Users\paruc\Downloads\archive (1)\LA\LA\ASVspoof2019_LA_dev\flac\LA_D_3299949.flac,archive_(1)_ASVspoof2019_LA,audio,bonafide,0,val,.flac
C:\Users\paruc\Downloads\archive (1)\LA\LA\ASVspoof2019_LA_dev\flac\LA_D_6642454.flac,archive_(1)_ASVspoof2019_LA,audio,bonafide,0,val,.flac
C:\Users\paruc\Downloads\archive (1)\LA\LA\ASVspoof2019_LA_dev\flac\LA_D_8652135.flac,archive_(1)_ASVspoof2019_LA,audio,spoof,1,val,.flac
C:\Users\paruc\Downloads\archive (1)\LA\LA\ASVspoof2019_LA_dev\flac\LA_D_6245432.flac,archive_(1)_ASVspoof2019_LA,audio,bonafide,0,val,.flac
C:\Users\paruc\Downloads\archive (1)\LA\LA\ASVspoof2019_LA_dev\flac\LA_D_9676445.flac,archive_(1)_ASVspoof2019_LA,audio,bonafide,0,val,.flac
C:\Users\paruc\Downloads\archive (1)\LA\LA\ASVspoof2019_LA_dev\flac\LA_D_9762038.flac,archive_(1)_ASVspoof2019_LA,audio,bonafide,0,val,.flac
C:\Users\paruc\Downloads\archive (1)\LA\LA\ASVspoof2019_LA_dev\flac\LA_D_2586002.flac,archive_(1)_ASVspoof2019_LA,audio,spoof,1,val,.flac
C:\Users\paruc\Downloads\archive (1)\LA\LA\ASVspoof2019_LA_dev\flac\LA_D_1518150.flac,archive_(1)_ASVspoof2019_LA,audio,bonafide,0,val,.flac
C:\Users\paruc\Downloads\archive (1)\LA\LA\ASVspoof2019_LA_dev\flac\LA_D_2578749.flac,archive_(1)_ASVspoof2019_LA,audio,bonafide,0,val,.flac
C:\Users\paruc\Downloads\archive (1)\LA\LA\ASVspoof2019_LA_dev\flac\LA_D_7627311.flac,archive_(1)_ASVspoof2019_LA,audio,spoof,1,val,.flac
C:\Users\paruc\Downloads\archive (1)\LA\LA\ASVspoof2019_LA_dev\flac\LA_D_4343772.flac,archive_(1)_ASVspoof2019_LA,audio,spoof,1,val,.flac
C:\Users\paruc\Downloads\archive (1)\LA\LA\ASVspoof2019_LA_dev\flac\LA_D_5397434.flac,archive_(1)_ASVspoof2019_LA,audio,spoof,1,val,.flac
C:\Users\paruc\Downloads\archive (1)\LA\LA\ASVspoof2019_LA_dev\flac\LA_D_9780696.flac,archive_(1)_ASVspoof2019_LA,audio,bonafide,0,val,.flac
C:\Users\paruc\Downloads\archive (1)\LA\LA\ASVspoof2019_LA_dev\flac\LA_D_8674678.flac,archive_(1)_ASVspoof2019_LA,audio,spoof,1,val,.flac
C:\Users\paruc\Downloads\archive (1)\LA\LA\ASVspoof2019_LA_dev\flac\LA_D_5875571.flac,archive_(1)_ASVspoof2019_LA,audio,spoof,1,val,.flac
C:\Users\paruc\Downloads\archive (1)\LA\LA\ASVspoof2019_LA_dev\flac\LA_D_2063490.flac,archive_(1)_ASVspoof2019_LA,audio,spoof,1,val,.flac
C:\Users\paruc\Downloads\archive (1)\LA\LA\ASVspoof2019_LA_dev\flac\LA_D_2666751.flac,archive_(1)_ASVspoof2019_LA,audio,bonafide,0,val,.flac
C:\Users\paruc\Downloads\archive (1)\LA\LA\ASVspoof2019_LA_dev\flac\LA_D_7380433.flac,archive_(1)_ASVspoof2019_LA,audio,spoof,1,val,.flac
C:\Users\paruc\Downloads\archive (1)\LA\LA\ASVspoof2019_LA_dev\flac\LA_D_3601430.flac,archive_(1)_ASVspoof2019_LA,audio,bonafide,0,val,.flac
C:\Users\paruc\Downloads\archive (1)\LA\LA\ASVspoof2019_LA_dev\flac\LA_D_5292101.flac,archive_(1)_ASVspoof2019_LA,audio,bonafide,0,val,.flac
C:\Users\paruc\Downloads\archive (1)\LA\LA\ASVspoof2019_LA_dev\flac\LA_D_9252037.flac,archive_(1)_ASVspoof2019_LA,audio,spoof,1,val,.flac
C:\Users\paruc\Downloads\archive (1)\LA\LA\ASVspoof2019_LA_dev\flac\LA_D_3362112.flac,archive_(1)_ASVspoof2019_LA,audio,spoof,1,val,.flac
C:\Users\paruc\Downloads\archive (1)\LA\LA\ASVspoof2019_LA_dev\flac\LA_D_1939545.flac,archive_(1)_ASVspoof2019_LA,audio,spoof,1,val,.flac
C:\Users\paruc\Downloads\archive (1)\LA\LA\ASVspoof2019_LA_dev\flac\LA_D_4021977.flac,archive_(1)_ASVspoof2019_LA,audio,spoof,1,val,.flac
C:\Users\paruc\Downloads\archive (1)\LA\LA\ASVspoof2019_LA_dev\flac\LA_D_3698358.flac,archive_(1)_ASVspoof2019_LA,audio,bonafide,0,val,.flac
C:\Users\paruc\Downloads\archive (1)\LA\LA\ASVspoof2019_LA_dev\flac\LA_D_2859709.flac,archive_(1)_ASVspoof2019_LA,audio,spoof,1,val,.flac
C:\Users\paruc\Downloads\archive (1)\LA\LA\ASVspoof2019_LA_dev\flac\LA_D_7974536.flac,archive_(1)_ASVspoof2019_LA,audio,bonafide,0,val,.flac
C:\Users\paruc\Downloads\archive (1)\LA\LA\ASVspoof2019_LA_dev\flac\LA_D_7215902.flac,archive_(1)_ASVspoof2019_LA,audio,bonafide,0,val,.flac
C:\Users\paruc\Downloads\archive (1)\LA\LA\ASVspoof2019_LA_dev\flac\LA_D_5899377.flac,archive_(1)_ASVspoof2019_LA,audio,spoof,1,val,.flac
C:\Users\paruc\Downloads\archive (1)\LA\LA\ASVspoof2019_LA_dev\flac\LA_D_5105872.flac,archive_(1)_ASVspoof2019_LA,audio,bonafide,0,val,.flac
C:\Users\paruc\Downloads\archive (1)\LA\LA\ASVspoof2019_LA_dev\flac\LA_D_9137331.flac,archive_(1)_ASVspoof2019_LA,audio,bonafide,0,val,.flac
C:\Users\paruc\Downloads\archive (1)\LA\LA\ASVspoof2019_LA_dev\flac\LA_D_4893461.flac,archive_(1)_ASVspoof2019_LA,audio,spoof,1,val,.flac
C:\Users\paruc\Downloads\archive (1)\LA\LA\ASVspoof2019_LA_dev\flac\LA_D_8494760.flac,archive_(1)_ASVspoof2019_LA,audio,bonafide,0,val,.flac
C:\Users\paruc\Downloads\archive (1)\LA\LA\ASVspoof2019_LA_dev\flac\LA_D_9679656.flac,archive_(1)_ASVspoof2019_LA,audio,bonafide,0,val,.flac
C:\Users\paruc\Downloads\archive (1)\LA\LA\ASVspoof2019_LA_dev\flac\LA_D_6749976.flac,archive_(1)_ASVspoof2019_LA,audio,bonafide,0,val,.flac
C:\Users\paruc\Downloads\archive (1)\LA\LA\ASVspoof2019_LA_dev\flac\LA_D_2452544.flac,archive_(1)_ASVspoof2019_LA,audio,bonafide,0,val,.flac
C:\Users\paruc\Downloads\archive (1)\LA\LA\ASVspoof2019_LA_dev\flac\LA_D_6067855.flac,archive_(1)_ASVspoof2019_LA,audio,bonafide,0,val,.flac
C:\Users\paruc\Downloads\archive (1)\LA\LA\ASVspoof2019_LA_dev\flac\LA_D_8486455.flac,archive_(1)_ASVspoof2019_LA,audio,spoof,1,val,.flac
C:\Users\paruc\Downloads\archive (1)\LA\LA\ASVspoof2019_LA_dev\flac\LA_D_7512726.flac,archive_(1)_ASVspoof2019_LA,audio,bonafide,0,val,.flac
C:\Users\paruc\Downloads\archive (1)\LA\LA\ASVspoof2019_LA_dev\flac\LA_D_2752105.flac,archive_(1)_ASVspoof2019_LA,audio,spoof,1,val,.flac
C:\Users\paruc\Downloads\archive (1)\LA\LA\ASVspoof2019_LA_dev\flac\LA_D_6596581.flac,archive_(1)_ASVspoof2019_LA,audio,spoof,1,val,.flac
C:\Users\paruc\Downloads\archive (1)\LA\LA\ASVspoof2019_LA_dev\flac\LA_D_9797194.flac,archive_(1)_ASVspoof2019_LA,audio,spoof,1,val,.flac
C:\Users\paruc\Downloads\archive (1)\LA\LA\ASVspoof2019_LA_dev\flac\LA_D_2462521.flac,archive_(1)_ASVspoof2019_LA,audio,bonafide,0,val,.flac
C:\Users\paruc\Downloads\archive (1)\LA\LA\ASVspoof2019_LA_dev\flac\LA_D_3197490.flac,archive_(1)_ASVspoof2019_LA,audio,spoof,1,val,.flac
C:\Users\paruc\Downloads\archive (1)\LA\LA\ASVspoof2019_LA_dev\flac\LA_D_6323757.flac,archive_(1)_ASVspoof2019_LA,audio,spoof,1,val,.flac
C:\Users\paruc\Downloads\archive (1)\LA\LA\ASVspoof2019_LA_dev\flac\LA_D_9602677.flac,archive_(1)_ASVspoof2019_LA,audio,bonafide,0,val,.flac
C:\Users\paruc\Downloads\archive (1)\LA\LA\ASVspoof2019_LA_dev\flac\LA_D_1071228.flac,archive_(1)_ASVspoof2019_LA,audio,spoof,1,val,.flac
C:\Users\paruc\Downloads\archive (1)\LA\LA\ASVspoof2019_LA_dev\flac\LA_D_1251682.flac,archive_(1)_ASVspoof2019_LA,audio,spoof,1,val,.flac
C:\Users\paruc\Downloads\archive (1)\LA\LA\ASVspoof2019_LA_dev\flac\LA_D_9253093.flac,archive_(1)_ASVspoof2019_LA,audio,bonafide,0,val,.flac
C:\Users\paruc\Downloads\archive (1)\LA\LA\ASVspoof2019_LA_dev\flac\LA_D_1824180.flac,archive_(1)_ASVspoof2019_LA,audio,bonafide,0,val,.flac
C:\Users\paruc\Downloads\archive (1)\LA\LA\ASVspoof2019_LA_dev\flac\LA_D_3495464.flac,archive_(1)_ASVspoof2019_LA,audio,bonafide,0,val,.flac
C:\Users\paruc\Downloads\archive (1)\LA\LA\ASVspoof2019_LA_dev\flac\LA_D_8361964.flac,archive_(1)_ASVspoof2019_LA,audio,bonafide,0,val,.flac
C:\Users\paruc\Downloads\archive (1)\LA\LA\ASVspoof2019_LA_dev\flac\LA_D_2334643.flac,archive_(1)_ASVspoof2019_LA,audio,bonafide,0,val,.flac
C:\Users\paruc\Downloads\archive (1)\LA\LA\ASVspoof2019_LA_dev\flac\LA_D_6609968.flac,archive_(1)_ASVspoof2019_LA,audio,bonafide,0,val,.flac
C:\Users\paruc\Downloads\archive (1)\LA\LA\ASVspoof2019_LA_dev\flac\LA_D_5868407.flac,archive_(1)_ASVspoof2019_LA,audio,bonafide,0,val,.flac
C:\Users\paruc\Downloads\archive (1)\LA\LA\ASVspoof2019_LA_dev\flac\LA_D_7691845.flac,archive_(1)_ASVspoof2019_LA,audio,bonafide,0,val,.flac
C:\Users\paruc\Downloads\archive (1)\LA\LA\ASVspoof2019_LA_dev\flac\LA_D_7092752.flac,archive_(1)_ASVspoof2019_LA,audio,spoof,1,val,.flac
C:\Users\paruc\Downloads\archive (1)\LA\LA\ASVspoof2019_LA_dev\flac\LA_D_4611322.flac,archive_(1)_ASVspoof2019_LA,audio,spoof,1,val,.flac
C:\Users\paruc\Downloads\archive (1)\LA\LA\ASVspoof2019_LA_dev\flac\LA_D_3691360.flac,archive_(1)_ASVspoof2019_LA,audio,bonafide,0,val,.flac
C:\Users\paruc\Downloads\archive (1)\LA\LA\ASVspoof2019_LA_dev\flac\LA_D_6166623.flac,archive_(1)_ASVspoof2019_LA,audio,spoof,1,val,.flac
C:\Users\paruc\Downloads\archive (1)\LA\LA\ASVspoof2019_LA_dev\flac\LA_D_1056334.flac,archive_(1)_ASVspoof2019_LA,audio,bonafide,0,val,.flac
C:\Users\paruc\Downloads\archive (1)\LA\LA\ASVspoof2019_LA_dev\flac\LA_D_9820486.flac,archive_(1)_ASVspoof2019_LA,audio,spoof,1,val,.flac
C:\Users\paruc\Downloads\archive (1)\LA\LA\ASVspoof2019_LA_dev\flac\LA_D_6878952.flac,archive_(1)_ASVspoof2019_LA,audio,spoof,1,val,.flac
C:\Users\paruc\Downloads\archive (1)\LA\LA\ASVspoof2019_LA_dev\flac\LA_D_4936646.flac,archive_(1)_ASVspoof2019_LA,audio,spoof,1,val,.flac
C:\Users\paruc\Downloads\archive (1)\LA\LA\ASVspoof2019_LA_dev\flac\LA_D_6266231.flac,archive_(1)_ASVspoof2019_LA,audio,bonafide,0,val,.flac
C:\Users\paruc\Downloads\archive (1)\LA\LA\ASVspoof2019_LA_dev\flac\LA_D_2906873.flac,archive_(1)_ASVspoof2019_LA,audio,bonafide,0,val,.flac
C:\Users\paruc\Downloads\archive (1)\LA\LA\ASVspoof2019_LA_dev\flac\LA_D_8100591.flac,archive_(1)_ASVspoof2019_LA,audio,bonafide,0,val,.flac
C:\Users\paruc\Downloads\archive (1)\LA\LA\ASVspoof2019_LA_dev\flac\LA_D_4489969.flac,archive_(1)_ASVspoof2019_LA,audio,bonafide,0,val,.flac
C:\Users\paruc\Downloads\archive (1)\LA\LA\ASVspoof2019_LA_dev\flac\LA_D_2813154.flac,archive_(1)_ASVspoof2019_LA,audio,bonafide,0,val,.flac
C:\Users\paruc\Downloads\archive (1)\LA\LA\ASVspoof2019_LA_dev\flac\LA_D_4941408.flac,archive_(1)_ASVspoof2019_LA,audio,spoof,1,val,.flac
C:\Users\paruc\Downloads\archive (1)\LA\LA\ASVspoof2019_LA_dev\flac\LA_D_9996570.flac,archive_(1)_ASVspoof2019_LA,audio,bonafide,0,val,.flac
C:\Users\paruc\Downloads\archive (1)\LA\LA\ASVspoof2019_LA_dev\flac\LA_D_8030349.flac,archive_(1)_ASVspoof2019_LA,audio,spoof,1,val,.flac
C:\Users\paruc\Downloads\archive (1)\LA\LA\ASVspoof2019_LA_dev\flac\LA_D_6551642.flac,archive_(1)_ASVspoof2019_LA,audio,spoof,1,val,.flac
C:\Users\paruc\Downloads\archive (1)\LA\LA\ASVspoof2019_LA_dev\flac\LA_D_5846104.flac,archive_(1)_ASVspoof2019_LA,audio,bonafide,0,val,.flac
C:\Users\paruc\Downloads\archive (1)\LA\LA\ASVspoof2019_LA_dev\flac\LA_D_7760578.flac,archive_(1)_ASVspoof2019_LA,audio,bonafide,0,val,.flac
C:\Users\paruc\Downloads\archive (1)\LA\LA\ASVspoof2019_LA_dev\flac\LA_D_1691193.flac,archive_(1)_ASVspoof2019_LA,audio,spoof,1,val,.flac
C:\Users\paruc\Downloads\archive (1)\LA\LA\ASVspoof2019_LA_dev\flac\LA_D_4043035.flac,archive_(1)_ASVspoof2019_LA,audio,spoof,1,val,.flac
C:\Users\paruc\Downloads\archive (1)\LA\LA\ASVspoof2019_LA_dev\flac\LA_D_2572361.flac,archive_(1)_ASVspoof2019_LA,audio,spoof,1,val,.flac
C:\Users\paruc\Downloads\archive (1)\LA\LA\ASVspoof2019_LA_dev\flac\LA_D_9726894.flac,archive_(1)_ASVspoof2019_LA,audio,bonafide,0,val,.flac
C:\Users\paruc\Downloads\archive (1)\LA\LA\ASVspoof2019_LA_dev\flac\LA_D_5875439.flac,archive_(1)_ASVspoof2019_LA,audio,spoof,1,val,.flac
C:\Users\paruc\Downloads\archive (1)\LA\LA\ASVspoof2019_LA_dev\flac\LA_D_1429741.flac,archive_(1)_ASVspoof2019_LA,audio,spoof,1,val,.flac
C:\Users\paruc\Downloads\archive (1)\LA\LA\ASVspoof2019_LA_dev\flac\LA_D_4769999.flac,archive_(1)_ASVspoof2019_LA,audio,spoof,1,val,.flac
C:\Users\paruc\Downloads\archive (1)\LA\LA\ASVspoof2019_LA_dev\flac\LA_D_6701637.flac,archive_(1)_ASVspoof2019_LA,audio,spoof,1,test,.flac
C:\Users\paruc\Downloads\archive (1)\LA\LA\ASVspoof2019_LA_dev\flac\LA_D_2684373.flac,archive_(1)_ASVspoof2019_LA,audio,bonafide,0,test,.flac
C:\Users\paruc\Downloads\archive (1)\LA\LA\ASVspoof2019_LA_dev\flac\LA_D_1090286.flac,archive_(1)_ASVspoof2019_LA,audio,bonafide,0,test,.flac
C:\Users\paruc\Downloads\archive (1)\LA\LA\ASVspoof2019_LA_dev\flac\LA_D_4747124.flac,archive_(1)_ASVspoof2019_LA,audio,bonafide,0,test,.flac
C:\Users\paruc\Downloads\archive (1)\LA\LA\ASVspoof2019_LA_dev\flac\LA_D_2066393.flac,archive_(1)_ASVspoof2019_LA,audio,bonafide,0,test,.flac
C:\Users\paruc\Downloads\archive (1)\LA\LA\ASVspoof2019_LA_dev\flac\LA_D_5236826.flac,archive_(1)_ASVspoof2019_LA,audio,spoof,1,test,.flac
C:\Users\paruc\Downloads\archive (1)\LA\LA\ASVspoof2019_LA_dev\flac\LA_D_9786399.flac,archive_(1)_ASVspoof2019_LA,audio,bonafide,0,test,.flac
C:\Users\paruc\Downloads\archive (1)\LA\LA\ASVspoof2019_LA_dev\flac\LA_D_4918359.flac,archive_(1)_ASVspoof2019_LA,audio,spoof,1,test,.flac
C:\Users\paruc\Downloads\archive (1)\LA\LA\ASVspoof2019_LA_dev\flac\LA_D_9345040.flac,archive_(1)_ASVspoof2019_LA,audio,spoof,1,test,.flac
C:\Users\paruc\Downloads\archive (1)\LA\LA\ASVspoof2019_LA_dev\flac\LA_D_4313841.flac,archive_(1)_ASVspoof2019_LA,audio,spoof,1,test,.flac
C:\Users\paruc\Downloads\archive (1)\LA\LA\ASVspoof2019_LA_dev\flac\LA_D_7148850.flac,archive_(1)_ASVspoof2019_LA,audio,bonafide,0,test,.flac
C:\Users\paruc\Downloads\archive (1)\LA\LA\ASVspoof2019_LA_dev\flac\LA_D_5187334.flac,archive_(1)_ASVspoof2019_LA,audio,spoof,1,test,.flac
C:\Users\paruc\Downloads\archive (1)\LA\LA\ASVspoof2019_LA_dev\flac\LA_D_6958359.flac,archive_(1)_ASVspoof2019_LA,audio,spoof,1,test,.flac
C:\Users\paruc\Downloads\archive (1)\LA\LA\ASVspoof2019_LA_dev\flac\LA_D_5086183.flac,archive_(1)_ASVspoof2019_LA,audio,bonafide,0,test,.flac
C:\Users\paruc\Downloads\archive (1)\LA\LA\ASVspoof2019_LA_dev\flac\LA_D_1133783.flac,archive_(1)_ASVspoof2019_LA,audio,spoof,1,test,.flac
C:\Users\paruc\Downloads\archive (1)\LA\LA\ASVspoof2019_LA_dev\flac\LA_D_9578667.flac,archive_(1)_ASVspoof2019_LA,audio,spoof,1,test,.flac
C:\Users\paruc\Downloads\archive (1)\LA\LA\ASVspoof2019_LA_dev\flac\LA_D_9024538.flac,archive_(1)_ASVspoof2019_LA,audio,spoof,1,test,.flac
C:\Users\paruc\Downloads\archive (1)\LA\LA\ASVspoof2019_LA_dev\flac\LA_D_4925465.flac,archive_(1)_ASVspoof2019_LA,audio,spoof,1,test,.flac
C:\Users\paruc\Downloads\archive (1)\LA\LA\ASVspoof2019_LA_dev\flac\LA_D_2559281.flac,archive_(1)_ASVspoof2019_LA,audio,bonafide,0,test,.flac
C:\Users\paruc\Downloads\archive (1)\LA\LA\ASVspoof2019_LA_dev\flac\LA_D_4571818.flac,archive_(1)_ASVspoof2019_LA,audio,bonafide,0,test,.flac
C:\Users\paruc\Downloads\archive (1)\LA\LA\ASVspoof2019_LA_dev\flac\LA_D_6853055.flac,archive_(1)_ASVspoof2019_LA,audio,bonafide,0,test,.flac
C:\Users\paruc\Downloads\archive (1)\LA\LA\ASVspoof2019_LA_dev\flac\LA_D_7149543.flac,archive_(1)_ASVspoof2019_LA,audio,spoof,1,test,.flac
C:\Users\paruc\Downloads\archive (1)\LA\LA\ASVspoof2019_LA_dev\flac\LA_D_4289756.flac,archive_(1)_ASVspoof2019_LA,audio,bonafide,0,test,.flac
C:\Users\paruc\Downloads\archive (1)\LA\LA\ASVspoof2019_LA_dev\flac\LA_D_3485019.flac,archive_(1)_ASVspoof2019_LA,audio,spoof,1,test,.flac
C:\Users\paruc\Downloads\archive (1)\LA\LA\ASVspoof2019_LA_dev\flac\LA_D_1714107.flac,archive_(1)_ASVspoof2019_LA,audio,spoof,1,test,.flac
C:\Users\paruc\Downloads\archive (1)\LA\LA\ASVspoof2019_LA_dev\flac\LA_D_5855069.flac,archive_(1)_ASVspoof2019_LA,audio,bonafide,0,test,.flac
C:\Users\paruc\Downloads\archive (1)\LA\LA\ASVspoof2019_LA_dev\flac\LA_D_5331264.flac,archive_(1)_ASVspoof2019_LA,audio,bonafide,0,test,.flac
C:\Users\paruc\Downloads\archive (1)\LA\LA\ASVspoof2019_LA_dev\flac\LA_D_3752691.flac,archive_(1)_ASVspoof2019_LA,audio,spoof,1,test,.flac
C:\Users\paruc\Downloads\archive (1)\LA\LA\ASVspoof2019_LA_dev\flac\LA_D_5521273.flac,archive_(1)_ASVspoof2019_LA,audio,bonafide,0,test,.flac
C:\Users\paruc\Downloads\archive (1)\LA\LA\ASVspoof2019_LA_dev\flac\LA_D_8282334.flac,archive_(1)_ASVspoof2019_LA,audio,spoof,1,test,.flac
C:\Users\paruc\Downloads\archive (1)\LA\LA\ASVspoof2019_LA_dev\flac\LA_D_6410181.flac,archive_(1)_ASVspoof2019_LA,audio,bonafide,0,test,.flac
C:\Users\paruc\Downloads\archive (1)\LA\LA\ASVspoof2019_LA_dev\flac\LA_D_5513082.flac,archive_(1)_ASVspoof2019_LA,audio,bonafide,0,test,.flac
C:\Users\paruc\Downloads\archive (1)\LA\LA\ASVspoof2019_LA_dev\flac\LA_D_1431487.flac,archive_(1)_ASVspoof2019_LA,audio,bonafide,0,test,.flac
C:\Users\paruc\Downloads\archive (1)\LA\LA\ASVspoof2019_LA_dev\flac\LA_D_7297214.flac,archive_(1)_ASVspoof2019_LA,audio,spoof,1,test,.flac
C:\Users\paruc\Downloads\archive (1)\LA\LA\ASVspoof2019_LA_dev\flac\LA_D_2833762.flac,archive_(1)_ASVspoof2019_LA,audio,spoof,1,test,.flac
C:\Users\paruc\Downloads\archive (1)\LA\LA\ASVspoof2019_LA_dev\flac\LA_D_1648291.flac,archive_(1)_ASVspoof2019_LA,audio,bonafide,0,test,.flac
C:\Users\paruc\Downloads\archive (1)\LA\LA\ASVspoof2019_LA_dev\flac\LA_D_5918359.flac,archive_(1)_ASVspoof2019_LA,audio,spoof,1,test,.flac
C:\Users\paruc\Downloads\archive (1)\LA\LA\ASVspoof2019_LA_dev\flac\LA_D_9712400.flac,archive_(1)_ASVspoof2019_LA,audio,bonafide,0,test,.flac
C:\Users\paruc\Downloads\archive (1)\LA\LA\ASVspoof2019_LA_dev\flac\LA_D_3373431.flac,archive_(1)_ASVspoof2019_LA,audio,bonafide,0,test,.flac
C:\Users\paruc\Downloads\archive (1)\LA\LA\ASVspoof2019_LA_dev\flac\LA_D_9646150.flac,archive_(1)_ASVspoof2019_LA,audio,spoof,1,test,.flac
C:\Users\paruc\Downloads\archive (1)\LA\LA\ASVspoof2019_LA_dev\flac\LA_D_1118839.flac,archive_(1)_ASVspoof2019_LA,audio,bonafide,0,test,.flac
C:\Users\paruc\Downloads\archive (1)\LA\LA\ASVspoof2019_LA_dev\flac\LA_D_5420932.flac,archive_(1)_ASVspoof2019_LA,audio,spoof,1,test,.flac
C:\Users\paruc\Downloads\archive (1)\LA\LA\ASVspoof2019_LA_dev\flac\LA_D_3666430.flac,archive_(1)_ASVspoof2019_LA,audio,spoof,1,test,.flac
C:\Users\paruc\Downloads\archive (1)\LA\LA\ASVspoof2019_LA_dev\flac\LA_D_2832141.flac,archive_(1)_ASVspoof2019_LA,audio,bonafide,0,test,.flac
C:\Users\paruc\Downloads\archive (1)\LA\LA\ASVspoof2019_LA_dev\flac\LA_D_8942125.flac,archive_(1)_ASVspoof2019_LA,audio,bonafide,0,test,.flac
C:\Users\paruc\Downloads\archive (1)\LA\LA\ASVspoof2019_LA_dev\flac\LA_D_1975885.flac,archive_(1)_ASVspoof2019_LA,audio,bonafide,0,test,.flac
C:\Users\paruc\Downloads\archive (1)\LA\LA\ASVspoof2019_LA_dev\flac\LA_D_5268777.flac,archive_(1)_ASVspoof2019_LA,audio,spoof,1,test,.flac
C:\Users\paruc\Downloads\archive (1)\LA\LA\ASVspoof2019_LA_dev\flac\LA_D_3673803.flac,archive_(1)_ASVspoof2019_LA,audio,spoof,1,test,.flac
C:\Users\paruc\Downloads\archive (1)\LA\LA\ASVspoof2019_LA_dev\flac\LA_D_2929419.flac,archive_(1)_ASVspoof2019_LA,audio,spoof,1,test,.flac
C:\Users\paruc\Downloads\archive (1)\LA\LA\ASVspoof2019_LA_dev\flac\LA_D_8117787.flac,archive_(1)_ASVspoof2019_LA,audio,bonafide,0,test,.flac
C:\Users\paruc\Downloads\archive (1)\LA\LA\ASVspoof2019_LA_dev\flac\LA_D_8986635.flac,archive_(1)_ASVspoof2019_LA,audio,spoof,1,test,.flac
C:\Users\paruc\Downloads\archive (1)\LA\LA\ASVspoof2019_LA_dev\flac\LA_D_7760476.flac,archive_(1)_ASVspoof2019_LA,audio,spoof,1,test,.flac
C:\Users\paruc\Downloads\archive (1)\LA\LA\ASVspoof2019_LA_dev\flac\LA_D_2129411.flac,archive_(1)_ASVspoof2019_LA,audio,spoof,1,test,.flac
C:\Users\paruc\Downloads\archive (1)\LA\LA\ASVspoof2019_LA_dev\flac\LA_D_8197154.flac,archive_(1)_ASVspoof2019_LA,audio,bonafide,0,test,.flac
C:\Users\paruc\Downloads\archive (1)\LA\LA\ASVspoof2019_LA_dev\flac\LA_D_3865687.flac,archive_(1)_ASVspoof2019_LA,audio,spoof,1,test,.flac
C:\Users\paruc\Downloads\archive (1)\LA\LA\ASVspoof2019_LA_dev\flac\LA_D_4962492.flac,archive_(1)_ASVspoof2019_LA,audio,bonafide,0,test,.flac
C:\Users\paruc\Downloads\archive (1)\LA\LA\ASVspoof2019_LA_dev\flac\LA_D_1108281.flac,archive_(1)_ASVspoof2019_LA,audio,spoof,1,test,.flac
C:\Users\paruc\Downloads\archive (1)\LA\LA\ASVspoof2019_LA_dev\flac\LA_D_5409509.flac,archive_(1)_ASVspoof2019_LA,audio,spoof,1,test,.flac
C:\Users\paruc\Downloads\archive (1)\LA\LA\ASVspoof2019_LA_dev\flac\LA_D_1896334.flac,archive_(1)_ASVspoof2019_LA,audio,bonafide,0,test,.flac
C:\Users\paruc\Downloads\archive (1)\LA\LA\ASVspoof2019_LA_dev\flac\LA_D_9027095.flac,archive_(1)_ASVspoof2019_LA,audio,bonafide,0,test,.flac
C:\Users\paruc\Downloads\archive (1)\LA\LA\ASVspoof2019_LA_dev\flac\LA_D_3315214.flac,archive_(1)_ASVspoof2019_LA,audio,bonafide,0,test,.flac
C:\Users\paruc\Downloads\archive (1)\LA\LA\ASVspoof2019_LA_dev\flac\LA_D_3784822.flac,archive_(1)_ASVspoof2019_LA,audio,bonafide,0,test,.flac
C:\Users\paruc\Downloads\archive (1)\LA\LA\ASVspoof2019_LA_dev\flac\LA_D_7901021.flac,archive_(1)_ASVspoof2019_LA,audio,bonafide,0,test,.flac
C:\Users\paruc\Downloads\archive (1)\LA\LA\ASVspoof2019_LA_dev\flac\LA_D_8701513.flac,archive_(1)_ASVspoof2019_LA,audio,spoof,1,test,.flac
C:\Users\paruc\Downloads\archive (1)\LA\LA\ASVspoof2019_LA_dev\flac\LA_D_1511694.flac,archive_(1)_ASVspoof2019_LA,audio,bonafide,0,test,.flac
C:\Users\paruc\Downloads\archive (1)\LA\LA\ASVspoof2019_LA_dev\flac\LA_D_9607719.flac,archive_(1)_ASVspoof2019_LA,audio,spoof,1,test,.flac
C:\Users\paruc\Downloads\archive (1)\LA\LA\ASVspoof2019_LA_dev\flac\LA_D_9497869.flac,archive_(1)_ASVspoof2019_LA,audio,spoof,1,test,.flac
C:\Users\paruc\Downloads\archive (1)\LA\LA\ASVspoof2019_LA_dev\flac\LA_D_3055819.flac,archive_(1)_ASVspoof2019_LA,audio,spoof,1,test,.flac
C:\Users\paruc\Downloads\archive (1)\LA\LA\ASVspoof2019_LA_dev\flac\LA_D_2642614.flac,archive_(1)_ASVspoof2019_LA,audio,spoof,1,test,.flac
C:\Users\paruc\Downloads\archive (1)\LA\LA\ASVspoof2019_LA_dev\flac\LA_D_3154368.flac,archive_(1)_ASVspoof2019_LA,audio,bonafide,0,test,.flac
C:\Users\paruc\Downloads\archive (1)\LA\LA\ASVspoof2019_LA_dev\flac\LA_D_6614329.flac,archive_(1)_ASVspoof2019_LA,audio,bonafide,0,test,.flac
C:\Users\paruc\Downloads\archive (1)\LA\LA\ASVspoof2019_LA_dev\flac\LA_D_6509189.flac,archive_(1)_ASVspoof2019_LA,audio,bonafide,0,test,.flac
C:\Users\paruc\Downloads\archive (1)\LA\LA\ASVspoof2019_LA_dev\flac\LA_D_7030577.flac,archive_(1)_ASVspoof2019_LA,audio,bonafide,0,test,.flac
C:\Users\paruc\Downloads\archive (1)\LA\LA\ASVspoof2019_LA_dev\flac\LA_D_3432362.flac,archive_(1)_ASVspoof2019_LA,audio,spoof,1,test,.flac
C:\Users\paruc\Downloads\archive (1)\LA\LA\ASVspoof2019_LA_dev\flac\LA_D_8914938.flac,archive_(1)_ASVspoof2019_LA,audio,spoof,1,test,.flac
C:\Users\paruc\Downloads\archive (1)\LA\LA\ASVspoof2019_LA_dev\flac\LA_D_1024892.flac,archive_(1)_ASVspoof2019_LA,audio,bonafide,0,test,.flac
C:\Users\paruc\Downloads\archive (1)\LA\LA\ASVspoof2019_LA_dev\flac\LA_D_3576459.flac,archive_(1)_ASVspoof2019_LA,audio,bonafide,0,test,.flac
C:\Users\paruc\Downloads\archive (1)\LA\LA\ASVspoof2019_LA_dev\flac\LA_D_9498667.flac,archive_(1)_ASVspoof2019_LA,audio,bonafide,0,test,.flac
C:\Users\paruc\Downloads\archive (1)\LA\LA\ASVspoof2019_LA_dev\flac\LA_D_4864983.flac,archive_(1)_ASVspoof2019_LA,audio,spoof,1,test,.flac
C:\Users\paruc\Downloads\archive (1)\LA\LA\ASVspoof2019_LA_dev\flac\LA_D_1611432.flac,archive_(1)_ASVspoof2019_LA,audio,spoof,1,test,.flac
C:\Users\paruc\Downloads\archive (1)\LA\LA\ASVspoof2019_LA_dev\flac\LA_D_7079669.flac,archive_(1)_ASVspoof2019_LA,audio,spoof,1,test,.flac
C:\Users\paruc\Downloads\archive (1)\LA\LA\ASVspoof2019_LA_dev\flac\LA_D_7193826.flac,archive_(1)_ASVspoof2019_LA,audio,spoof,1,test,.flac
C:\Users\paruc\Downloads\archive (1)\LA\LA\ASVspoof2019_LA_dev\flac\LA_D_6646870.flac,archive_(1)_ASVspoof2019_LA,audio,spoof,1,test,.flac
C:\Users\paruc\Downloads\archive (1)\LA\LA\ASVspoof2019_LA_dev\flac\LA_D_9100339.flac,archive_(1)_ASVspoof2019_LA,audio,spoof,1,test,.flac
C:\Users\paruc\Downloads\archive (1)\LA\LA\ASVspoof2019_LA_dev\flac\LA_D_2120746.flac,archive_(1)_ASVspoof2019_LA,audio,spoof,1,test,.flac
C:\Users\paruc\Downloads\archive (1)\LA\LA\ASVspoof2019_LA_dev\flac\LA_D_3005942.flac,archive_(1)_ASVspoof2019_LA,audio,bonafide,0,test,.flac
C:\Users\paruc\Downloads\archive (1)\LA\LA\ASVspoof2019_LA_dev\flac\LA_D_5402192.flac,archive_(1)_ASVspoof2019_LA,audio,spoof,1,test,.flac
C:\Users\paruc\Downloads\archive (1)\LA\LA\ASVspoof2019_LA_dev\flac\LA_D_1199158.flac,archive_(1)_ASVspoof2019_LA,audio,bonafide,0,test,.flac
C:\Users\paruc\Downloads\archive (1)\LA\LA\ASVspoof2019_LA_dev\flac\LA_D_2812574.flac,archive_(1)_ASVspoof2019_LA,audio,spoof,1,test,.flac
C:\Users\paruc\Downloads\archive (1)\LA\LA\ASVspoof2019_LA_dev\flac\LA_D_7262880.flac,archive_(1)_ASVspoof2019_LA,audio,spoof,1,test,.flac
C:\Users\paruc\Downloads\archive (1)\LA\LA\ASVspoof2019_LA_dev\flac\LA_D_5934426.flac,archive_(1)_ASVspoof2019_LA,audio,bonafide,0,test,.flac
C:\Users\paruc\Downloads\archive (1)\LA\LA\ASVspoof2019_LA_dev\flac\LA_D_1660662.flac,archive_(1)_ASVspoof2019_LA,audio,bonafide,0,test,.flac
C:\Users\paruc\Downloads\archive (1)\LA\LA\ASVspoof2019_LA_dev\flac\LA_D_9896543.flac,archive_(1)_ASVspoof2019_LA,audio,spoof,1,test,.flac
C:\Users\paruc\Downloads\archive (1)\LA\LA\ASVspoof2019_LA_dev\flac\LA_D_2576930.flac,archive_(1)_ASVspoof2019_LA,audio,bonafide,0,test,.flac
C:\Users\paruc\Downloads\archive (1)\LA\LA\ASVspoof2019_LA_dev\flac\LA_D_9126745.flac,archive_(1)_ASVspoof2019_LA,audio,bonafide,0,test,.flac
C:\Users\paruc\Downloads\archive (1)\LA\LA\ASVspoof2019_LA_dev\flac\LA_D_7510202.flac,archive_(1)_ASVspoof2019_LA,audio,bonafide,0,test,.flac
C:\Users\paruc\Downloads\archive (1)\LA\LA\ASVspoof2019_LA_dev\flac\LA_D_5737821.flac,archive_(1)_ASVspoof2019_LA,audio,spoof,1,test,.flac
C:\Users\paruc\Downloads\archive (1)\LA\LA\ASVspoof2019_LA_dev\flac\LA_D_3787070.flac,archive_(1)_ASVspoof2019_LA,audio,bonafide,0,test,.flac
C:\Users\paruc\Downloads\archive (1)\LA\LA\ASVspoof2019_LA_dev\flac\LA_D_4683763.flac,archive_(1)_ASVspoof2019_LA,audio,spoof,1,test,.flac
C:\Users\paruc\Downloads\archive (1)\LA\LA\ASVspoof2019_LA_dev\flac\LA_D_5343035.flac,archive_(1)_ASVspoof2019_LA,audio,spoof,1,test,.flac
C:\Users\paruc\Downloads\archive (1)\LA\LA\ASVspoof2019_LA_dev\flac\LA_D_5441203.flac,archive_(1)_ASVspoof2019_LA,audio,spoof,1,test,.flac
C:\Users\paruc\Downloads\archive (1)\LA\LA\ASVspoof2019_LA_dev\flac\LA_D_5135042.flac,archive_(1)_ASVspoof2019_LA,audio,bonafide,0,test,.flac
C:\Users\paruc\Downloads\archive (1)\LA\LA\ASVspoof2019_LA_dev\flac\LA_D_1820875.flac,archive_(1)_ASVspoof2019_LA,audio,bonafide,0,test,.flac
C:\Users\paruc\Downloads\archive (1)\LA\LA\ASVspoof2019_LA_dev\flac\LA_D_3878203.flac,archive_(1)_ASVspoof2019_LA,audio,bonafide,0,test,.flac
C:\Users\paruc\Downloads\archive (1)\LA\LA\ASVspoof2019_LA_dev\flac\LA_D_1702465.flac,archive_(1)_ASVspoof2019_LA,audio,bonafide,0,test,.flac
C:\Users\paruc\Downloads\archive (1)\LA\LA\ASVspoof2019_LA_dev\flac\LA_D_7823985.flac,archive_(1)_ASVspoof2019_LA,audio,spoof,1,test,.flac
C:\Users\paruc\Downloads\archive (1)\LA\LA\ASVspoof2019_LA_dev\flac\LA_D_2265315.flac,archive_(1)_ASVspoof2019_LA,audio,bonafide,0,test,.flac
C:\Users\paruc\Downloads\archive (1)\LA\LA\ASVspoof2019_LA_dev\flac\LA_D_7811959.flac,archive_(1)_ASVspoof2019_LA,audio,spoof,1,test,.flac
C:\Users\paruc\Downloads\archive (1)\LA\LA\ASVspoof2019_LA_dev\flac\LA_D_3189890.flac,archive_(1)_ASVspoof2019_LA,audio,spoof,1,test,.flac
C:\Users\paruc\Downloads\archive (1)\LA\LA\ASVspoof2019_LA_dev\flac\LA_D_7765088.flac,archive_(1)_ASVspoof2019_LA,audio,bonafide,0,test,.flac
C:\Users\paruc\Downloads\archive (1)\LA\LA\ASVspoof2019_LA_dev\flac\LA_D_2130605.flac,archive_(1)_ASVspoof2019_LA,audio,bonafide,0,test,.flac
C:\Users\paruc\Downloads\archive (1)\LA\LA\ASVspoof2019_LA_dev\flac\LA_D_2541924.flac,archive_(1)_ASVspoof2019_LA,audio,spoof,1,test,.flac
C:\Users\paruc\Downloads\archive (1)\LA\LA\ASVspoof2019_LA_dev\flac\LA_D_4479461.flac,archive_(1)_ASVspoof2019_LA,audio,bonafide,0,test,.flac
C:\Users\paruc\Downloads\archive (1)\LA\LA\ASVspoof2019_LA_dev\flac\LA_D_8989585.flac,archive_(1)_ASVspoof2019_LA,audio,bonafide,0,test,.flac
C:\Users\paruc\Downloads\archive (1)\LA\LA\ASVspoof2019_LA_dev\flac\LA_D_6060780.flac,archive_(1)_ASVspoof2019_LA,audio,spoof,1,test,.flac
C:\Users\paruc\Downloads\archive (1)\LA\LA\ASVspoof2019_LA_dev\flac\LA_D_4341889.flac,archive_(1)_ASVspoof2019_LA,audio,bonafide,0,test,.flac
C:\Users\paruc\Downloads\archive (1)\LA\LA\ASVspoof2019_LA_dev\flac\LA_D_9567593.flac,archive_(1)_ASVspoof2019_LA,audio,bonafide,0,test,.flac
C:\Users\paruc\Downloads\archive (1)\LA\LA\ASVspoof2019_LA_dev\flac\LA_D_3116201.flac,archive_(1)_ASVspoof2019_LA,audio,bonafide,0,test,.flac
C:\Users\paruc\Downloads\archive (1)\LA\LA\ASVspoof2019_LA_dev\flac\LA_D_6046406.flac,archive_(1)_ASVspoof2019_LA,audio,bonafide,0,test,.flac
C:\Users\paruc\Downloads\archive (1)\LA\LA\ASVspoof2019_LA_dev\flac\LA_D_6252124.flac,archive_(1)_ASVspoof2019_LA,audio,bonafide,0,test,.flac
C:\Users\paruc\Downloads\archive (1)\LA\LA\ASVspoof2019_LA_dev\flac\LA_D_3567303.flac,archive_(1)_ASVspoof2019_LA,audio,bonafide,0,test,.flac
C:\Users\paruc\Downloads\archive (1)\LA\LA\ASVspoof2019_LA_dev\flac\LA_D_8277825.flac,archive_(1)_ASVspoof2019_LA,audio,bonafide,0,test,.flac
C:\Users\paruc\Downloads\archive (1)\LA\LA\ASVspoof2019_LA_dev\flac\LA_D_4453838.flac,archive_(1)_ASVspoof2019_LA,audio,spoof,1,test,.flac
C:\Users\paruc\Downloads\archive (1)\LA\LA\ASVspoof2019_LA_dev\flac\LA_D_2931790.flac,archive_(1)_ASVspoof2019_LA,audio,spoof,1,test,.flac
C:\Users\paruc\Downloads\archive (1)\LA\LA\ASVspoof2019_LA_dev\flac\LA_D_3740108.flac,archive_(1)_ASVspoof2019_LA,audio,spoof,1,test,.flac
C:\Users\paruc\Downloads\archive (1)\LA\LA\ASVspoof2019_LA_dev\flac\LA_D_5512289.flac,archive_(1)_ASVspoof2019_LA,audio,bonafide,0,test,.flac
C:\Users\paruc\Downloads\archive (1)\LA\LA\ASVspoof2019_LA_dev\flac\LA_D_1541720.flac,archive_(1)_ASVspoof2019_LA,audio,bonafide,0,test,.flac
C:\Users\paruc\Downloads\archive (1)\LA\LA\ASVspoof2019_LA_dev\flac\LA_D_6933658.flac,archive_(1)_ASVspoof2019_LA,audio,spoof,1,test,.flac
C:\Users\paruc\Downloads\archive (1)\LA\LA\ASVspoof2019_LA_dev\flac\LA_D_5194683.flac,archive_(1)_ASVspoof2019_LA,audio,spoof,1,test,.flac
C:\Users\paruc\Downloads\archive (1)\LA\LA\ASVspoof2019_LA_dev\flac\LA_D_9487713.flac,archive_(1)_ASVspoof2019_LA,audio,spoof,1,test,.flac
C:\Users\paruc\Downloads\archive (1)\LA\LA\ASVspoof2019_LA_dev\flac\LA_D_8128439.flac,archive_(1)_ASVspoof2019_LA,audio,spoof,1,test,.flac
C:\Users\paruc\Downloads\archive (1)\LA\LA\ASVspoof2019_LA_dev\flac\LA_D_6518159.flac,archive_(1)_ASVspoof2019_LA,audio,bonafide,0,test,.flac
C:\Users\paruc\Downloads\archive (1)\LA\LA\ASVspoof2019_LA_dev\flac\LA_D_7734687.flac,archive_(1)_ASVspoof2019_LA,audio,spoof,1,test,.flac
C:\Users\paruc\Downloads\archive (1)\LA\LA\ASVspoof2019_LA_dev\flac\LA_D_1544898.flac,archive_(1)_ASVspoof2019_LA,audio,bonafide,0,test,.flac
C:\Users\paruc\Downloads\archive (1)\LA\LA\ASVspoof2019_LA_dev\flac\LA_D_5617526.flac,archive_(1)_ASVspoof2019_LA,audio,bonafide,0,test,.flac
C:\Users\paruc\Downloads\archive (1)\LA\LA\ASVspoof2019_LA_dev\flac\LA_D_8174656.flac,archive_(1)_ASVspoof2019_LA,audio,spoof,1,test,.flac
C:\Users\paruc\Downloads\archive (1)\LA\LA\ASVspoof2019_LA_dev\flac\LA_D_9023318.flac,archive_(1)_ASVspoof2019_LA,audio,spoof,1,test,.flac
C:\Users\paruc\Downloads\archive (1)\LA\LA\ASVspoof2019_LA_dev\flac\LA_D_4918910.flac,archive_(1)_ASVspoof2019_LA,audio,spoof,1,test,.flac
C:\Users\paruc\Downloads\archive (1)\LA\LA\ASVspoof2019_LA_dev\flac\LA_D_1775562.flac,archive_(1)_ASVspoof2019_LA,audio,bonafide,0,test,.flac
C:\Users\paruc\Downloads\archive (1)\LA\LA\ASVspoof2019_LA_dev\flac\LA_D_8615165.flac,archive_(1)_ASVspoof2019_LA,audio,spoof,1,test,.flac
C:\Users\paruc\Downloads\archive (1)\LA\LA\ASVspoof2019_LA_dev\flac\LA_D_1027144.flac,archive_(1)_ASVspoof2019_LA,audio,spoof,1,test,.flac
C:\Users\paruc\Downloads\archive (1)\LA\LA\ASVspoof2019_LA_dev\flac\LA_D_1217069.flac,archive_(1)_ASVspoof2019_LA,audio,spoof,1,test,.flac
C:\Users\paruc\Downloads\archive (1)\LA\LA\ASVspoof2019_LA_dev\flac\LA_D_2289857.flac,archive_(1)_ASVspoof2019_LA,audio,bonafide,0,test,.flac
C:\Users\paruc\Downloads\archive (1)\LA\LA\ASVspoof2019_LA_dev\flac\LA_D_1415721.flac,archive_(1)_ASVspoof2019_LA,audio,spoof,1,test,.flac
C:\Users\paruc\Downloads\archive (1)\LA\LA\ASVspoof2019_LA_dev\flac\LA_D_5635914.flac,archive_(1)_ASVspoof2019_LA,audio,spoof,1,test,.flac
C:\Users\paruc\Downloads\archive (1)\LA\LA\ASVspoof2019_LA_dev\flac\LA_D_6187643.flac,archive_(1)_ASVspoof2019_LA,audio,spoof,1,test,.flac
C:\Users\paruc\Downloads\archive (1)\LA\LA\ASVspoof2019_LA_dev\flac\LA_D_3435784.flac,archive_(1)_ASVspoof2019_LA,audio,spoof,1,test,.flac
C:\Users\paruc\Downloads\archive (1)\LA\LA\ASVspoof2019_LA_dev\flac\LA_D_9185597.flac,archive_(1)_ASVspoof2019_LA,audio,spoof,1,test,.flac
C:\Users\paruc\Downloads\archive (1)\LA\LA\ASVspoof2019_LA_dev\flac\LA_D_1579120.flac,archive_(1)_ASVspoof2019_LA,audio,spoof,1,test,.flac
C:\Users\paruc\Downloads\archive (1)\LA\LA\ASVspoof2019_LA_dev\flac\LA_D_5701193.flac,archive_(1)_ASVspoof2019_LA,audio,bonafide,0,test,.flac
C:\Users\paruc\Downloads\archive (1)\LA\LA\ASVspoof2019_LA_dev\flac\LA_D_6357517.flac,archive_(1)_ASVspoof2019_LA,audio,spoof,1,test,.flac
C:\Users\paruc\Downloads\archive (1)\LA\LA\ASVspoof2019_LA_dev\flac\LA_D_9934703.flac,archive_(1)_ASVspoof2019_LA,audio,spoof,1,test,.flac
C:\Users\paruc\Downloads\archive (1)\LA\LA\ASVspoof2019_LA_dev\flac\LA_D_8751784.flac,archive_(1)_ASVspoof2019_LA,audio,spoof,1,test,.flac
C:\Users\paruc\Downloads\archive (1)\LA\LA\ASVspoof2019_LA_dev\flac\LA_D_7793386.flac,archive_(1)_ASVspoof2019_LA,audio,spoof,1,test,.flac
C:\Users\paruc\Downloads\archive (1)\LA\LA\ASVspoof2019_LA_dev\flac\LA_D_9915418.flac,archive_(1)_ASVspoof2019_LA,audio,spoof,1,test,.flac
C:\Users\paruc\Downloads\archive (1)\LA\LA\ASVspoof2019_LA_dev\flac\LA_D_7618637.flac,archive_(1)_ASVspoof2019_LA,audio,bonafide,0,test,.flac
C:\Users\paruc\Downloads\archive (1)\LA\LA\ASVspoof2019_LA_dev\flac\LA_D_2632718.flac,archive_(1)_ASVspoof2019_LA,audio,spoof,1,test,.flac
C:\Users\paruc\Downloads\archive (1)\LA\LA\ASVspoof2019_LA_dev\flac\LA_D_2223300.flac,archive_(1)_ASVspoof2019_LA,audio,spoof,1,test,.flac
C:\Users\paruc\Downloads\archive (1)\LA\LA\ASVspoof2019_LA_dev\flac\LA_D_5277511.flac,archive_(1)_ASVspoof2019_LA,audio,spoof,1,test,.flac
C:\Users\paruc\Downloads\archive (1)\LA\LA\ASVspoof2019_LA_dev\flac\LA_D_4277404.flac,archive_(1)_ASVspoof2019_LA,audio,spoof,1,test,.flac
C:\Users\paruc\Downloads\archive (1)\LA\LA\ASVspoof2019_LA_dev\flac\LA_D_5957995.flac,archive_(1)_ASVspoof2019_LA,audio,spoof,1,test,.flac
C:\Users\paruc\Downloads\archive (1)\LA\LA\ASVspoof2019_LA_dev\flac\LA_D_2306860.flac,archive_(1)_ASVspoof2019_LA,audio,spoof,1,test,.flac
C:\Users\paruc\Downloads\archive (1)\LA\LA\ASVspoof2019_LA_dev\flac\LA_D_7274481.flac,archive_(1)_ASVspoof2019_LA,audio,spoof,1,test,.flac
C:\Users\paruc\Downloads\archive (1)\LA\LA\ASVspoof2019_LA_dev\flac\LA_D_5467345.flac,archive_(1)_ASVspoof2019_LA,audio,bonafide,0,test,.flac
C:\Users\paruc\Downloads\archive (1)\LA\LA\ASVspoof2019_LA_dev\flac\LA_D_5091760.flac,archive_(1)_ASVspoof2019_LA,audio,spoof,1,test,.flac
C:\Users\paruc\Downloads\archive (1)\LA\LA\ASVspoof2019_LA_dev\flac\LA_D_5976013.flac,archive_(1)_ASVspoof2019_LA,audio,bonafide,0,test,.flac
C:\Users\paruc\Downloads\archive (1)\LA\LA\ASVspoof2019_LA_dev\flac\LA_D_2121128.flac,archive_(1)_ASVspoof2019_LA,audio,spoof,1,test,.flac
C:\Users\paruc\Downloads\archive (1)\LA\LA\ASVspoof2019_LA_dev\flac\LA_D_3231093.flac,archive_(1)_ASVspoof2019_LA,audio,spoof,1,test,.flac
C:\Users\paruc\Downloads\archive (1)\LA\LA\ASVspoof2019_LA_dev\flac\LA_D_3805926.flac,archive_(1)_ASVspoof2019_LA,audio,spoof,1,test,.flac
C:\Users\paruc\Downloads\archive (1)\LA\LA\ASVspoof2019_LA_dev\flac\LA_D_1685935.flac,archive_(1)_ASVspoof2019_LA,audio,spoof,1,test,.flac
C:\Users\paruc\Downloads\archive (1)\LA\LA\ASVspoof2019_LA_dev\flac\LA_D_7392284.flac,archive_(1)_ASVspoof2019_LA,audio,spoof,1,test,.flac
C:\Users\paruc\Downloads\archive (1)\LA\LA\ASVspoof2019_LA_dev\flac\LA_D_7166542.flac,archive_(1)_ASVspoof2019_LA,audio,spoof,1,test,.flac
C:\Users\paruc\Downloads\archive (1)\LA\LA\ASVspoof2019_LA_dev\flac\LA_D_8272605.flac,archive_(1)_ASVspoof2019_LA,audio,bonafide,0,test,.flac
C:\Users\paruc\Downloads\archive (1)\LA\LA\ASVspoof2019_LA_dev\flac\LA_D_6757692.flac,archive_(1)_ASVspoof2019_LA,audio,bonafide,0,test,.flac
C:\Users\paruc\Downloads\archive (1)\LA\LA\ASVspoof2019_LA_dev\flac\LA_D_2863133.flac,archive_(1)_ASVspoof2019_LA,audio,bonafide,0,test,.flac
C:\Users\paruc\Downloads\archive (1)\LA\LA\ASVspoof2019_LA_dev\flac\LA_D_4390516.flac,archive_(1)_ASVspoof2019_LA,audio,spoof,1,test,.flac
C:\Users\paruc\Downloads\archive (1)\LA\LA\ASVspoof2019_LA_dev\flac\LA_D_9209106.flac,archive_(1)_ASVspoof2019_LA,audio,spoof,1,test,.flac
C:\Users\paruc\Downloads\archive (1)\LA\LA\ASVspoof2019_LA_dev\flac\LA_D_7702354.flac,archive_(1)_ASVspoof2019_LA,audio,spoof,1,test,.flac
C:\Users\paruc\Downloads\archive (1)\LA\LA\ASVspoof2019_LA_dev\flac\LA_D_9716895.flac,archive_(1)_ASVspoof2019_LA,audio,bonafide,0,test,.flac
C:\Users\paruc\Downloads\archive (1)\LA\LA\ASVspoof2019_LA_dev\flac\LA_D_3289496.flac,archive_(1)_ASVspoof2019_LA,audio,bonafide,0,test,.flac
C:\Users\paruc\Downloads\archive (1)\LA\LA\ASVspoof2019_LA_dev\flac\LA_D_6563560.flac,archive_(1)_ASVspoof2019_LA,audio,spoof,1,test,.flac
C:\Users\paruc\Downloads\archive (1)\LA\LA\ASVspoof2019_LA_dev\flac\LA_D_9931422.flac,archive_(1)_ASVspoof2019_LA,audio,bonafide,0,test,.flac
C:\Users\paruc\Downloads\archive (1)\LA\LA\ASVspoof2019_LA_dev\flac\LA_D_7030836.flac,archive_(1)_ASVspoof2019_LA,audio,spoof,1,test,.flac
C:\Users\paruc\Downloads\archive (1)\LA\LA\ASVspoof2019_LA_dev\flac\LA_D_6505587.flac,archive_(1)_ASVspoof2019_LA,audio,spoof,1,test,.flac
C:\Users\paruc\Downloads\archive (1)\LA\LA\ASVspoof2019_LA_dev\flac\LA_D_2678908.flac,archive_(1)_ASVspoof2019_LA,audio,spoof,1,test,.flac
C:\Users\paruc\Downloads\archive (1)\LA\LA\ASVspoof2019_LA_dev\flac\LA_D_2149963.flac,archive_(1)_ASVspoof2019_LA,audio,bonafide,0,test,.flac
C:\Users\paruc\Downloads\archive (1)\LA\LA\ASVspoof2019_LA_dev\flac\LA_D_4190885.flac,archive_(1)_ASVspoof2019_LA,audio,spoof,1,test,.flac
C:\Users\paruc\Downloads\archive (1)\LA\LA\ASVspoof2019_LA_dev\flac\LA_D_8764814.flac,archive_(1)_ASVspoof2019_LA,audio,bonafide,0,test,.flac
C:\Users\paruc\Downloads\archive (1)\LA\LA\ASVspoof2019_LA_dev\flac\LA_D_9121123.flac,archive_(1)_ASVspoof2019_LA,audio,bonafide,0,test,.flac
C:\Users\paruc\Downloads\archive (1)\LA\LA\ASVspoof2019_LA_dev\flac\LA_D_1293230.flac,archive_(1)_ASVspoof2019_LA,audio,bonafide,0,test,.flac
C:\Users\paruc\Downloads\archive (1)\LA\LA\ASVspoof2019_LA_dev\flac\LA_D_7501292.flac,archive_(1)_ASVspoof2019_LA,audio,bonafide,0,test,.flac
C:\Users\paruc\Downloads\archive (1)\LA\LA\ASVspoof2019_LA_dev\flac\LA_D_7370520.flac,archive_(1)_ASVspoof2019_LA,audio,bonafide,0,test,.flac
C:\Users\paruc\Downloads\archive (1)\LA\LA\ASVspoof2019_LA_dev\flac\LA_D_7140023.flac,archive_(1)_ASVspoof2019_LA,audio,bonafide,0,test,.flac
C:\Users\paruc\Downloads\archive (1)\LA\LA\ASVspoof2019_LA_dev\flac\LA_D_3876129.flac,archive_(1)_ASVspoof2019_LA,audio,bonafide,0,test,.flac
C:\Users\paruc\Downloads\archive (1)\LA\LA\ASVspoof2019_LA_dev\flac\LA_D_1364611.flac,archive_(1)_ASVspoof2019_LA,audio,bonafide,0,test,.flac
C:\Users\paruc\Downloads\archive (1)\LA\LA\ASVspoof2019_LA_dev\flac\LA_D_5534887.flac,archive_(1)_ASVspoof2019_LA,audio,spoof,1,test,.flac
C:\Users\paruc\Downloads\archive (1)\LA\LA\ASVspoof2019_LA_dev\flac\LA_D_1482998.flac,archive_(1)_ASVspoof2019_LA,audio,bonafide,0,test,.flac
C:\Users\paruc\Downloads\archive (1)\LA\LA\ASVspoof2019_LA_dev\flac\LA_D_3064595.flac,archive_(1)_ASVspoof2019_LA,audio,bonafide,0,test,.flac
C:\Users\paruc\Downloads\archive (1)\LA\LA\ASVspoof2019_LA_dev\flac\LA_D_5896975.flac,archive_(1)_ASVspoof2019_LA,audio,spoof,1,test,.flac
C:\Users\paruc\Downloads\archive (1)\LA\LA\ASVspoof2019_LA_dev\flac\LA_D_3652642.flac,archive_(1)_ASVspoof2019_LA,audio,bonafide,0,test,.flac
C:\Users\paruc\Downloads\archive (1)\LA\LA\ASVspoof2019_LA_dev\flac\LA_D_5579476.flac,archive_(1)_ASVspoof2019_LA,audio,spoof,1,test,.flac
C:\Users\paruc\Downloads\archive (1)\LA\LA\ASVspoof2019_LA_dev\flac\LA_D_8235730.flac,archive_(1)_ASVspoof2019_LA,audio,spoof,1,test,.flac
C:\Users\paruc\Downloads\archive (1)\LA\LA\ASVspoof2019_LA_dev\flac\LA_D_4928990.flac,archive_(1)_ASVspoof2019_LA,audio,bonafide,0,test,.flac
C:\Users\paruc\Downloads\archive (1)\LA\LA\ASVspoof2019_LA_dev\flac\LA_D_8404215.flac,archive_(1)_ASVspoof2019_LA,audio,bonafide,0,test,.flac
C:\Users\paruc\Downloads\archive (1)\LA\LA\ASVspoof2019_LA_dev\flac\LA_D_8263452.flac,archive_(1)_ASVspoof2019_LA,audio,bonafide,0,test,.flac
C:\Users\paruc\Downloads\archive (1)\LA\LA\ASVspoof2019_LA_dev\flac\LA_D_4224972.flac,archive_(1)_ASVspoof2019_LA,audio,bonafide,0,test,.flac
C:\Users\paruc\Downloads\archive (1)\LA\LA\ASVspoof2019_LA_dev\flac\LA_D_2499680.flac,archive_(1)_ASVspoof2019_LA,audio,spoof,1,test,.flac
C:\Users\paruc\Downloads\archive (1)\LA\LA\ASVspoof2019_LA_dev\flac\LA_D_2290487.flac,archive_(1)_ASVspoof2019_LA,audio,spoof,1,test,.flac
C:\Users\paruc\Downloads\archive (1)\LA\LA\ASVspoof2019_LA_dev\flac\LA_D_1997529.flac,archive_(1)_ASVspoof2019_LA,audio,bonafide,0,test,.flac
C:\Users\paruc\Downloads\archive (1)\LA\LA\ASVspoof2019_LA_dev\flac\LA_D_2492206.flac,archive_(1)_ASVspoof2019_LA,audio,spoof,1,test,.flac
C:\Users\paruc\Downloads\archive (1)\LA\LA\ASVspoof2019_LA_dev\flac\LA_D_8933570.flac,archive_(1)_ASVspoof2019_LA,audio,bonafide,0,test,.flac
C:\Users\paruc\Downloads\archive (1)\LA\LA\ASVspoof2019_LA_dev\flac\LA_D_9471952.flac,archive_(1)_ASVspoof2019_LA,audio,bonafide,0,test,.flac
C:\Users\paruc\Downloads\archive (1)\LA\LA\ASVspoof2019_LA_dev\flac\LA_D_5911892.flac,archive_(1)_ASVspoof2019_LA,audio,spoof,1,test,.flac
C:\Users\paruc\Downloads\archive (1)\LA\LA\ASVspoof2019_LA_dev\flac\LA_D_6486723.flac,archive_(1)_ASVspoof2019_LA,audio,spoof,1,test,.flac
C:\Users\paruc\Downloads\archive (1)\LA\LA\ASVspoof2019_LA_dev\flac\LA_D_9814046.flac,archive_(1)_ASVspoof2019_LA,audio,bonafide,0,test,.flac
C:\Users\paruc\Downloads\archive (1)\LA\LA\ASVspoof2019_LA_dev\flac\LA_D_6113999.flac,archive_(1)_ASVspoof2019_LA,audio,bonafide,0,test,.flac
C:\Users\paruc\Downloads\archive (1)\LA\LA\ASVspoof2019_LA_dev\flac\LA_D_7391066.flac,archive_(1)_ASVspoof2019_LA,audio,bonafide,0,test,.flac
C:\Users\paruc\Downloads\archive (1)\LA\LA\ASVspoof2019_LA_dev\flac\LA_D_5623559.flac,archive_(1)_ASVspoof2019_LA,audio,bonafide,0,test,.flac
C:\Users\paruc\Downloads\archive (1)\LA\LA\ASVspoof2019_LA_dev\flac\LA_D_3898085.flac,archive_(1)_ASVspoof2019_LA,audio,bonafide,0,test,.flac
C:\Users\paruc\Downloads\archive (1)\LA\LA\ASVspoof2019_LA_dev\flac\LA_D_4463553.flac,archive_(1)_ASVspoof2019_LA,audio,spoof,1,test,.flac
C:\Users\paruc\Downloads\archive (1)\LA\LA\ASVspoof2019_LA_dev\flac\LA_D_2146561.flac,archive_(1)_ASVspoof2019_LA,audio,spoof,1,test,.flac
C:\Users\paruc\Downloads\archive (1)\LA\LA\ASVspoof2019_LA_dev\flac\LA_D_4608336.flac,archive_(1)_ASVspoof2019_LA,audio,spoof,1,test,.flac
C:\Users\paruc\Downloads\archive (1)\LA\LA\ASVspoof2019_LA_dev\flac\LA_D_3981572.flac,archive_(1)_ASVspoof2019_LA,audio,spoof,1,test,.flac
C:\Users\paruc\Downloads\archive (1)\LA\LA\ASVspoof2019_LA_dev\flac\LA_D_5188600.flac,archive_(1)_ASVspoof2019_LA,audio,bonafide,0,test,.flac
C:\Users\paruc\Downloads\archive (1)\LA\LA\ASVspoof2019_LA_dev\flac\LA_D_4341247.flac,archive_(1)_ASVspoof2019_LA,audio,spoof,1,test,.flac
C:\Users\paruc\Downloads\archive (1)\LA\LA\ASVspoof2019_LA_dev\flac\LA_D_9423280.flac,archive_(1)_ASVspoof2019_LA,audio,bonafide,0,test,.flac
C:\Users\paruc\Downloads\archive (1)\LA\LA\ASVspoof2019_LA_dev\flac\LA_D_3009969.flac,archive_(1)_ASVspoof2019_LA,audio,spoof,1,test,.flac
C:\Users\paruc\Downloads\archive (1)\LA\LA\ASVspoof2019_LA_dev\flac\LA_D_9441585.flac,archive_(1)_ASVspoof2019_LA,audio,bonafide,0,test,.flac
C:\Users\paruc\Downloads\archive (1)\LA\LA\ASVspoof2019_LA_dev\flac\LA_D_2927307.flac,archive_(1)_ASVspoof2019_LA,audio,bonafide,0,test,.flac
C:\Users\paruc\Downloads\archive (1)\LA\LA\ASVspoof2019_LA_dev\flac\LA_D_6060802.flac,archive_(1)_ASVspoof2019_LA,audio,spoof,1,test,.flac
C:\Users\paruc\Downloads\archive (1)\LA\LA\ASVspoof2019_LA_dev\flac\LA_D_1396983.flac,archive_(1)_ASVspoof2019_LA,audio,bonafide,0,test,.flac
C:\Users\paruc\Downloads\archive (1)\LA\LA\ASVspoof2019_LA_dev\flac\LA_D_4971078.flac,archive_(1)_ASVspoof2019_LA,audio,bonafide,0,test,.flac
C:\Users\paruc\Downloads\archive (1)\LA\LA\ASVspoof2019_LA_dev\flac\LA_D_2014253.flac,archive_(1)_ASVspoof2019_LA,audio,bonafide,0,test,.flac
C:\Users\paruc\Downloads\archive (1)\LA\LA\ASVspoof2019_LA_dev\flac\LA_D_1834056.flac,archive_(1)_ASVspoof2019_LA,audio,spoof,1,test,.flac
C:\Users\paruc\Downloads\archive (1)\LA\LA\ASVspoof2019_LA_dev\flac\LA_D_5984308.flac,archive_(1)_ASVspoof2019_LA,audio,bonafide,0,test,.flac
C:\Users\paruc\Downloads\archive (1)\LA\LA\ASVspoof2019_LA_dev\flac\LA_D_9960664.flac,archive_(1)_ASVspoof2019_LA,audio,bonafide,0,test,.flac
C:\Users\paruc\Downloads\archive (1)\LA\LA\ASVspoof2019_LA_dev\flac\LA_D_8926801.flac,archive_(1)_ASVspoof2019_LA,audio,spoof,1,test,.flac
C:\Users\paruc\Downloads\archive (1)\LA\LA\ASVspoof2019_LA_dev\flac\LA_D_6067380.flac,archive_(1)_ASVspoof2019_LA,audio,bonafide,0,test,.flac
C:\Users\paruc\Downloads\archive (1)\LA\LA\ASVspoof2019_LA_dev\flac\LA_D_1829406.flac,archive_(1)_ASVspoof2019_LA,audio,bonafide,0,test,.flac
C:\Users\paruc\Downloads\archive (1)\LA\LA\ASVspoof2019_LA_dev\flac\LA_D_5026692.flac,archive_(1)_ASVspoof2019_LA,audio,bonafide,0,test,.flac
C:\Users\paruc\Downloads\archive (1)\LA\LA\ASVspoof2019_LA_dev\flac\LA_D_1146285.flac,archive_(1)_ASVspoof2019_LA,audio,spoof,1,test,.flac
C:\Users\paruc\Downloads\archive (1)\LA\LA\ASVspoof2019_LA_dev\flac\LA_D_7312934.flac,archive_(1)_ASVspoof2019_LA,audio,spoof,1,test,.flac
C:\Users\paruc\Downloads\archive (1)\LA\LA\ASVspoof2019_LA_dev\flac\LA_D_3808406.flac,archive_(1)_ASVspoof2019_LA,audio,bonafide,0,test,.flac
C:\Users\paruc\Downloads\archive (1)\LA\LA\ASVspoof2019_LA_dev\flac\LA_D_4706408.flac,archive_(1)_ASVspoof2019_LA,audio,bonafide,0,test,.flac
C:\Users\paruc\Downloads\archive (1)\LA\LA\ASVspoof2019_LA_dev\flac\LA_D_5066833.flac,archive_(1)_ASVspoof2019_LA,audio,bonafide,0,test,.flac
C:\Users\paruc\Downloads\archive (1)\LA\LA\ASVspoof2019_LA_dev\flac\LA_D_3429746.flac,archive_(1)_ASVspoof2019_LA,audio,spoof,1,test,.flac
C:\Users\paruc\Downloads\archive (1)\LA\LA\ASVspoof2019_LA_dev\flac\LA_D_1911275.flac,archive_(1)_ASVspoof2019_LA,audio,bonafide,0,test,.flac
C:\Users\paruc\Downloads\archive (1)\LA\LA\ASVspoof2019_LA_dev\flac\LA_D_5240410.flac,archive_(1)_ASVspoof2019_LA,audio,bonafide,0,test,.flac
C:\Users\paruc\Downloads\archive (1)\LA\LA\ASVspoof2019_LA_dev\flac\LA_D_8087254.flac,archive_(1)_ASVspoof2019_LA,audio,bonafide,0,test,.flac
C:\Users\paruc\Downloads\archive (1)\LA\LA\ASVspoof2019_LA_dev\flac\LA_D_1888215.flac,archive_(1)_ASVspoof2019_LA,audio,bonafide,0,test,.flac
C:\Users\paruc\Downloads\archive (1)\LA\LA\ASVspoof2019_LA_dev\flac\LA_D_7063172.flac,archive_(1)_ASVspoof2019_LA,audio,spoof,1,test,.flac
C:\Users\paruc\Downloads\archive (1)\LA\LA\ASVspoof2019_LA_dev\flac\LA_D_6570628.flac,archive_(1)_ASVspoof2019_LA,audio,bonafide,0,test,.flac
C:\Users\paruc\Downloads\archive (1)\LA\LA\ASVspoof2019_LA_dev\flac\LA_D_9167206.flac,archive_(1)_ASVspoof2019_LA,audio,bonafide,0,test,.flac
C:\Users\paruc\Downloads\archive (1)\LA\LA\ASVspoof2019_LA_dev\flac\LA_D_9288302.flac,archive_(1)_ASVspoof2019_LA,audio,bonafide,0,test,.flac
C:\Users\paruc\Downloads\archive (1)\LA\LA\ASVspoof2019_LA_dev\flac\LA_D_4544395.flac,archive_(1)_ASVspoof2019_LA,audio,spoof,1,test,.flac
C:\Users\paruc\Downloads\archive (1)\LA\LA\ASVspoof2019_LA_dev\flac\LA_D_2949120.flac,archive_(1)_ASVspoof2019_LA,audio,spoof,1,test,.flac
C:\Users\paruc\Downloads\archive (1)\LA\LA\ASVspoof2019_LA_dev\flac\LA_D_4827346.flac,archive_(1)_ASVspoof2019_LA,audio,spoof,1,test,.flac
C:\Users\paruc\Downloads\archive (1)\LA\LA\ASVspoof2019_LA_dev\flac\LA_D_8759407.flac,archive_(1)_ASVspoof2019_LA,audio,bonafide,0,test,.flac
C:\Users\paruc\Downloads\archive (1)\LA\LA\ASVspoof2019_LA_dev\flac\LA_D_1567126.flac,archive_(1)_ASVspoof2019_LA,audio,bonafide,0,test,.flac
C:\Users\paruc\Downloads\archive (1)\LA\LA\ASVspoof2019_LA_dev\flac\LA_D_3252013.flac,archive_(1)_ASVspoof2019_LA,audio,spoof,1,test,.flac
C:\Users\paruc\Downloads\archive (1)\LA\LA\ASVspoof2019_LA_dev\flac\LA_D_6916843.flac,archive_(1)_ASVspoof2019_LA,audio,bonafide,0,test,.flac
C:\Users\paruc\Downloads\archive (1)\LA\LA\ASVspoof2019_LA_dev\flac\LA_D_7379319.flac,archive_(1)_ASVspoof2019_LA,audio,spoof,1,test,.flac
C:\Users\paruc\Downloads\archive (1)\LA\LA\ASVspoof2019_LA_dev\flac\LA_D_3548515.flac,archive_(1)_ASVspoof2019_LA,audio,bonafide,0,test,.flac
C:\Users\paruc\Downloads\archive (1)\LA\LA\ASVspoof2019_LA_dev\flac\LA_D_6371255.flac,archive_(1)_ASVspoof2019_LA,audio,spoof,1,test,.flac
C:\Users\paruc\Downloads\archive (1)\LA\LA\ASVspoof2019_LA_dev\flac\LA_D_7463826.flac,archive_(1)_ASVspoof2019_LA,audio,bonafide,0,test,.flac
C:\Users\paruc\Downloads\archive (1)\LA\LA\ASVspoof2019_LA_dev\flac\LA_D_6659622.flac,archive_(1)_ASVspoof2019_LA,audio,bonafide,0,test,.flac
C:\Users\paruc\Downloads\archive (1)\LA\LA\ASVspoof2019_LA_dev\flac\LA_D_9395386.flac,archive_(1)_ASVspoof2019_LA,audio,spoof,1,test,.flac
C:\Users\paruc\Downloads\archive (1)\LA\LA\ASVspoof2019_LA_dev\flac\LA_D_7525926.flac,archive_(1)_ASVspoof2019_LA,audio,bonafide,0,test,.flac
C:\Users\paruc\Downloads\archive (1)\LA\LA\ASVspoof2019_LA_dev\flac\LA_D_2936311.flac,archive_(1)_ASVspoof2019_LA,audio,spoof,1,test,.flac
C:\Users\paruc\Downloads\archive (1)\LA\LA\ASVspoof2019_LA_dev\flac\LA_D_6668024.flac,archive_(1)_ASVspoof2019_LA,audio,bonafide,0,test,.flac
C:\Users\paruc\Downloads\archive (1)\LA\LA\ASVspoof2019_LA_dev\flac\LA_D_7848357.flac,archive_(1)_ASVspoof2019_LA,audio,spoof,1,test,.flac
C:\Users\paruc\Downloads\archive (1)\LA\LA\ASVspoof2019_LA_dev\flac\LA_D_9460592.flac,archive_(1)_ASVspoof2019_LA,audio,bonafide,0,test,.flac
C:\Users\paruc\Downloads\archive (1)\LA\LA\ASVspoof2019_LA_dev\flac\LA_D_3524266.flac,archive_(1)_ASVspoof2019_LA,audio,bonafide,0,test,.flac
C:\Users\paruc\Downloads\archive (1)\LA\LA\ASVspoof2019_LA_dev\flac\LA_D_7813228.flac,archive_(1)_ASVspoof2019_LA,audio,bonafide,0,test,.flac
C:\Users\paruc\Downloads\archive (1)\LA\LA\ASVspoof2019_LA_dev\flac\LA_D_1389698.flac,archive_(1)_ASVspoof2019_LA,audio,bonafide,0,test,.flac
C:\Users\paruc\Downloads\archive (1)\LA\LA\ASVspoof2019_LA_dev\flac\LA_D_7251773.flac,archive_(1)_ASVspoof2019_LA,audio,spoof,1,test,.flac
C:\Users\paruc\Downloads\archive (1)\LA\LA\ASVspoof2019_LA_dev\flac\LA_D_7292143.flac,archive_(1)_ASVspoof2019_LA,audio,bonafide,0,test,.flac
C:\Users\paruc\Downloads\archive (1)\LA\LA\ASVspoof2019_LA_dev\flac\LA_D_5981100.flac,archive_(1)_ASVspoof2019_LA,audio,spoof,1,test,.flac
C:\Users\paruc\Downloads\archive (1)\LA\LA\ASVspoof2019_LA_dev\flac\LA_D_9758147.flac,archive_(1)_ASVspoof2019_LA,audio,bonafide,0,test,.flac
C:\Users\paruc\Downloads\archive (1)\LA\LA\ASVspoof2019_LA_dev\flac\LA_D_2365147.flac,archive_(1)_ASVspoof2019_LA,audio,bonafide,0,test,.flac
C:\Users\paruc\Downloads\archive (1)\LA\LA\ASVspoof2019_LA_dev\flac\LA_D_9193664.flac,archive_(1)_ASVspoof2019_LA,audio,bonafide,0,test,.flac
C:\Users\paruc\Downloads\archive (1)\LA\LA\ASVspoof2019_LA_dev\flac\LA_D_7401877.flac,archive_(1)_ASVspoof2019_LA,audio,spoof,1,test,.flac
C:\Users\paruc\Downloads\archive (1)\LA\LA\ASVspoof2019_LA_dev\flac\LA_D_7154160.flac,archive_(1)_ASVspoof2019_LA,audio,spoof,1,test,.flac
C:\Users\paruc\Downloads\archive (1)\LA\LA\ASVspoof2019_LA_dev\flac\LA_D_6134933.flac,archive_(1)_ASVspoof2019_LA,audio,bonafide,0,test,.flac
C:\Users\paruc\Downloads\archive (1)\LA\LA\ASVspoof2019_LA_dev\flac\LA_D_1793763.flac,archive_(1)_ASVspoof2019_LA,audio,bonafide,0,test,.flac
C:\Users\paruc\Downloads\archive (1)\LA\LA\ASVspoof2019_LA_dev\flac\LA_D_4366209.flac,archive_(1)_ASVspoof2019_LA,audio,bonafide,0,test,.flac
C:\Users\paruc\Downloads\archive (1)\LA\LA\ASVspoof2019_LA_dev\flac\LA_D_1898207.flac,archive_(1)_ASVspoof2019_LA,audio,bonafide,0,test,.flac
C:\Users\paruc\Downloads\archive (1)\LA\LA\ASVspoof2019_LA_dev\flac\LA_D_3205671.flac,archive_(1)_ASVspoof2019_LA,audio,bonafide,0,test,.flac
C:\Users\paruc\Downloads\archive (1)\LA\LA\ASVspoof2019_LA_dev\flac\LA_D_3681471.flac,archive_(1)_ASVspoof2019_LA,audio,spoof,1,test,.flac
C:\Users\paruc\Downloads\archive (1)\LA\LA\ASVspoof2019_LA_dev\flac\LA_D_1111470.flac,archive_(1)_ASVspoof2019_LA,audio,spoof,1,test,.flac
C:\Users\paruc\Downloads\archive (1)\LA\LA\ASVspoof2019_LA_dev\flac\LA_D_4159525.flac,archive_(1)_ASVspoof2019_LA,audio,spoof,1,test,.flac
C:\Users\paruc\Downloads\archive (1)\LA\LA\ASVspoof2019_LA_dev\flac\LA_D_6948624.flac,archive_(1)_ASVspoof2019_LA,audio,bonafide,0,test,.flac
C:\Users\paruc\Downloads\archive (1)\LA\LA\ASVspoof2019_LA_dev\flac\LA_D_6767175.flac,archive_(1)_ASVspoof2019_LA,audio,spoof,1,test,.flac
C:\Users\paruc\Downloads\archive (1)\LA\LA\ASVspoof2019_LA_dev\flac\LA_D_3459809.flac,archive_(1)_ASVspoof2019_LA,audio,bonafide,0,test,.flac
C:\Users\paruc\Downloads\archive (1)\LA\LA\ASVspoof2019_LA_dev\flac\LA_D_9597340.flac,archive_(1)_ASVspoof2019_LA,audio,bonafide,0,test,.flac
C:\Users\paruc\Downloads\archive (1)\LA\LA\ASVspoof2019_LA_dev\flac\LA_D_6639608.flac,archive_(1)_ASVspoof2019_LA,audio,spoof,1,test,.flac
C:\Users\paruc\Downloads\archive (1)\LA\LA\ASVspoof2019_LA_dev\flac\LA_D_2438768.flac,archive_(1)_ASVspoof2019_LA,audio,spoof,1,test,.flac
C:\Users\paruc\Downloads\archive (1)\LA\LA\ASVspoof2019_LA_dev\flac\LA_D_4441987.flac,archive_(1)_ASVspoof2019_LA,audio,bonafide,0,test,.flac
C:\Users\paruc\Downloads\archive (1)\LA\LA\ASVspoof2019_LA_dev\flac\LA_D_5648462.flac,archive_(1)_ASVspoof2019_LA,audio,bonafide,0,test,.flac
C:\Users\paruc\Downloads\archive (1)\LA\LA\ASVspoof2019_LA_dev\flac\LA_D_3747854.flac,archive_(1)_ASVspoof2019_LA,audio,spoof,1,test,.flac
C:\Users\paruc\Downloads\archive (1)\LA\LA\ASVspoof2019_LA_dev\flac\LA_D_3623206.flac,archive_(1)_ASVspoof2019_LA,audio,bonafide,0,test,.flac
C:\Users\paruc\Downloads\archive (1)\LA\LA\ASVspoof2019_LA_dev\flac\LA_D_5205883.flac,archive_(1)_ASVspoof2019_LA,audio,spoof,1,test,.flac
C:\Users\paruc\Downloads\archive (1)\LA\LA\ASVspoof2019_LA_dev\flac\LA_D_8567575.flac,archive_(1)_ASVspoof2019_LA,audio,spoof,1,test,.flac
C:\Users\paruc\Downloads\archive (1)\LA\LA\ASVspoof2019_LA_dev\flac\LA_D_2766423.flac,archive_(1)_ASVspoof2019_LA,audio,bonafide,0,test,.flac
C:\Users\paruc\Downloads\archive (1)\LA\LA\ASVspoof2019_LA_dev\flac\LA_D_8556149.flac,archive_(1)_ASVspoof2019_LA,audio,bonafide,0,test,.flac
C:\Users\paruc\Downloads\archive (1)\LA\LA\ASVspoof2019_LA_dev\flac\LA_D_2723030.flac,archive_(1)_ASVspoof2019_LA,audio,spoof,1,test,.flac
C:\Users\paruc\Downloads\archive (1)\LA\LA\ASVspoof2019_LA_dev\flac\LA_D_5700038.flac,archive_(1)_ASVspoof2019_LA,audio,bonafide,0,test,.flac
C:\Users\paruc\Downloads\archive (1)\LA\LA\ASVspoof2019_LA_dev\flac\LA_D_6578873.flac,archive_(1)_ASVspoof2019_LA,audio,spoof,1,test,.flac
C:\Users\paruc\Downloads\archive (1)\LA\LA\ASVspoof2019_LA_dev\flac\LA_D_1575443.flac,archive_(1)_ASVspoof2019_LA,audio,bonafide,0,test,.flac
C:\Users\paruc\Downloads\archive (1)\LA\LA\ASVspoof2019_LA_dev\flac\LA_D_3139557.flac,archive_(1)_ASVspoof2019_LA,audio,spoof,1,test,.flac
C:\Users\paruc\Downloads\archive (1)\LA\LA\ASVspoof2019_LA_dev\flac\LA_D_7386319.flac,archive_(1)_ASVspoof2019_LA,audio,spoof,1,test,.flac
C:\Users\paruc\Downloads\archive (1)\LA\LA\ASVspoof2019_LA_dev\flac\LA_D_6489536.flac,archive_(1)_ASVspoof2019_LA,audio,spoof,1,test,.flac
C:\Users\paruc\Downloads\archive (1)\LA\LA\ASVspoof2019_LA_dev\flac\LA_D_1125976.flac,archive_(1)_ASVspoof2019_LA,audio,bonafide,0,test,.flac
C:\Users\paruc\Downloads\archive (1)\LA\LA\ASVspoof2019_LA_dev\flac\LA_D_6810551.flac,archive_(1)_ASVspoof2019_LA,audio,bonafide,0,test,.flac
C:\Users\paruc\Downloads\archive (1)\LA\LA\ASVspoof2019_LA_dev\flac\LA_D_4903304.flac,archive_(1)_ASVspoof2019_LA,audio,bonafide,0,test,.flac
C:\Users\paruc\Downloads\archive (1)\LA\LA\ASVspoof2019_LA_dev\flac\LA_D_1669057.flac,archive_(1)_ASVspoof2019_LA,audio,spoof,1,test,.flac
C:\Users\paruc\Downloads\archive (1)\LA\LA\ASVspoof2019_LA_dev\flac\LA_D_4530450.flac,archive_(1)_ASVspoof2019_LA,audio,bonafide,0,test,.flac
C:\Users\paruc\Downloads\archive (1)\LA\LA\ASVspoof2019_LA_dev\flac\LA_D_1487726.flac,archive_(1)_ASVspoof2019_LA,audio,bonafide,0,test,.flac
C:\Users\paruc\Downloads\archive (1)\LA\LA\ASVspoof2019_LA_dev\flac\LA_D_1157084.flac,archive_(1)_ASVspoof2019_LA,audio,spoof,1,test,.flac
C:\Users\paruc\Downloads\archive (1)\LA\LA\ASVspoof2019_LA_dev\flac\LA_D_5607743.flac,archive_(1)_ASVspoof2019_LA,audio,bonafide,0,test,.flac
C:\Users\paruc\Downloads\archive (1)\LA\LA\ASVspoof2019_LA_dev\flac\LA_D_5879570.flac,archive_(1)_ASVspoof2019_LA,audio,bonafide,0,test,.flac
C:\Users\paruc\Downloads\archive (1)\LA\LA\ASVspoof2019_LA_dev\flac\LA_D_7066960.flac,archive_(1)_ASVspoof2019_LA,audio,bonafide,0,test,.flac
C:\Users\paruc\Downloads\archive (1)\LA\LA\ASVspoof2019_LA_dev\flac\LA_D_8693666.flac,archive_(1)_ASVspoof2019_LA,audio,spoof,1,test,.flac
C:\Users\paruc\Downloads\archive (1)\LA\LA\ASVspoof2019_LA_dev\flac\LA_D_6028756.flac,archive_(1)_ASVspoof2019_LA,audio,spoof,1,test,.flac
C:\Users\paruc\Downloads\archive (1)\LA\LA\ASVspoof2019_LA_dev\flac\LA_D_2423683.flac,archive_(1)_ASVspoof2019_LA,audio,bonafide,0,test,.flac
C:\Users\paruc\Downloads\archive (1)\LA\LA\ASVspoof2019_LA_dev\flac\LA_D_3775284.flac,archive_(1)_ASVspoof2019_LA,audio,spoof,1,test,.flac
C:\Users\paruc\Downloads\archive (1)\LA\LA\ASVspoof2019_LA_dev\flac\LA_D_1310938.flac,archive_(1)_ASVspoof2019_LA,audio,spoof,1,test,.flac
C:\Users\paruc\Downloads\archive (1)\LA\LA\ASVspoof2019_LA_dev\flac\LA_D_3954480.flac,archive_(1)_ASVspoof2019_LA,audio,spoof,1,test,.flac
C:\Users\paruc\Downloads\archive (1)\LA\LA\ASVspoof2019_LA_dev\flac\LA_D_6435582.flac,archive_(1)_ASVspoof2019_LA,audio,bonafide,0,test,.flac
C:\Users\paruc\Downloads\archive (1)\LA\LA\ASVspoof2019_LA_dev\flac\LA_D_2542296.flac,archive_(1)_ASVspoof2019_LA,audio,spoof,1,test,.flac
C:\Users\paruc\Downloads\archive (1)\LA\LA\ASVspoof2019_LA_dev\flac\LA_D_2218769.flac,archive_(1)_ASVspoof2019_LA,audio,spoof,1,test,.flac
C:\Users\paruc\Downloads\archive (1)\LA\LA\ASVspoof2019_LA_dev\flac\LA_D_7876973.flac,archive_(1)_ASVspoof2019_LA,audio,spoof,1,test,.flac
C:\Users\paruc\Downloads\archive (1)\LA\LA\ASVspoof2019_LA_dev\flac\LA_D_5081043.flac,archive_(1)_ASVspoof2019_LA,audio,spoof,1,test,.flac
C:\Users\paruc\Downloads\archive (1)\LA\LA\ASVspoof2019_LA_dev\flac\LA_D_2780780.flac,archive_(1)_ASVspoof2019_LA,audio,bonafide,0,test,.flac
C:\Users\paruc\Downloads\archive (1)\LA\LA\ASVspoof2019_LA_dev\flac\LA_D_7673547.flac,archive_(1)_ASVspoof2019_LA,audio,spoof,1,test,.flac
C:\Users\paruc\Downloads\archive (1)\LA\LA\ASVspoof2019_LA_dev\flac\LA_D_3819025.flac,archive_(1)_ASVspoof2019_LA,audio,bonafide,0,test,.flac
C:\Users\paruc\Downloads\archive (1)\LA\LA\ASVspoof2019_LA_dev\flac\LA_D_1549654.flac,archive_(1)_ASVspoof2019_LA,audio,spoof,1,test,.flac
C:\Users\paruc\Downloads\archive (1)\LA\LA\ASVspoof2019_LA_dev\flac\LA_D_6578659.flac,archive_(1)_ASVspoof2019_LA,audio,bonafide,0,test,.flac
C:\Users\paruc\Downloads\archive (1)\LA\LA\ASVspoof2019_LA_dev\flac\LA_D_8076309.flac,archive_(1)_ASVspoof2019_LA,audio,bonafide,0,test,.flac
C:\Users\paruc\Downloads\archive (1)\LA\LA\ASVspoof2019_LA_dev\flac\LA_D_4231672.flac,archive_(1)_ASVspoof2019_LA,audio,spoof,1,test,.flac
C:\Users\paruc\Downloads\archive (1)\LA\LA\ASVspoof2019_LA_dev\flac\LA_D_6826053.flac,archive_(1)_ASVspoof2019_LA,audio,spoof,1,test,.flac
C:\Users\paruc\Downloads\archive (1)\LA\LA\ASVspoof2019_LA_dev\flac\LA_D_3018635.flac,archive_(1)_ASVspoof2019_LA,audio,bonafide,0,test,.flac
C:\Users\paruc\Downloads\archive (1)\LA\LA\ASVspoof2019_LA_dev\flac\LA_D_7638211.flac,archive_(1)_ASVspoof2019_LA,audio,bonafide,0,test,.flac
C:\Users\paruc\Downloads\archive (1)\LA\LA\ASVspoof2019_LA_dev\flac\LA_D_2274164.flac,archive_(1)_ASVspoof2019_LA,audio,bonafide,0,test,.flac
C:\Users\paruc\Downloads\archive (1)\LA\LA\ASVspoof2019_LA_dev\flac\LA_D_5989648.flac,archive_(1)_ASVspoof2019_LA,audio,bonafide,0,test,.flac
C:\Users\paruc\Downloads\archive (1)\LA\LA\ASVspoof2019_LA_dev\flac\LA_D_6497345.flac,archive_(1)_ASVspoof2019_LA,audio,spoof,1,test,.flac
C:\Users\paruc\Downloads\archive (1)\LA\LA\ASVspoof2019_LA_dev\flac\LA_D_4534077.flac,archive_(1)_ASVspoof2019_LA,audio,bonafide,0,test,.flac
C:\Users\paruc\Downloads\archive (1)\LA\LA\ASVspoof2019_LA_dev\flac\LA_D_5977756.flac,archive_(1)_ASVspoof2019_LA,audio,spoof,1,test,.flac
C:\Users\paruc\Downloads\archive (1)\LA\LA\ASVspoof2019_LA_dev\flac\LA_D_6880419.flac,archive_(1)_ASVspoof2019_LA,audio,spoof,1,test,.flac
C:\Users\paruc\Downloads\archive (1)\LA\LA\ASVspoof2019_LA_dev\flac\LA_D_6231603.flac,archive_(1)_ASVspoof2019_LA,audio,spoof,1,test,.flac
C:\Users\paruc\Downloads\archive (1)\LA\LA\ASVspoof2019_LA_dev\flac\LA_D_9498483.flac,archive_(1)_ASVspoof2019_LA,audio,spoof,1,test,.flac
C:\Users\paruc\Downloads\archive (1)\LA\LA\ASVspoof2019_LA_dev\flac\LA_D_1044414.flac,archive_(1)_ASVspoof2019_LA,audio,spoof,1,test,.flac
C:\Users\paruc\Downloads\archive (1)\LA\LA\ASVspoof2019_LA_dev\flac\LA_D_4621778.flac,archive_(1)_ASVspoof2019_LA,audio,bonafide,0,test,.flac
C:\Users\paruc\Downloads\archive (1)\LA\LA\ASVspoof2019_LA_dev\flac\LA_D_5445641.flac,archive_(1)_ASVspoof2019_LA,audio,bonafide,0,test,.flac
C:\Users\paruc\Downloads\archive (1)\LA\LA\ASVspoof2019_LA_dev\flac\LA_D_3706083.flac,archive_(1)_ASVspoof2019_LA,audio,bonafide,0,test,.flac
C:\Users\paruc\Downloads\archive (1)\LA\LA\ASVspoof2019_LA_dev\flac\LA_D_1819301.flac,archive_(1)_ASVspoof2019_LA,audio,bonafide,0,test,.flac
C:\Users\paruc\Downloads\archive (1)\LA\LA\ASVspoof2019_LA_dev\flac\LA_D_9167526.flac,archive_(1)_ASVspoof2019_LA,audio,spoof,1,test,.flac
C:\Users\paruc\Downloads\archive (1)\LA\LA\ASVspoof2019_LA_dev\flac\LA_D_6366562.flac,archive_(1)_ASVspoof2019_LA,audio,spoof,1,test,.flac
C:\Users\paruc\Downloads\archive (1)\LA\LA\ASVspoof2019_LA_dev\flac\LA_D_7948554.flac,archive_(1)_ASVspoof2019_LA,audio,bonafide,0,test,.flac
C:\Users\paruc\Downloads\archive (1)\LA\LA\ASVspoof2019_LA_dev\flac\LA_D_4148603.flac,archive_(1)_ASVspoof2019_LA,audio,bonafide,0,test,.flac
C:\Users\paruc\Downloads\archive (1)\LA\LA\ASVspoof2019_LA_dev\flac\LA_D_5162129.flac,archive_(1)_ASVspoof2019_LA,audio,bonafide,0,test,.flac
C:\Users\paruc\Downloads\archive (1)\LA\LA\ASVspoof2019_LA_dev\flac\LA_D_4017116.flac,archive_(1)_ASVspoof2019_LA,audio,spoof,1,test,.flac
C:\Users\paruc\Downloads\archive (1)\LA\LA\ASVspoof2019_LA_dev\flac\LA_D_7120318.flac,archive_(1)_ASVspoof2019_LA,audio,spoof,1,test,.flac
C:\Users\paruc\Downloads\archive (1)\LA\LA\ASVspoof2019_LA_dev\flac\LA_D_7382692.flac,archive_(1)_ASVspoof2019_LA,audio,spoof,1,test,.flac
C:\Users\paruc\Downloads\archive (1)\LA\LA\ASVspoof2019_LA_dev\flac\LA_D_3152935.flac,archive_(1)_ASVspoof2019_LA,audio,spoof,1,test,.flac
C:\Users\paruc\Downloads\archive (1)\LA\LA\ASVspoof2019_LA_dev\flac\LA_D_4310640.flac,archive_(1)_ASVspoof2019_LA,audio,spoof,1,test,.flac
C:\Users\paruc\Downloads\archive (1)\LA\LA\ASVspoof2019_LA_dev\flac\LA_D_4248918.flac,archive_(1)_ASVspoof2019_LA,audio,bonafide,0,test,.flac
C:\Users\paruc\Downloads\archive (1)\LA\LA\ASVspoof2019_LA_dev\flac\LA_D_5364410.flac,archive_(1)_ASVspoof2019_LA,audio,bonafide,0,test,.flac
C:\Users\paruc\Downloads\archive (1)\LA\LA\ASVspoof2019_LA_dev\flac\LA_D_1626346.flac,archive_(1)_ASVspoof2019_LA,audio,spoof,1,test,.flac
C:\Users\paruc\Downloads\archive (1)\LA\LA\ASVspoof2019_LA_dev\flac\LA_D_7249283.flac,archive_(1)_ASVspoof2019_LA,audio,spoof,1,test,.flac
C:\Users\paruc\Downloads\archive (1)\LA\LA\ASVspoof2019_LA_dev\flac\LA_D_5004432.flac,archive_(1)_ASVspoof2019_LA,audio,spoof,1,test,.flac
C:\Users\paruc\Downloads\archive (1)\LA\LA\ASVspoof2019_LA_dev\flac\LA_D_3760202.flac,archive_(1)_ASVspoof2019_LA,audio,bonafide,0,test,.flac
C:\Users\paruc\Downloads\archive (1)\LA\LA\ASVspoof2019_LA_dev\flac\LA_D_4988680.flac,archive_(1)_ASVspoof2019_LA,audio,bonafide,0,test,.flac
C:\Users\paruc\Downloads\archive (1)\LA\LA\ASVspoof2019_LA_dev\flac\LA_D_1556595.flac,archive_(1)_ASVspoof2019_LA,audio,bonafide,0,test,.flac
C:\Users\paruc\Downloads\archive (1)\LA\LA\ASVspoof2019_LA_dev\flac\LA_D_5170460.flac,archive_(1)_ASVspoof2019_LA,audio,spoof,1,test,.flac
C:\Users\paruc\Downloads\archive (1)\LA\LA\ASVspoof2019_LA_dev\flac\LA_D_7179593.flac,archive_(1)_ASVspoof2019_LA,audio,bonafide,0,test,.flac
C:\Users\paruc\Downloads\archive (1)\LA\LA\ASVspoof2019_LA_dev\flac\LA_D_3566699.flac,archive_(1)_ASVspoof2019_LA,audio,spoof,1,test,.flac
C:\Users\paruc\Downloads\archive (1)\LA\LA\ASVspoof2019_LA_dev\flac\LA_D_2123475.flac,archive_(1)_ASVspoof2019_LA,audio,spoof,1,test,.flac
C:\Users\paruc\Downloads\archive (1)\LA\LA\ASVspoof2019_LA_dev\flac\LA_D_4928308.flac,archive_(1)_ASVspoof2019_LA,audio,spoof,1,test,.flac
C:\Users\paruc\Downloads\archive (1)\LA\LA\ASVspoof2019_LA_dev\flac\LA_D_2140323.flac,archive_(1)_ASVspoof2019_LA,audio,bonafide,0,test,.flac
C:\Users\paruc\Downloads\archive (1)\LA\LA\ASVspoof2019_LA_dev\flac\LA_D_9869348.flac,archive_(1)_ASVspoof2019_LA,audio,bonafide,0,test,.flac
C:\Users\paruc\Downloads\archive (1)\LA\LA\ASVspoof2019_LA_dev\flac\LA_D_9513156.flac,archive_(1)_ASVspoof2019_LA,audio,bonafide,0,test,.flac
C:\Users\paruc\Downloads\archive (1)\LA\LA\ASVspoof2019_LA_dev\flac\LA_D_6368049.flac,archive_(1)_ASVspoof2019_LA,audio,bonafide,0,test,.flac
C:\Users\paruc\Downloads\archive (1)\LA\LA\ASVspoof2019_LA_dev\flac\LA_D_3509024.flac,archive_(1)_ASVspoof2019_LA,audio,spoof,1,test,.flac
C:\Users\paruc\Downloads\archive (1)\LA\LA\ASVspoof2019_LA_dev\flac\LA_D_9206303.flac,archive_(1)_ASVspoof2019_LA,audio,bonafide,0,test,.flac
C:\Users\paruc\Downloads\archive (1)\LA\LA\ASVspoof2019_LA_dev\flac\LA_D_2720668.flac,archive_(1)_ASVspoof2019_LA,audio,bonafide,0,test,.flac
C:\Users\paruc\Downloads\archive (1)\LA\LA\ASVspoof2019_LA_dev\flac\LA_D_6288751.flac,archive_(1)_ASVspoof2019_LA,audio,bonafide,0,test,.flac
C:\Users\paruc\Downloads\archive (1)\LA\LA\ASVspoof2019_LA_dev\flac\LA_D_9113299.flac,archive_(1)_ASVspoof2019_LA,audio,bonafide,0,test,.flac
C:\Users\paruc\Downloads\archive (1)\LA\LA\ASVspoof2019_LA_dev\flac\LA_D_1412552.flac,archive_(1)_ASVspoof2019_LA,audio,bonafide,0,test,.flac
C:\Users\paruc\Downloads\archive (1)\LA\LA\ASVspoof2019_LA_dev\flac\LA_D_2689404.flac,archive_(1)_ASVspoof2019_LA,audio,spoof,1,test,.flac
C:\Users\paruc\Downloads\archive (1)\LA\LA\ASVspoof2019_LA_dev\flac\LA_D_9801638.flac,archive_(1)_ASVspoof2019_LA,audio,spoof,1,test,.flac
C:\Users\paruc\Downloads\archive (1)\LA\LA\ASVspoof2019_LA_dev\flac\LA_D_1646348.flac,archive_(1)_ASVspoof2019_LA,audio,spoof,1,test,.flac
C:\Users\paruc\Downloads\archive (1)\LA\LA\ASVspoof2019_LA_dev\flac\LA_D_5654371.flac,archive_(1)_ASVspoof2019_LA,audio,spoof,1,test,.flac
C:\Users\paruc\Downloads\archive (1)\LA\LA\ASVspoof2019_LA_dev\flac\LA_D_8523156.flac,archive_(1)_ASVspoof2019_LA,audio,bonafide,0,test,.flac
C:\Users\paruc\Downloads\archive (1)\LA\LA\ASVspoof2019_LA_dev\flac\LA_D_1361417.flac,archive_(1)_ASVspoof2019_LA,audio,bonafide,0,test,.flac
C:\Users\paruc\Downloads\archive (1)\LA\LA\ASVspoof2019_LA_dev\flac\LA_D_1469404.flac,archive_(1)_ASVspoof2019_LA,audio,bonafide,0,test,.flac
C:\Users\paruc\Downloads\archive (1)\LA\LA\ASVspoof2019_LA_dev\flac\LA_D_2739363.flac,archive_(1)_ASVspoof2019_LA,audio,spoof,1,test,.flac
C:\Users\paruc\Downloads\archive (1)\LA\LA\ASVspoof2019_LA_dev\flac\LA_D_6355669.flac,archive_(1)_ASVspoof2019_LA,audio,bonafide,0,test,.flac
C:\Users\paruc\Downloads\archive (1)\LA\LA\ASVspoof2019_LA_dev\flac\LA_D_9190204.flac,archive_(1)_ASVspoof2019_LA,audio,spoof,1,test,.flac
C:\Users\paruc\Downloads\archive (1)\LA\LA\ASVspoof2019_LA_dev\flac\LA_D_6306347.flac,archive_(1)_ASVspoof2019_LA,audio,spoof,1,test,.flac
